-- MySQL dump 10.13  Distrib 8.0.23, for Win64 (x86_64)
--
-- Host: localhost    Database: facebook
-- ------------------------------------------------------
-- Server version	8.0.23

/*!40101 SET @OLD_CHARACTER_SET_CLIENT=@@CHARACTER_SET_CLIENT */;
/*!40101 SET @OLD_CHARACTER_SET_RESULTS=@@CHARACTER_SET_RESULTS */;
/*!40101 SET @OLD_COLLATION_CONNECTION=@@COLLATION_CONNECTION */;
/*!50503 SET NAMES utf8mb4 */;
/*!40103 SET @OLD_TIME_ZONE=@@TIME_ZONE */;
/*!40103 SET TIME_ZONE='+00:00' */;
/*!40014 SET @OLD_UNIQUE_CHECKS=@@UNIQUE_CHECKS, UNIQUE_CHECKS=0 */;
/*!40014 SET @OLD_FOREIGN_KEY_CHECKS=@@FOREIGN_KEY_CHECKS, FOREIGN_KEY_CHECKS=0 */;
/*!40101 SET @OLD_SQL_MODE=@@SQL_MODE, SQL_MODE='NO_AUTO_VALUE_ON_ZERO' */;
/*!40111 SET @OLD_SQL_NOTES=@@SQL_NOTES, SQL_NOTES=0 */;

--
-- Table structure for table `cities`
--

DROP TABLE IF EXISTS `cities`;
/*!40101 SET @saved_cs_client     = @@character_set_client */;
/*!50503 SET character_set_client = utf8mb4 */;
CREATE TABLE `cities` (
  `id` bigint unsigned NOT NULL AUTO_INCREMENT COMMENT 'Идентификатор строки',
  `name` varchar(130) NOT NULL COMMENT 'Город',
  `country_id` bigint unsigned NOT NULL COMMENT 'Ссылка на страну',
  `coordinate_id` bigint unsigned NOT NULL COMMENT 'Ссылка на географические координаты',
  `created_at` datetime DEFAULT CURRENT_TIMESTAMP COMMENT 'Время создания строки',
  `updated_at` datetime DEFAULT CURRENT_TIMESTAMP ON UPDATE CURRENT_TIMESTAMP COMMENT 'Время обновления строки',
  PRIMARY KEY (`id`),
  UNIQUE KEY `id` (`id`),
  KEY `country_id` (`country_id`),
  KEY `coordinate_id` (`coordinate_id`),
  KEY `cities_name_idx` (`name`),
  CONSTRAINT `cities_ibfk_1` FOREIGN KEY (`country_id`) REFERENCES `countries` (`id`),
  CONSTRAINT `cities_ibfk_2` FOREIGN KEY (`coordinate_id`) REFERENCES `coordinates` (`id`)
) ENGINE=InnoDB AUTO_INCREMENT=51 DEFAULT CHARSET=utf8mb4 COLLATE=utf8mb4_0900_ai_ci COMMENT='Города';
/*!40101 SET character_set_client = @saved_cs_client */;

--
-- Dumping data for table `cities`
--

LOCK TABLES `cities` WRITE;
/*!40000 ALTER TABLE `cities` DISABLE KEYS */;
INSERT INTO `cities` VALUES (1,'Port Donaldbury',1,1,'2019-02-06 00:34:13','2014-05-18 03:26:18'),(2,'West Hattiefort',2,2,'2013-07-08 12:55:10','2014-08-29 12:07:54'),(3,'New Carli',3,3,'2014-02-12 12:01:50','2018-05-14 22:09:39'),(4,'West Jensenside',4,4,'2012-10-05 14:35:20','2016-11-18 02:33:04'),(5,'Demarioland',5,5,'2016-06-15 07:49:58','2017-04-19 12:28:31'),(6,'Gusikowskiview',6,6,'2014-12-12 08:11:10','2017-07-29 19:19:20'),(7,'Marianaton',7,7,'2013-04-04 12:39:23','2015-09-05 12:31:36'),(8,'Streichhaven',8,8,'2019-03-15 21:22:52','2018-03-09 07:12:46'),(9,'New Lamontbury',9,9,'2017-08-21 15:52:47','2020-06-26 19:04:33'),(10,'East Christopher',10,10,'2012-09-16 02:05:01','2018-01-16 14:58:29'),(11,'Lucieborough',11,11,'2016-11-02 13:25:16','2016-09-15 17:02:36'),(12,'Letitiaside',12,12,'2018-02-04 14:47:59','2014-03-19 12:27:05'),(13,'Lake Abbigailview',13,13,'2018-08-09 18:12:15','2011-08-19 08:56:34'),(14,'South Harveymouth',14,14,'2015-01-19 11:45:27','2019-05-29 14:05:05'),(15,'Keeblermouth',15,15,'2020-06-02 20:12:04','2016-12-15 05:04:18'),(16,'Klingfort',16,16,'2011-06-23 17:39:54','2018-08-11 15:34:41'),(17,'Port Vestamouth',17,17,'2016-07-31 05:06:59','2020-01-01 18:51:48'),(18,'Mariannefort',18,18,'2019-06-03 18:50:10','2016-01-26 20:33:59'),(19,'South Carmelo',19,19,'2020-01-02 22:16:56','2011-11-02 17:32:03'),(20,'Port Keelyberg',20,20,'2012-02-25 04:29:20','2021-02-15 19:48:39'),(21,'Johnathantown',1,21,'2020-04-17 10:57:31','2017-02-02 23:12:58'),(22,'Leraborough',2,22,'2011-12-07 11:17:13','2011-06-21 04:09:33'),(23,'Gradyburgh',3,23,'2016-03-15 20:04:12','2015-03-23 18:30:15'),(24,'Purdytown',4,24,'2016-01-27 16:12:09','2012-05-26 11:54:49'),(25,'Medaside',5,25,'2013-02-21 05:00:49','2018-01-10 09:57:43'),(26,'West Joville',6,26,'2020-07-21 03:30:39','2013-08-05 23:49:50'),(27,'Tayaport',7,27,'2013-08-29 23:34:30','2015-05-09 18:10:31'),(28,'Lake Drake',8,28,'2015-01-05 17:43:25','2020-11-18 13:48:21'),(29,'South Deniston',9,29,'2020-07-13 02:44:01','2014-03-02 11:02:12'),(30,'New Juddfurt',10,30,'2013-09-19 03:37:23','2019-01-27 14:32:04'),(31,'Freidaborough',11,31,'2019-11-24 12:31:14','2019-06-13 19:00:36'),(32,'East Ravenview',12,32,'2012-11-06 17:12:22','2021-03-10 05:23:51'),(33,'South Wymanbury',13,33,'2013-02-08 19:11:10','2020-04-26 00:34:40'),(34,'Ahmedmouth',14,34,'2018-12-18 10:37:25','2018-05-07 03:25:27'),(35,'Evelinehaven',15,35,'2019-01-03 09:56:40','2015-07-30 23:52:34'),(36,'Abdultown',16,36,'2018-06-08 00:38:38','2012-11-19 18:11:31'),(37,'New Eduardo',17,37,'2013-03-14 19:39:23','2013-08-15 08:54:12'),(38,'Hyattfort',18,38,'2012-10-22 19:30:30','2014-10-21 22:08:23'),(39,'Marlinmouth',19,39,'2020-06-23 13:16:14','2015-04-03 08:34:53'),(40,'Easterborough',20,40,'2013-05-06 17:39:36','2012-04-10 04:10:01'),(41,'Port Ryley',1,41,'2013-09-19 04:35:45','2011-08-20 15:12:17'),(42,'North Tiaraville',2,42,'2018-01-18 02:42:21','2011-10-23 02:24:10'),(43,'Lake Darrell',3,43,'2020-10-17 00:22:54','2019-07-06 14:57:11'),(44,'Edgardoville',4,44,'2020-02-07 16:08:51','2019-08-18 10:37:41'),(45,'South Lorenberg',5,45,'2018-02-27 06:19:26','2012-05-01 04:50:19'),(46,'Clairemouth',6,46,'2012-08-18 20:50:49','2018-10-12 06:45:54'),(47,'Sporerport',7,47,'2017-10-01 13:13:44','2015-02-16 02:56:36'),(48,'Port Darrellside',8,48,'2015-09-02 09:51:18','2011-11-30 18:03:41'),(49,'Myrnahaven',9,49,'2012-09-01 08:58:35','2015-02-27 08:43:54'),(50,'West Eleanoreborough',10,50,'2014-06-12 12:55:07','2020-05-15 11:58:19');
/*!40000 ALTER TABLE `cities` ENABLE KEYS */;
UNLOCK TABLES;

--
-- Table structure for table `cities_live`
--

DROP TABLE IF EXISTS `cities_live`;
/*!40101 SET @saved_cs_client     = @@character_set_client */;
/*!50503 SET character_set_client = utf8mb4 */;
CREATE TABLE `cities_live` (
  `id` bigint unsigned NOT NULL AUTO_INCREMENT COMMENT 'Идентификатор строки',
  `user_id` bigint unsigned NOT NULL COMMENT 'Ссылка на пользователя',
  `city_id` bigint unsigned NOT NULL COMMENT 'Ссылка на город',
  `type_place` enum('city_born','live_now','relocate') DEFAULT NULL COMMENT 'родной город/живу сейчас/переезд',
  `date_relocate` datetime DEFAULT NULL COMMENT 'Дата переезда',
  PRIMARY KEY (`id`),
  UNIQUE KEY `id` (`id`),
  KEY `user_id` (`user_id`),
  KEY `city_id` (`city_id`),
  CONSTRAINT `cities_live_ibfk_1` FOREIGN KEY (`user_id`) REFERENCES `users` (`id`),
  CONSTRAINT `cities_live_ibfk_2` FOREIGN KEY (`city_id`) REFERENCES `cities` (`id`)
) ENGINE=InnoDB AUTO_INCREMENT=501 DEFAULT CHARSET=utf8mb4 COLLATE=utf8mb4_0900_ai_ci COMMENT='Места проживания';
/*!40101 SET character_set_client = @saved_cs_client */;

--
-- Dumping data for table `cities_live`
--

LOCK TABLES `cities_live` WRITE;
/*!40000 ALTER TABLE `cities_live` DISABLE KEYS */;
INSERT INTO `cities_live` VALUES (1,1,1,'city_born','2017-10-21 16:02:33'),(2,2,2,'relocate','2011-05-15 15:33:06'),(3,3,3,'relocate','2020-07-29 18:40:08'),(4,4,4,'relocate','2017-12-05 13:22:38'),(5,5,5,'relocate','2018-04-08 03:12:59'),(6,6,6,'relocate','2019-05-23 11:55:57'),(7,7,7,'relocate','2015-10-27 19:03:43'),(8,8,8,'relocate','2017-10-27 20:15:08'),(9,9,9,'relocate','2012-05-08 10:30:12'),(10,10,10,'relocate','2017-01-24 12:46:58'),(11,11,11,'relocate','2020-03-24 04:02:25'),(12,12,12,'relocate','2016-03-16 01:17:06'),(13,13,13,'relocate','2015-09-20 02:37:55'),(14,14,14,'relocate','2012-04-30 21:07:14'),(15,15,15,'relocate','2021-01-11 14:18:38'),(16,16,16,'relocate','2013-12-08 13:40:14'),(17,17,17,'relocate','2011-09-29 23:45:34'),(18,18,18,'relocate','2015-08-06 00:02:09'),(19,19,19,'relocate','2012-02-27 11:33:28'),(20,20,20,'relocate','2012-08-31 08:59:14'),(21,21,21,'relocate','2013-04-13 15:59:44'),(22,22,22,'relocate','2011-04-05 19:54:12'),(23,23,23,'relocate','2011-04-24 17:03:36'),(24,24,24,'relocate','2012-01-16 22:44:04'),(25,25,25,'relocate','2016-05-06 06:13:49'),(26,26,26,'relocate','2019-03-12 06:02:09'),(27,27,27,'relocate','2015-10-26 13:54:33'),(28,28,28,'relocate','2017-03-18 17:04:17'),(29,29,29,'relocate','2019-06-06 19:20:20'),(30,30,30,'relocate','2014-03-19 15:17:25'),(31,31,31,'relocate','2019-05-16 21:40:58'),(32,32,32,'relocate','2021-01-06 10:00:38'),(33,33,33,'relocate','2016-07-28 22:44:53'),(34,34,34,'relocate','2012-01-08 07:02:24'),(35,35,35,'relocate','2015-11-08 21:50:17'),(36,36,36,'relocate','2018-08-30 17:39:41'),(37,37,37,'relocate','2019-12-21 06:56:22'),(38,38,38,'relocate','2015-01-25 04:18:37'),(39,39,39,'relocate','2015-10-13 15:47:31'),(40,40,40,'relocate','2017-07-24 17:00:24'),(41,41,41,'relocate','2019-12-14 21:29:03'),(42,42,42,'relocate','2016-08-01 09:07:31'),(43,43,43,'relocate','2016-10-15 07:32:08'),(44,44,44,'relocate','2015-12-15 23:31:00'),(45,45,45,'relocate','2011-06-30 22:50:07'),(46,46,46,'relocate','2015-11-11 01:47:07'),(47,47,47,'relocate','2011-12-28 13:27:31'),(48,48,48,'relocate','2013-10-25 02:56:34'),(49,49,49,'relocate','2011-10-22 09:12:14'),(50,50,50,'relocate','2012-06-23 08:09:43'),(51,51,1,'relocate','2011-03-29 13:52:49'),(52,52,2,'relocate','2019-02-07 16:59:51'),(53,53,3,'relocate','2013-11-30 10:29:52'),(54,54,4,'relocate','2020-07-06 01:59:36'),(55,55,5,'relocate','2017-05-01 18:36:03'),(56,56,6,'relocate','2015-07-29 12:45:21'),(57,57,7,'relocate','2012-02-19 17:10:05'),(58,58,8,'relocate','2014-03-24 22:31:00'),(59,59,9,'relocate','2013-10-30 02:40:37'),(60,60,10,'relocate','2017-01-20 13:46:32'),(61,61,11,'relocate','2015-06-17 19:24:04'),(62,62,12,'relocate','2015-05-05 19:25:35'),(63,63,13,'relocate','2015-10-29 07:03:36'),(64,64,14,'relocate','2015-09-27 11:37:16'),(65,65,15,'relocate','2015-01-12 09:50:30'),(66,66,16,'relocate','2020-03-10 19:08:37'),(67,67,17,'relocate','2014-10-16 01:20:02'),(68,68,18,'relocate','2020-04-24 07:09:14'),(69,69,19,'relocate','2011-05-05 10:48:29'),(70,70,20,'relocate','2011-05-22 18:56:16'),(71,71,21,'relocate','2020-09-08 01:38:40'),(72,72,22,'relocate','2015-04-05 01:43:07'),(73,73,23,'relocate','2016-08-29 08:48:38'),(74,74,24,'relocate','2013-09-22 02:42:14'),(75,75,25,'relocate','2019-04-24 21:54:21'),(76,76,26,'relocate','2019-02-11 16:13:06'),(77,77,27,'relocate','2015-05-10 11:12:27'),(78,78,28,'relocate','2021-01-20 00:50:25'),(79,79,29,'relocate','2015-10-01 22:05:50'),(80,80,30,'relocate','2017-07-28 09:20:43'),(81,81,31,'relocate','2014-01-18 00:38:39'),(82,82,32,'relocate','2013-11-04 12:13:33'),(83,83,33,'relocate','2014-05-11 06:43:11'),(84,84,34,'relocate','2020-04-23 00:36:02'),(85,85,35,'relocate','2014-04-25 02:50:00'),(86,86,36,'relocate','2017-11-10 00:47:59'),(87,87,37,'relocate','2013-04-10 12:43:54'),(88,88,38,'relocate','2011-12-27 07:08:41'),(89,89,39,'relocate','2018-09-03 23:28:36'),(90,90,40,'relocate','2015-07-22 22:51:49'),(91,91,41,'relocate','2013-04-18 00:21:36'),(92,92,42,'relocate','2013-06-15 23:37:27'),(93,93,43,'relocate','2018-08-22 07:53:12'),(94,94,44,'relocate','2011-04-25 20:05:02'),(95,95,45,'relocate','2012-02-29 13:41:38'),(96,96,46,'relocate','2013-06-03 22:19:28'),(97,97,47,'relocate','2014-08-30 19:32:35'),(98,98,48,'relocate','2012-11-30 12:02:13'),(99,99,49,'relocate','2012-01-25 19:40:51'),(100,100,50,'relocate','2016-02-01 18:42:29'),(101,1,1,'relocate','2014-04-10 02:42:07'),(102,2,2,'relocate','2018-04-09 18:46:08'),(103,3,3,'relocate','2016-06-20 22:31:56'),(104,4,4,'relocate','2015-04-15 06:55:09'),(105,5,5,'relocate','2013-12-13 19:17:11'),(106,6,6,'relocate','2018-06-27 11:37:53'),(107,7,7,'relocate','2020-07-30 19:54:22'),(108,8,8,'relocate','2014-01-28 19:22:32'),(109,9,9,'relocate','2019-12-20 08:47:24'),(110,10,10,'relocate','2020-06-28 09:01:47'),(111,11,11,'relocate','2018-04-17 02:28:09'),(112,12,12,'relocate','2012-04-22 00:07:58'),(113,13,13,'relocate','2015-01-03 08:43:58'),(114,14,14,'relocate','2020-07-14 19:20:18'),(115,15,15,'relocate','2011-08-06 20:46:02'),(116,16,16,'relocate','2016-11-07 09:57:17'),(117,17,17,'relocate','2015-09-10 02:15:56'),(118,18,18,'relocate','2020-11-20 18:43:59'),(119,19,19,'relocate','2016-10-31 22:22:53'),(120,20,20,'relocate','2020-08-31 04:42:36'),(121,21,21,'relocate','2020-04-25 22:51:36'),(122,22,22,'relocate','2014-10-28 23:22:43'),(123,23,23,'relocate','2013-06-18 09:11:38'),(124,24,24,'relocate','2014-11-29 06:28:05'),(125,25,25,'relocate','2014-03-10 14:49:53'),(126,26,26,'relocate','2016-02-29 23:04:12'),(127,27,27,'relocate','2017-08-30 03:39:08'),(128,28,28,'relocate','2018-10-31 07:42:44'),(129,29,29,'relocate','2012-02-23 05:48:37'),(130,30,30,'relocate','2016-01-12 03:14:03'),(131,31,31,'relocate','2014-02-12 01:35:05'),(132,32,32,'relocate','2019-12-07 04:16:00'),(133,33,33,'relocate','2019-09-01 04:19:01'),(134,34,34,'relocate','2020-08-10 19:38:07'),(135,35,35,'relocate','2015-11-15 23:30:31'),(136,36,36,'relocate','2014-11-19 18:25:40'),(137,37,37,'relocate','2013-11-23 15:18:44'),(138,38,38,'relocate','2021-03-01 09:52:17'),(139,39,39,'relocate','2014-08-11 19:50:33'),(140,40,40,'relocate','2014-03-13 21:28:22'),(141,41,41,'relocate','2017-12-15 08:24:32'),(142,42,42,'relocate','2015-08-20 22:36:35'),(143,43,43,'relocate','2021-02-14 15:00:48'),(144,44,44,'relocate','2019-12-21 09:31:13'),(145,45,45,'relocate','2015-11-20 16:49:32'),(146,46,46,'relocate','2016-01-22 20:48:27'),(147,47,47,'relocate','2014-08-16 09:52:15'),(148,48,48,'relocate','2011-06-22 20:43:59'),(149,49,49,'relocate','2016-08-09 06:45:59'),(150,50,50,'relocate','2017-10-07 22:47:18'),(151,51,1,'relocate','2017-06-20 21:34:02'),(152,52,2,'relocate','2020-08-14 15:14:15'),(153,53,3,'relocate','2017-03-18 13:28:57'),(154,54,4,'relocate','2013-12-26 04:33:03'),(155,55,5,'relocate','2016-09-24 07:32:51'),(156,56,6,'relocate','2013-03-13 18:52:00'),(157,57,7,'relocate','2020-05-07 01:01:58'),(158,58,8,'relocate','2015-04-08 05:56:14'),(159,59,9,'relocate','2017-06-05 10:52:35'),(160,60,10,'relocate','2012-04-22 03:19:52'),(161,61,11,'relocate','2017-10-13 20:08:53'),(162,62,12,'relocate','2013-07-06 13:55:06'),(163,63,13,'relocate','2011-06-30 13:02:19'),(164,64,14,'relocate','2018-10-18 00:58:39'),(165,65,15,'relocate','2018-05-08 00:46:14'),(166,66,16,'relocate','2012-07-12 04:20:15'),(167,67,17,'relocate','2020-01-14 13:11:25'),(168,68,18,'relocate','2013-06-03 04:28:00'),(169,69,19,'relocate','2016-06-12 08:41:45'),(170,70,20,'relocate','2011-09-05 11:31:39'),(171,71,21,'relocate','2017-07-01 02:28:46'),(172,72,22,'relocate','2020-05-19 16:02:09'),(173,73,23,'relocate','2020-10-07 13:39:57'),(174,74,24,'relocate','2017-10-29 08:18:54'),(175,75,25,'relocate','2013-05-24 09:40:22'),(176,76,26,'relocate','2019-03-04 16:43:33'),(177,77,27,'relocate','2017-01-14 03:18:38'),(178,78,28,'relocate','2019-06-15 20:41:14'),(179,79,29,'relocate','2021-01-21 12:56:20'),(180,80,30,'relocate','2014-02-13 14:55:45'),(181,81,31,'relocate','2015-12-11 18:09:24'),(182,82,32,'relocate','2017-06-04 10:35:03'),(183,83,33,'relocate','2012-08-08 21:01:07'),(184,84,34,'relocate','2016-01-16 23:36:38'),(185,85,35,'relocate','2016-11-01 09:10:59'),(186,86,36,'relocate','2014-10-18 23:33:44'),(187,87,37,'relocate','2019-05-18 18:10:01'),(188,88,38,'relocate','2011-06-20 06:17:19'),(189,89,39,'relocate','2012-12-25 16:27:30'),(190,90,40,'relocate','2019-03-17 12:06:05'),(191,91,41,'relocate','2019-08-26 09:44:25'),(192,92,42,'relocate','2019-05-16 20:03:36'),(193,93,43,'relocate','2020-09-12 22:12:46'),(194,94,44,'relocate','2020-03-14 10:29:15'),(195,95,45,'relocate','2017-07-02 15:33:54'),(196,96,46,'relocate','2011-12-21 06:20:52'),(197,97,47,'relocate','2017-02-13 13:36:16'),(198,98,48,'relocate','2016-10-04 23:25:33'),(199,99,49,'relocate','2011-09-23 00:56:59'),(200,100,50,'relocate','2018-03-06 17:21:19'),(201,1,1,'relocate','2014-05-13 04:50:36'),(202,2,2,'relocate','2017-08-17 23:14:49'),(203,3,3,'relocate','2017-08-11 20:02:42'),(204,4,4,'relocate','2017-08-23 23:35:35'),(205,5,5,'relocate','2018-11-26 20:53:53'),(206,6,6,'relocate','2012-05-26 15:27:20'),(207,7,7,'relocate','2011-12-18 23:59:23'),(208,8,8,'relocate','2014-10-03 09:53:22'),(209,9,9,'relocate','2015-12-26 02:38:23'),(210,10,10,'relocate','2012-01-15 19:45:23'),(211,11,11,'relocate','2015-09-30 10:04:00'),(212,12,12,'relocate','2013-12-28 22:29:33'),(213,13,13,'relocate','2014-02-13 13:33:48'),(214,14,14,'relocate','2017-04-03 14:54:24'),(215,15,15,'relocate','2016-09-14 23:47:54'),(216,16,16,'relocate','2013-02-12 21:20:30'),(217,17,17,'relocate','2020-04-01 09:50:36'),(218,18,18,'relocate','2016-08-02 02:00:47'),(219,19,19,'relocate','2019-06-24 13:35:38'),(220,20,20,'relocate','2016-10-17 13:56:21'),(221,21,21,'relocate','2019-11-10 13:00:56'),(222,22,22,'relocate','2011-05-27 05:45:30'),(223,23,23,'relocate','2014-06-09 12:59:00'),(224,24,24,'relocate','2013-10-22 23:59:44'),(225,25,25,'relocate','2020-01-03 07:03:17'),(226,26,26,'relocate','2015-06-05 02:21:59'),(227,27,27,'relocate','2019-05-07 23:18:13'),(228,28,28,'relocate','2021-01-22 01:34:01'),(229,29,29,'relocate','2015-04-26 00:14:47'),(230,30,30,'relocate','2018-12-17 08:22:47'),(231,31,31,'relocate','2014-01-05 22:31:31'),(232,32,32,'relocate','2015-10-29 08:05:19'),(233,33,33,'relocate','2019-11-10 08:59:00'),(234,34,34,'relocate','2014-07-17 20:23:27'),(235,35,35,'relocate','2019-01-30 06:31:59'),(236,36,36,'relocate','2011-07-11 07:13:34'),(237,37,37,'relocate','2019-10-19 02:02:51'),(238,38,38,'relocate','2011-04-16 01:32:29'),(239,39,39,'relocate','2015-05-10 01:38:49'),(240,40,40,'relocate','2017-03-15 17:37:02'),(241,41,41,'relocate','2012-12-05 11:43:06'),(242,42,42,'relocate','2012-04-20 08:32:43'),(243,43,43,'relocate','2014-08-06 03:05:08'),(244,44,44,'relocate','2015-03-04 17:41:05'),(245,45,45,'relocate','2019-06-05 22:30:30'),(246,46,46,'relocate','2018-04-30 08:19:29'),(247,47,47,'relocate','2019-03-29 17:41:14'),(248,48,48,'relocate','2019-12-29 09:36:51'),(249,49,49,'relocate','2011-08-08 17:22:41'),(250,50,50,'relocate','2014-07-28 16:08:39'),(251,51,1,'relocate','2011-06-16 07:30:37'),(252,52,2,'relocate','2021-02-27 09:53:46'),(253,53,3,'relocate','2016-08-06 02:38:42'),(254,54,4,'relocate','2013-01-07 11:21:12'),(255,55,5,'relocate','2013-02-12 16:36:35'),(256,56,6,'relocate','2016-08-08 06:54:09'),(257,57,7,'relocate','2019-04-14 20:02:45'),(258,58,8,'relocate','2014-11-30 05:01:16'),(259,59,9,'relocate','2016-04-08 11:47:08'),(260,60,10,'relocate','2021-01-08 04:02:37'),(261,61,11,'relocate','2018-03-10 12:04:58'),(262,62,12,'relocate','2016-01-04 23:41:44'),(263,63,13,'relocate','2014-04-13 09:34:58'),(264,64,14,'relocate','2016-12-29 01:31:51'),(265,65,15,'relocate','2012-05-01 09:42:19'),(266,66,16,'relocate','2014-12-27 09:37:58'),(267,67,17,'relocate','2014-05-10 22:05:09'),(268,68,18,'relocate','2013-09-15 11:21:30'),(269,69,19,'relocate','2017-11-01 20:00:26'),(270,70,20,'relocate','2012-08-16 22:16:46'),(271,71,21,'relocate','2012-06-10 16:45:03'),(272,72,22,'relocate','2018-05-20 04:25:02'),(273,73,23,'relocate','2012-09-28 13:41:40'),(274,74,24,'relocate','2020-11-04 08:08:10'),(275,75,25,'relocate','2021-01-21 20:31:06'),(276,76,26,'relocate','2013-04-27 09:31:43'),(277,77,27,'relocate','2011-09-23 18:21:53'),(278,78,28,'relocate','2013-04-28 20:25:05'),(279,79,29,'relocate','2016-01-27 07:53:50'),(280,80,30,'relocate','2017-05-18 19:35:08'),(281,81,31,'relocate','2016-07-12 10:34:43'),(282,82,32,'relocate','2017-06-11 01:27:10'),(283,83,33,'relocate','2017-12-04 23:17:06'),(284,84,34,'relocate','2011-05-24 22:19:55'),(285,85,35,'relocate','2011-10-15 11:54:01'),(286,86,36,'relocate','2018-07-10 21:49:36'),(287,87,37,'relocate','2013-02-07 09:04:22'),(288,88,38,'relocate','2020-03-18 08:25:32'),(289,89,39,'relocate','2014-01-29 17:37:09'),(290,90,40,'relocate','2019-10-07 00:29:54'),(291,91,41,'relocate','2020-08-29 20:19:02'),(292,92,42,'relocate','2014-07-07 22:13:33'),(293,93,43,'relocate','2014-07-13 03:57:09'),(294,94,44,'relocate','2011-04-29 06:25:01'),(295,95,45,'relocate','2011-10-16 14:04:12'),(296,96,46,'relocate','2013-12-23 13:58:17'),(297,97,47,'relocate','2017-04-22 08:00:31'),(298,98,48,'relocate','2012-09-13 22:20:39'),(299,99,49,'relocate','2011-06-20 18:11:31'),(300,100,50,'relocate','2012-01-03 20:19:19'),(301,1,1,'relocate','2018-10-15 12:35:47'),(302,2,2,'relocate','2014-06-03 22:57:10'),(303,3,3,'relocate','2014-12-05 17:36:52'),(304,4,4,'relocate','2012-04-16 19:22:23'),(305,5,5,'relocate','2016-09-04 03:31:06'),(306,6,6,'relocate','2013-08-30 16:38:56'),(307,7,7,'relocate','2015-10-04 16:32:13'),(308,8,8,'relocate','2019-02-25 05:13:59'),(309,9,9,'relocate','2015-02-09 12:07:40'),(310,10,10,'relocate','2017-04-20 07:56:52'),(311,11,11,'relocate','2012-02-01 06:12:52'),(312,12,12,'relocate','2020-01-13 13:07:44'),(313,13,13,'relocate','2013-01-28 11:38:10'),(314,14,14,'relocate','2015-06-14 12:19:53'),(315,15,15,'relocate','2018-03-31 15:06:27'),(316,16,16,'relocate','2020-04-22 11:22:11'),(317,17,17,'relocate','2011-10-14 01:35:00'),(318,18,18,'relocate','2015-02-11 17:15:48'),(319,19,19,'relocate','2016-12-18 00:14:46'),(320,20,20,'relocate','2016-11-20 09:56:05'),(321,21,21,'relocate','2017-03-30 18:16:48'),(322,22,22,'relocate','2015-09-29 03:29:45'),(323,23,23,'relocate','2016-09-08 06:48:27'),(324,24,24,'relocate','2018-07-16 04:05:06'),(325,25,25,'relocate','2020-08-04 05:17:29'),(326,26,26,'relocate','2016-10-31 15:21:54'),(327,27,27,'relocate','2015-11-10 14:34:07'),(328,28,28,'relocate','2014-05-21 15:32:32'),(329,29,29,'relocate','2014-04-12 07:29:06'),(330,30,30,'relocate','2012-08-15 10:44:39'),(331,31,31,'relocate','2015-02-03 11:38:30'),(332,32,32,'relocate','2014-04-21 13:31:11'),(333,33,33,'relocate','2013-07-12 17:15:25'),(334,34,34,'relocate','2012-06-20 18:26:41'),(335,35,35,'relocate','2011-07-14 22:08:34'),(336,36,36,'relocate','2012-01-16 18:19:53'),(337,37,37,'relocate','2014-03-05 11:39:14'),(338,38,38,'relocate','2012-05-15 07:12:13'),(339,39,39,'relocate','2020-12-25 14:17:05'),(340,40,40,'relocate','2012-02-23 10:10:33'),(341,41,41,'relocate','2014-10-14 05:56:07'),(342,42,42,'relocate','2018-10-19 09:08:57'),(343,43,43,'relocate','2013-04-24 23:37:38'),(344,44,44,'relocate','2015-02-25 21:10:10'),(345,45,45,'relocate','2019-06-18 14:53:23'),(346,46,46,'relocate','2013-03-01 09:28:37'),(347,47,47,'relocate','2019-01-07 09:02:42'),(348,48,48,'relocate','2019-08-01 05:05:12'),(349,49,49,'relocate','2015-09-01 22:30:53'),(350,50,50,'relocate','2016-11-25 01:33:21'),(351,51,1,'relocate','2014-04-14 10:06:01'),(352,52,2,'relocate','2017-10-10 13:25:11'),(353,53,3,'relocate','2018-10-15 16:58:04'),(354,54,4,'relocate','2013-08-10 06:13:16'),(355,55,5,'relocate','2019-06-22 15:44:37'),(356,56,6,'relocate','2015-09-08 19:42:11'),(357,57,7,'relocate','2016-04-09 05:09:23'),(358,58,8,'relocate','2019-12-07 20:29:18'),(359,59,9,'relocate','2019-11-11 15:51:30'),(360,60,10,'relocate','2015-09-03 20:55:17'),(361,61,11,'relocate','2012-04-30 12:03:45'),(362,62,12,'relocate','2017-12-09 19:19:50'),(363,63,13,'relocate','2011-05-22 07:34:54'),(364,64,14,'relocate','2012-08-05 07:39:35'),(365,65,15,'relocate','2016-04-09 05:57:34'),(366,66,16,'relocate','2014-05-13 03:40:34'),(367,67,17,'relocate','2016-04-18 16:06:13'),(368,68,18,'relocate','2020-02-06 12:43:30'),(369,69,19,'relocate','2015-07-11 20:39:28'),(370,70,20,'relocate','2013-04-08 21:05:00'),(371,71,21,'relocate','2021-02-13 22:34:37'),(372,72,22,'relocate','2017-08-29 19:56:33'),(373,73,23,'relocate','2020-02-04 18:25:14'),(374,74,24,'relocate','2014-02-18 23:40:24'),(375,75,25,'relocate','2020-07-22 11:02:04'),(376,76,26,'relocate','2013-03-01 20:43:30'),(377,77,27,'relocate','2015-11-15 02:14:35'),(378,78,28,'relocate','2019-12-20 14:31:06'),(379,79,29,'relocate','2020-12-01 22:42:07'),(380,80,30,'relocate','2011-07-18 16:02:07'),(381,81,31,'relocate','2020-11-07 22:08:01'),(382,82,32,'relocate','2019-04-18 12:35:23'),(383,83,33,'relocate','2016-08-24 04:51:27'),(384,84,34,'relocate','2014-07-09 06:03:53'),(385,85,35,'relocate','2017-07-14 07:00:00'),(386,86,36,'relocate','2018-11-21 16:21:25'),(387,87,37,'relocate','2011-11-08 09:12:44'),(388,88,38,'relocate','2015-07-11 18:07:26'),(389,89,39,'relocate','2011-08-27 05:27:45'),(390,90,40,'relocate','2013-11-15 12:47:34'),(391,91,41,'relocate','2016-01-31 03:11:33'),(392,92,42,'relocate','2012-08-13 03:26:11'),(393,93,43,'relocate','2016-10-26 09:26:39'),(394,94,44,'relocate','2020-12-18 10:50:55'),(395,95,45,'relocate','2015-11-25 23:55:29'),(396,96,46,'relocate','2011-08-26 14:59:39'),(397,97,47,'relocate','2020-09-28 01:43:46'),(398,98,48,'relocate','2014-05-27 16:01:53'),(399,99,49,'relocate','2016-04-24 12:40:57'),(400,100,50,'relocate','2017-08-12 00:02:31'),(401,1,1,'live_now','2016-11-02 01:26:02'),(402,2,2,'relocate','2012-07-12 18:12:10'),(403,3,3,'relocate','2015-05-16 20:10:00'),(404,4,4,'relocate','2013-01-08 05:18:18'),(405,5,5,'relocate','2016-03-22 11:49:31'),(406,6,6,'relocate','2014-08-31 14:54:41'),(407,7,7,'relocate','2020-09-10 09:29:57'),(408,8,8,'relocate','2011-04-19 23:51:09'),(409,9,9,'relocate','2014-03-10 06:43:49'),(410,10,10,'relocate','2016-04-10 04:41:18'),(411,11,11,'relocate','2015-08-06 18:38:35'),(412,12,12,'relocate','2015-03-20 14:21:42'),(413,13,13,'relocate','2019-09-16 14:01:09'),(414,14,14,'relocate','2018-03-06 03:29:06'),(415,15,15,'relocate','2015-09-04 10:36:43'),(416,16,16,'relocate','2012-04-25 09:09:38'),(417,17,17,'relocate','2014-05-07 13:28:57'),(418,18,18,'relocate','2013-01-22 02:05:13'),(419,19,19,'relocate','2017-08-30 02:43:41'),(420,20,20,'relocate','2019-04-16 19:37:42'),(421,21,21,'relocate','2017-04-05 07:37:15'),(422,22,22,'relocate','2019-10-10 17:28:18'),(423,23,23,'relocate','2019-05-08 18:09:55'),(424,24,24,'relocate','2013-02-16 07:45:26'),(425,25,25,'relocate','2015-09-06 10:34:52'),(426,26,26,'relocate','2013-12-01 23:34:29'),(427,27,27,'relocate','2012-12-10 03:54:26'),(428,28,28,'relocate','2013-03-25 13:18:23'),(429,29,29,'relocate','2020-10-10 14:49:27'),(430,30,30,'relocate','2013-12-04 02:59:00'),(431,31,31,'relocate','2020-07-16 08:18:20'),(432,32,32,'relocate','2018-10-15 02:01:20'),(433,33,33,'relocate','2021-03-02 01:06:38'),(434,34,34,'relocate','2013-01-26 00:23:26'),(435,35,35,'relocate','2015-10-14 00:04:58'),(436,36,36,'relocate','2013-07-08 03:32:07'),(437,37,37,'relocate','2011-09-11 23:41:07'),(438,38,38,'relocate','2020-08-21 19:00:07'),(439,39,39,'relocate','2020-11-17 07:08:00'),(440,40,40,'relocate','2011-12-24 07:10:22'),(441,41,41,'relocate','2012-06-07 00:04:42'),(442,42,42,'relocate','2020-12-07 06:05:13'),(443,43,43,'relocate','2020-06-08 10:28:52'),(444,44,44,'relocate','2012-10-28 20:00:07'),(445,45,45,'relocate','2013-09-26 18:43:52'),(446,46,46,'relocate','2018-03-05 06:26:49'),(447,47,47,'relocate','2013-10-05 10:29:47'),(448,48,48,'relocate','2016-04-14 20:57:00'),(449,49,49,'relocate','2013-07-30 23:07:24'),(450,50,50,'relocate','2016-08-07 01:31:01'),(451,51,1,'relocate','2018-12-27 22:30:30'),(452,52,2,'relocate','2020-02-25 05:11:37'),(453,53,3,'relocate','2016-06-03 08:35:55'),(454,54,4,'relocate','2012-07-21 05:02:07'),(455,55,5,'relocate','2020-01-07 20:38:01'),(456,56,6,'relocate','2014-06-12 06:04:29'),(457,57,7,'relocate','2015-08-08 20:19:15'),(458,58,8,'relocate','2015-04-08 00:42:01'),(459,59,9,'relocate','2018-10-08 17:58:02'),(460,60,10,'relocate','2013-03-08 12:16:57'),(461,61,11,'relocate','2015-03-11 06:19:52'),(462,62,12,'relocate','2019-10-30 22:41:40'),(463,63,13,'relocate','2015-01-21 19:13:18'),(464,64,14,'relocate','2021-02-18 19:25:35'),(465,65,15,'relocate','2013-07-23 11:06:05'),(466,66,16,'relocate','2013-04-21 11:56:36'),(467,67,17,'relocate','2019-01-19 09:02:49'),(468,68,18,'relocate','2018-10-28 05:44:50'),(469,69,19,'relocate','2012-11-27 12:19:04'),(470,70,20,'relocate','2016-03-22 13:56:11'),(471,71,21,'relocate','2021-03-01 04:54:03'),(472,72,22,'relocate','2015-06-17 20:14:24'),(473,73,23,'relocate','2012-02-05 03:00:50'),(474,74,24,'relocate','2018-02-16 06:24:06'),(475,75,25,'relocate','2016-11-07 08:27:01'),(476,76,26,'relocate','2018-10-30 21:01:47'),(477,77,27,'relocate','2014-01-12 10:43:27'),(478,78,28,'relocate','2014-10-20 08:47:00'),(479,79,29,'relocate','2020-11-09 20:40:55'),(480,80,30,'relocate','2019-01-09 08:40:32'),(481,81,31,'relocate','2014-07-27 14:49:45'),(482,82,32,'relocate','2013-10-16 00:27:58'),(483,83,33,'relocate','2015-10-13 22:49:38'),(484,84,34,'relocate','2015-03-20 17:28:46'),(485,85,35,'relocate','2017-05-08 00:27:39'),(486,86,36,'relocate','2017-07-03 13:35:14'),(487,87,37,'relocate','2015-07-09 12:51:37'),(488,88,38,'relocate','2019-07-21 12:18:09'),(489,89,39,'relocate','2020-01-02 07:29:30'),(490,90,40,'relocate','2018-04-05 07:52:46'),(491,91,41,'relocate','2015-05-01 08:46:48'),(492,92,42,'relocate','2015-02-24 10:46:25'),(493,93,43,'relocate','2018-07-22 09:59:32'),(494,94,44,'relocate','2019-10-23 12:48:49'),(495,95,45,'relocate','2011-05-23 09:35:16'),(496,96,46,'relocate','2018-08-18 18:46:18'),(497,97,47,'relocate','2013-08-28 19:33:58'),(498,98,48,'relocate','2014-01-16 22:49:55'),(499,99,49,'relocate','2012-05-04 18:18:40'),(500,100,50,'relocate','2014-11-15 15:08:48');
/*!40000 ALTER TABLE `cities_live` ENABLE KEYS */;
UNLOCK TABLES;
/*!50003 SET @saved_cs_client      = @@character_set_client */ ;
/*!50003 SET @saved_cs_results     = @@character_set_results */ ;
/*!50003 SET @saved_col_connection = @@collation_connection */ ;
/*!50003 SET character_set_client  = utf8mb4 */ ;
/*!50003 SET character_set_results = utf8mb4 */ ;
/*!50003 SET collation_connection  = utf8mb4_0900_ai_ci */ ;
/*!50003 SET @saved_sql_mode       = @@sql_mode */ ;
/*!50003 SET sql_mode              = 'STRICT_TRANS_TABLES,NO_ENGINE_SUBSTITUTION' */ ;
DELIMITER ;;
/*!50003 CREATE*/ /*!50017 DEFINER=`root`@`localhost`*/ /*!50003 TRIGGER `cities_live_insert_check` BEFORE INSERT ON `cities_live` FOR EACH ROW BEGIN 
	IF NEW.type_place = 'city_born' OR NEW.type_place = 'live_now' THEN
  		IF (SELECT count(*) FROM cities_live WHERE id != NEW.id AND type_place = NEW.type_place) > 0 THEN 
			SET NEW.type_place = 'relocate';
		END IF;
	END IF;
END */;;
DELIMITER ;
/*!50003 SET sql_mode              = @saved_sql_mode */ ;
/*!50003 SET character_set_client  = @saved_cs_client */ ;
/*!50003 SET character_set_results = @saved_cs_results */ ;
/*!50003 SET collation_connection  = @saved_col_connection */ ;
/*!50003 SET @saved_cs_client      = @@character_set_client */ ;
/*!50003 SET @saved_cs_results     = @@character_set_results */ ;
/*!50003 SET @saved_col_connection = @@collation_connection */ ;
/*!50003 SET character_set_client  = utf8mb4 */ ;
/*!50003 SET character_set_results = utf8mb4 */ ;
/*!50003 SET collation_connection  = utf8mb4_0900_ai_ci */ ;
/*!50003 SET @saved_sql_mode       = @@sql_mode */ ;
/*!50003 SET sql_mode              = 'STRICT_TRANS_TABLES,NO_ENGINE_SUBSTITUTION' */ ;
DELIMITER ;;
/*!50003 CREATE*/ /*!50017 DEFINER=`root`@`localhost`*/ /*!50003 TRIGGER `cities_live_update_check` BEFORE UPDATE ON `cities_live` FOR EACH ROW BEGIN 
	IF NEW.type_place = 'city_born' OR NEW.type_place = 'live_now' THEN
  		IF (SELECT count(*) FROM cities_live WHERE id != NEW.id AND type_place = NEW.type_place) > 0 THEN 
			SET NEW.type_place = 'relocate';
		END IF;
	END IF;
END */;;
DELIMITER ;
/*!50003 SET sql_mode              = @saved_sql_mode */ ;
/*!50003 SET character_set_client  = @saved_cs_client */ ;
/*!50003 SET character_set_results = @saved_cs_results */ ;
/*!50003 SET collation_connection  = @saved_col_connection */ ;

--
-- Table structure for table `communities`
--

DROP TABLE IF EXISTS `communities`;
/*!40101 SET @saved_cs_client     = @@character_set_client */;
/*!50503 SET character_set_client = utf8mb4 */;
CREATE TABLE `communities` (
  `id` bigint unsigned NOT NULL AUTO_INCREMENT COMMENT 'Идентификатор строки',
  `owner_id` bigint unsigned NOT NULL COMMENT 'Ссылка на владельца (организатора) группы',
  `name` varchar(150) NOT NULL COMMENT 'Название группы',
  `created_at` datetime DEFAULT CURRENT_TIMESTAMP COMMENT 'Время создания строки',
  `updated_at` datetime DEFAULT CURRENT_TIMESTAMP ON UPDATE CURRENT_TIMESTAMP COMMENT 'Время обновления строки',
  PRIMARY KEY (`id`),
  UNIQUE KEY `id` (`id`),
  UNIQUE KEY `name` (`name`),
  KEY `owner_id` (`owner_id`),
  CONSTRAINT `communities_ibfk_1` FOREIGN KEY (`owner_id`) REFERENCES `users` (`id`)
) ENGINE=InnoDB AUTO_INCREMENT=22 DEFAULT CHARSET=utf8mb4 COLLATE=utf8mb4_0900_ai_ci COMMENT='Группы';
/*!40101 SET character_set_client = @saved_cs_client */;

--
-- Dumping data for table `communities`
--

LOCK TABLES `communities` WRITE;
/*!40000 ALTER TABLE `communities` DISABLE KEYS */;
INSERT INTO `communities` VALUES (1,61,'Ipsam nam architecto consectetur autem explicabo sunt et.','2012-06-22 03:18:32','2018-02-25 01:45:25'),(2,74,'Illum illum porro totam.','2013-04-17 02:52:42','2021-03-18 23:01:50'),(3,46,'Omnis consequatur repudiandae eaque eum.','2016-07-20 08:28:40','2019-12-05 21:15:11'),(4,34,'Est qui et nesciunt qui accusamus ipsa aut.','2014-06-29 14:03:45','2016-07-02 00:56:22'),(5,23,'Asperiores unde magnam culpa aperiam.','2020-10-10 10:38:57','2021-01-18 12:30:48'),(6,62,'Aspernatur consequatur commodi doloribus itaque.','2012-01-29 03:32:45','2021-03-18 23:01:50'),(7,53,'Harum reprehenderit aut consectetur corrupti veniam.','2018-05-18 23:41:33','2021-03-18 23:01:50'),(8,7,'Est aut rerum at ratione inventore.','2018-08-17 04:47:39','2021-03-18 23:01:50'),(9,84,'Sed sint sed animi.','2015-02-05 21:34:36','2020-05-22 20:43:22'),(10,37,'Vel ut blanditiis blanditiis vitae laborum.','2015-04-27 23:52:43','2020-04-19 11:25:00'),(11,33,'Molestias distinctio recusandae quibusdam praesentium sed et voluptatem voluptates.','2015-12-30 06:56:26','2019-02-14 09:32:15'),(12,88,'In sint cumque non numquam asperiores ea excepturi.','2014-05-25 23:56:11','2021-03-18 23:01:50'),(13,19,'Nostrum aperiam deserunt qui praesentium voluptas repudiandae voluptatem.','2017-01-23 06:29:40','2021-03-18 23:01:50'),(14,21,'Laborum repellendus nihil et.','2012-11-28 06:28:27','2019-10-10 01:53:20'),(15,22,'Magni praesentium rem laudantium quia culpa.','2020-05-12 03:54:43','2021-03-18 23:01:50'),(16,60,'Iusto quis consequuntur quo voluptatum soluta aliquam laborum.','2020-06-11 07:54:02','2021-03-18 23:01:50'),(17,65,'Voluptatibus consequatur aut qui ex dolores sit explicabo.','2012-05-02 23:19:14','2019-07-28 13:36:29'),(18,42,'Architecto vel voluptatem vitae.','2015-03-22 20:57:10','2021-03-18 23:01:50'),(19,69,'Culpa exercitationem sequi delectus id.','2016-01-12 23:22:34','2021-03-18 23:01:50'),(20,90,'Id dolores repellendus eaque omnis.','2019-02-12 20:35:20','2021-03-18 23:01:50'),(21,1,'Empty_Group','2021-03-18 23:01:50','2021-03-18 23:01:50');
/*!40000 ALTER TABLE `communities` ENABLE KEYS */;
UNLOCK TABLES;

--
-- Table structure for table `communities_users`
--

DROP TABLE IF EXISTS `communities_users`;
/*!40101 SET @saved_cs_client     = @@character_set_client */;
/*!50503 SET character_set_client = utf8mb4 */;
CREATE TABLE `communities_users` (
  `community_id` bigint unsigned NOT NULL COMMENT 'Ссылка на группу',
  `user_id` bigint unsigned NOT NULL COMMENT 'Ссылка на пользователя',
  `created_at` datetime DEFAULT CURRENT_TIMESTAMP COMMENT 'Время создания строки',
  PRIMARY KEY (`community_id`,`user_id`) COMMENT 'Составной первичный ключ',
  KEY `user_id` (`user_id`),
  CONSTRAINT `communities_users_ibfk_1` FOREIGN KEY (`community_id`) REFERENCES `communities` (`id`),
  CONSTRAINT `communities_users_ibfk_2` FOREIGN KEY (`user_id`) REFERENCES `users` (`id`)
) ENGINE=InnoDB DEFAULT CHARSET=utf8mb4 COLLATE=utf8mb4_0900_ai_ci COMMENT='Участники групп, связь между пользователями и группами';
/*!40101 SET character_set_client = @saved_cs_client */;

--
-- Dumping data for table `communities_users`
--

LOCK TABLES `communities_users` WRITE;
/*!40000 ALTER TABLE `communities_users` DISABLE KEYS */;
INSERT INTO `communities_users` VALUES (1,1,'2013-03-11 09:15:57'),(1,61,'2019-06-01 23:20:34'),(1,81,'2020-05-21 03:38:03'),(3,3,'2016-03-11 21:16:04'),(3,21,'2020-10-03 14:28:12'),(3,23,'2011-05-25 22:37:26'),(3,41,'2020-11-14 19:24:21'),(3,43,'2013-11-21 19:08:57'),(3,63,'2013-10-07 12:51:32'),(3,83,'2015-11-14 10:50:23'),(4,2,'2016-06-18 10:23:56'),(4,24,'2011-06-08 18:26:51'),(4,42,'2016-12-09 20:11:35'),(4,62,'2018-08-23 00:51:14'),(4,64,'2018-02-15 06:17:17'),(4,82,'2016-12-25 04:24:45'),(4,84,'2018-06-07 18:15:16'),(5,5,'2020-09-22 17:52:01'),(5,22,'2018-04-13 01:33:13'),(5,25,'2015-09-21 00:58:24'),(5,45,'2012-11-10 20:28:15'),(5,65,'2018-10-25 17:18:02'),(5,85,'2019-08-13 12:56:40'),(6,6,'2014-03-20 10:02:08'),(6,26,'2020-02-09 04:37:00'),(6,46,'2015-03-05 16:16:59'),(6,66,'2012-03-13 05:40:40'),(6,86,'2013-09-06 21:54:47'),(7,4,'2014-05-14 05:10:53'),(7,7,'2020-12-18 05:04:01'),(7,27,'2011-07-28 14:38:27'),(7,47,'2018-05-12 01:40:16'),(7,67,'2014-03-22 04:49:52'),(7,87,'2015-01-02 02:57:42'),(8,8,'2012-02-29 07:19:30'),(8,28,'2014-05-04 21:00:19'),(8,44,'2018-11-12 16:37:40'),(8,48,'2015-10-17 20:59:19'),(8,68,'2015-01-17 05:33:36'),(8,88,'2014-02-24 12:04:55'),(9,9,'2011-08-28 07:30:04'),(9,29,'2014-11-09 17:04:10'),(9,49,'2016-05-29 01:46:38'),(9,69,'2013-10-29 11:38:00'),(9,89,'2019-05-30 20:52:01'),(10,10,'2011-03-27 20:32:15'),(10,30,'2019-04-18 23:25:47'),(10,50,'2014-06-19 15:26:48'),(10,70,'2018-05-14 20:22:23'),(10,90,'2015-08-13 21:58:29'),(11,11,'2013-05-05 11:57:56'),(11,31,'2013-08-30 01:48:41'),(11,51,'2015-03-05 22:28:45'),(11,71,'2012-10-21 04:54:29'),(11,91,'2014-09-09 10:06:09'),(12,12,'2018-10-07 07:06:54'),(12,32,'2012-01-13 20:38:20'),(12,52,'2015-04-09 23:45:49'),(12,72,'2014-02-09 05:35:03'),(12,92,'2013-05-21 15:34:59'),(13,13,'2018-02-20 13:33:07'),(13,33,'2012-12-28 22:54:44'),(13,53,'2013-09-13 13:50:15'),(13,73,'2020-10-21 07:40:52'),(13,93,'2011-04-15 06:53:28'),(14,14,'2011-06-06 12:42:27'),(14,34,'2020-04-10 20:48:18'),(14,54,'2014-06-12 13:50:32'),(14,74,'2013-09-04 19:14:34'),(14,94,'2015-02-12 06:02:21'),(15,15,'2015-09-07 12:52:51'),(15,35,'2013-05-11 12:52:29'),(15,55,'2016-09-19 20:29:33'),(15,75,'2021-03-06 19:07:15'),(15,95,'2015-12-12 01:41:16'),(16,16,'2011-12-17 09:45:46'),(16,36,'2012-08-12 23:20:01'),(16,56,'2017-12-27 21:54:20'),(16,76,'2013-01-20 15:25:50'),(16,96,'2013-10-31 11:44:56'),(17,17,'2018-03-20 14:43:51'),(17,37,'2019-10-21 15:02:26'),(17,57,'2019-02-19 06:59:49'),(17,77,'2019-03-19 19:53:44'),(17,97,'2018-02-23 17:47:52'),(18,18,'2020-05-02 20:59:54'),(18,38,'2013-06-08 22:36:07'),(18,58,'2017-08-06 07:37:25'),(18,78,'2020-03-28 19:04:12'),(18,98,'2020-10-08 20:21:02'),(19,19,'2013-08-27 21:49:41'),(19,39,'2019-12-03 15:31:58'),(19,59,'2012-09-02 11:35:34'),(19,79,'2012-03-01 13:03:34'),(19,99,'2012-02-16 01:50:35'),(20,20,'2019-08-26 13:34:57'),(20,40,'2017-02-24 07:33:11'),(20,60,'2016-07-21 13:10:10'),(20,80,'2012-11-13 23:09:09'),(20,100,'2020-09-17 07:10:32');
/*!40000 ALTER TABLE `communities_users` ENABLE KEYS */;
UNLOCK TABLES;

--
-- Table structure for table `companies`
--

DROP TABLE IF EXISTS `companies`;
/*!40101 SET @saved_cs_client     = @@character_set_client */;
/*!50503 SET character_set_client = utf8mb4 */;
CREATE TABLE `companies` (
  `id` bigint unsigned NOT NULL AUTO_INCREMENT COMMENT 'Идентификатор строки',
  `name` varchar(130) DEFAULT NULL COMMENT 'Компания',
  PRIMARY KEY (`id`),
  UNIQUE KEY `id` (`id`)
) ENGINE=InnoDB AUTO_INCREMENT=51 DEFAULT CHARSET=utf8mb4 COLLATE=utf8mb4_0900_ai_ci COMMENT='Компании';
/*!40101 SET character_set_client = @saved_cs_client */;

--
-- Dumping data for table `companies`
--

LOCK TABLES `companies` WRITE;
/*!40000 ALTER TABLE `companies` DISABLE KEYS */;
INSERT INTO `companies` VALUES (1,'Jones Ltd'),(2,'Leannon PLC'),(3,'Farrell-Adams'),(4,'Schiller-Mayert'),(5,'Nitzsche-Hoppe'),(6,'Feest, Okuneva and Lebsack'),(7,'Thompson-Goldner'),(8,'Kassulke-Metz'),(9,'Gislason, Tillman and Thompson'),(10,'O\'Hara, Hodkiewicz and McDermott'),(11,'Murray, Walter and Reilly'),(12,'Anderson, Gutmann and Simonis'),(13,'Wunsch, Haag and Jacobson'),(14,'Hodkiewicz Group'),(15,'Boyer LLC'),(16,'Mitchell Inc'),(17,'Dare, Huels and Marvin'),(18,'Russel, Kreiger and Koelpin'),(19,'Bernhard, Roob and Kemmer'),(20,'Wisozk, Pollich and Bartell'),(21,'Schaefer Ltd'),(22,'Johnston, Mayer and Romaguera'),(23,'Sanford, Armstrong and Ebert'),(24,'Sauer, Reilly and Hilll'),(25,'Veum-Koch'),(26,'Johnson-Robel'),(27,'Hegmann Inc'),(28,'Yost, Larkin and Goyette'),(29,'Jenkins, VonRueden and Schiller'),(30,'Hintz-Hayes'),(31,'Stiedemann-Pfannerstill'),(32,'Effertz LLC'),(33,'Gaylord-Pagac'),(34,'Hammes, Cronin and Pacocha'),(35,'Dickens LLC'),(36,'Shields and Sons'),(37,'Welch, Dare and Osinski'),(38,'Pouros Inc'),(39,'Champlin Group'),(40,'Howe Inc'),(41,'Krajcik Group'),(42,'Bernhard-Hermann'),(43,'Kovacek-Stark'),(44,'Jacobson, Streich and Cruickshank'),(45,'Feil LLC'),(46,'Zemlak Group'),(47,'Koepp LLC'),(48,'Bahringer, Leffler and Dooley'),(49,'Mante Inc'),(50,'Littel-D\'Amore');
/*!40000 ALTER TABLE `companies` ENABLE KEYS */;
UNLOCK TABLES;

--
-- Table structure for table `coordinates`
--

DROP TABLE IF EXISTS `coordinates`;
/*!40101 SET @saved_cs_client     = @@character_set_client */;
/*!50503 SET character_set_client = utf8mb4 */;
CREATE TABLE `coordinates` (
  `id` bigint unsigned NOT NULL AUTO_INCREMENT COMMENT 'Идентификатор строки',
  `x` int NOT NULL DEFAULT '0',
  `y` int NOT NULL DEFAULT '0',
  PRIMARY KEY (`id`),
  UNIQUE KEY `id` (`id`)
) ENGINE=InnoDB AUTO_INCREMENT=51 DEFAULT CHARSET=utf8mb4 COLLATE=utf8mb4_0900_ai_ci COMMENT='Географические координаты';
/*!40101 SET character_set_client = @saved_cs_client */;

--
-- Dumping data for table `coordinates`
--

LOCK TABLES `coordinates` WRITE;
/*!40000 ALTER TABLE `coordinates` DISABLE KEYS */;
INSERT INTO `coordinates` VALUES (1,775532,69165970),(2,963028326,487),(3,506996,4964072),(4,51,74643395),(5,0,0),(6,21,60276459),(7,2456831,499644),(8,225,390134),(9,635307,805300),(10,75842870,24946),(11,2,674524),(12,15172988,4659975),(13,0,184234),(14,8116,3523055),(15,190610,8621),(16,990418097,32540),(17,8050,1449),(18,26,4366979),(19,2334829,0),(20,6798,312813199),(21,77503,61),(22,85321221,3),(23,7764,1265),(24,55564,6),(25,776,48284565),(26,8154602,0),(27,11068834,0),(28,37975710,21),(29,246466938,7476034),(30,853,66765452),(31,2541,77639158),(32,6931,8971586),(33,27,78594),(34,93,5159),(35,0,621),(36,656,323870),(37,9638,845412),(38,2227912,24599021),(39,5052,54),(40,59343884,82),(41,8517,43440),(42,80,91230),(43,541,65),(44,0,130),(45,578,0),(46,16259843,23),(47,62,913),(48,9113353,0),(49,423,9764668),(50,0,251905);
/*!40000 ALTER TABLE `coordinates` ENABLE KEYS */;
UNLOCK TABLES;

--
-- Table structure for table `countries`
--

DROP TABLE IF EXISTS `countries`;
/*!40101 SET @saved_cs_client     = @@character_set_client */;
/*!50503 SET character_set_client = utf8mb4 */;
CREATE TABLE `countries` (
  `id` bigint unsigned NOT NULL AUTO_INCREMENT COMMENT 'Идентификатор строки',
  `name` varchar(130) NOT NULL COMMENT 'Страна',
  `created_at` datetime DEFAULT CURRENT_TIMESTAMP COMMENT 'Время создания строки',
  `updated_at` datetime DEFAULT CURRENT_TIMESTAMP ON UPDATE CURRENT_TIMESTAMP COMMENT 'Время обновления строки',
  PRIMARY KEY (`id`),
  UNIQUE KEY `id` (`id`),
  KEY `countries_name_idx` (`name`)
) ENGINE=InnoDB AUTO_INCREMENT=21 DEFAULT CHARSET=utf8mb4 COLLATE=utf8mb4_0900_ai_ci COMMENT='Страны';
/*!40101 SET character_set_client = @saved_cs_client */;

--
-- Dumping data for table `countries`
--

LOCK TABLES `countries` WRITE;
/*!40000 ALTER TABLE `countries` DISABLE KEYS */;
INSERT INTO `countries` VALUES (1,'Russia','2017-08-09 18:48:13','2019-01-19 21:59:47'),(2,'Guinea','2016-01-10 05:58:32','2017-02-25 07:52:28'),(3,'Brazil','2014-04-29 21:25:37','2017-07-28 13:55:45'),(4,'Papua New Guinea','2014-08-01 17:18:12','2016-10-07 01:23:14'),(5,'Pakistan','2012-09-01 09:33:52','2019-12-18 20:00:50'),(6,'Ecuador','2013-02-24 11:27:49','2011-05-08 20:03:04'),(7,'South Africa','2015-02-16 16:17:18','2016-04-15 11:15:23'),(8,'Ethiopia','2015-12-01 06:03:34','2012-10-07 08:05:12'),(9,'Madagascar','2021-01-17 20:39:18','2015-06-04 05:56:50'),(10,'Seychelles','2011-08-26 17:31:50','2012-08-11 03:23:37'),(11,'Jordan','2020-08-27 18:26:52','2015-05-28 10:56:48'),(12,'Australia','2020-11-20 16:30:56','2016-04-20 23:16:06'),(13,'Sri Lanka','2014-11-30 03:00:36','2018-11-04 08:14:52'),(14,'United States Minor Outlying Islands','2019-10-28 22:47:03','2019-12-14 00:24:13'),(15,'Martinique','2015-09-12 08:37:56','2012-03-18 10:58:12'),(16,'France','2011-11-24 15:35:21','2015-06-18 10:39:32'),(17,'Burkina Faso','2012-10-21 13:39:55','2012-10-04 20:27:11'),(18,'Thailand','2012-10-17 11:20:28','2014-02-02 14:41:43'),(19,'Argentina','2014-11-06 19:46:30','2018-03-29 09:45:40'),(20,'Libyan Arab Jamahiriya','2012-09-16 09:32:54','2013-02-12 03:01:02');
/*!40000 ALTER TABLE `countries` ENABLE KEYS */;
UNLOCK TABLES;

--
-- Table structure for table `favorites`
--

DROP TABLE IF EXISTS `favorites`;
/*!40101 SET @saved_cs_client     = @@character_set_client */;
/*!50503 SET character_set_client = utf8mb4 */;
CREATE TABLE `favorites` (
  `user_id` bigint unsigned NOT NULL COMMENT 'Ссылка на пользователя',
  `media_id` bigint unsigned NOT NULL COMMENT 'Ссылка на медиаконтент',
  KEY `user_id` (`user_id`),
  KEY `media_id` (`media_id`),
  CONSTRAINT `favorites_ibfk_1` FOREIGN KEY (`user_id`) REFERENCES `users` (`id`),
  CONSTRAINT `favorites_ibfk_2` FOREIGN KEY (`media_id`) REFERENCES `media` (`id`)
) ENGINE=InnoDB DEFAULT CHARSET=utf8mb4 COLLATE=utf8mb4_0900_ai_ci COMMENT='Избранное';
/*!40101 SET character_set_client = @saved_cs_client */;

--
-- Dumping data for table `favorites`
--

LOCK TABLES `favorites` WRITE;
/*!40000 ALTER TABLE `favorites` DISABLE KEYS */;
INSERT INTO `favorites` VALUES (52,430),(58,444),(95,180),(79,133),(54,165),(41,451),(74,190),(26,275),(75,37),(92,32),(12,459),(7,250),(17,480),(78,428),(50,126),(35,174),(27,84),(30,181),(18,264),(99,304),(71,173),(2,471),(25,66),(84,278),(43,218),(34,71),(68,46),(68,193),(34,263),(22,404),(77,370),(33,330),(92,473),(26,260),(19,85),(59,191),(25,403),(53,240),(61,194),(30,30),(83,193),(61,41),(66,437),(59,83),(20,425),(96,106),(48,435),(64,227),(76,299),(18,473),(99,364),(18,453),(15,482),(64,160),(1,295),(88,49),(83,366),(29,461),(64,118),(66,437),(27,269),(90,330),(53,303),(43,132),(7,398),(46,243),(72,404),(69,362),(30,271),(22,129),(40,462),(87,42),(79,19),(62,47),(70,263),(58,430),(4,112),(65,341),(57,35),(26,32),(79,226),(66,230),(1,317),(24,338),(34,172),(57,140),(56,86),(51,300),(7,217),(48,66),(52,138),(14,58),(23,265),(95,234),(68,302),(59,92),(58,478),(5,466),(30,255),(65,38),(46,52),(51,474),(18,370),(69,426),(38,136),(73,340),(83,127),(37,467),(30,270),(30,96),(21,347),(36,79),(57,363),(49,466),(67,5),(89,21),(50,116),(12,448),(27,494),(49,389),(83,160),(61,37),(65,343),(63,319),(74,287),(54,489),(59,75),(32,281),(48,413),(77,74),(47,68),(44,377),(15,108),(76,248),(71,60),(3,200),(17,113),(10,159),(44,274),(14,123),(54,456),(30,298),(61,360),(49,341),(20,75),(73,97),(95,474),(13,173),(73,32),(63,343),(69,382),(84,129),(76,215),(3,98),(58,324),(39,112),(24,25),(6,488),(26,475),(59,220),(27,227),(5,488),(32,214),(21,53),(68,293),(19,296),(41,341),(5,491),(2,424),(1,24),(97,418),(27,200),(56,124),(82,439),(51,247),(42,282),(35,169),(86,251),(6,359),(41,157),(62,477),(28,253),(70,131),(5,427),(38,19),(18,77),(99,230),(96,140),(39,36),(62,489),(49,378),(41,312),(61,458),(69,301),(71,313),(63,146),(38,23),(50,494),(33,324),(40,348),(47,298),(36,217),(92,73),(4,355),(92,367),(60,240),(95,303),(72,80),(34,110),(98,313),(13,177),(31,230),(50,455),(45,369),(69,1),(10,124),(15,294),(8,403),(44,382),(23,494),(80,377),(73,195),(13,399),(28,342),(17,217),(98,434),(99,271),(11,445),(82,220),(83,340),(30,272),(100,244),(64,173),(21,437),(61,490),(56,336),(4,469),(79,291),(63,413),(81,371),(36,256),(52,460),(84,419),(72,405),(92,271),(58,486),(36,225),(89,471),(5,493),(7,262),(28,45),(68,6),(38,325),(61,270),(88,463),(41,81),(25,34),(58,430),(9,299),(36,76),(4,264),(9,405),(38,436),(63,376),(21,83),(20,81),(81,453),(48,150),(95,112),(5,68),(29,44),(21,353),(27,315),(94,337),(51,61),(48,101),(65,262),(25,89),(77,58),(38,479),(76,427),(56,16),(74,427),(33,30),(67,411),(12,111),(19,404),(72,404),(80,117),(59,53),(100,247),(14,441),(12,399),(39,83),(50,233),(48,213),(59,341),(70,183),(65,1),(65,214),(82,40),(67,377),(1,41),(18,322),(69,357),(95,305),(32,193),(72,106),(33,432),(67,107),(55,457),(92,393),(69,104),(67,249),(85,438),(38,440),(41,373),(23,349),(56,453),(89,262),(53,467),(4,104),(51,390),(91,472),(10,406),(45,46),(34,222),(5,307),(30,237),(61,318),(58,38),(100,344),(47,350),(73,357),(98,122),(2,207),(20,316),(42,294),(64,373),(80,14),(51,379),(21,368),(1,194),(14,134),(19,48),(8,250),(66,96),(52,84),(84,190),(58,475),(49,401),(1,335),(88,390),(5,51),(10,441),(73,92),(43,188),(70,126),(42,159),(28,117),(42,427),(71,151),(4,190),(87,3),(28,397),(56,303),(7,313),(92,27),(16,229),(83,131),(4,347),(24,61),(27,341),(93,144),(30,79),(39,349),(23,210),(69,59),(53,430),(36,342),(44,70),(52,93),(18,53),(84,198),(48,273),(3,272),(25,163),(19,485),(42,309),(66,49),(87,262),(30,440),(16,304),(58,413),(33,424),(45,324),(63,282),(42,72),(14,343),(60,468),(65,34),(87,385),(20,211),(42,282),(49,249),(11,133),(12,71),(69,412),(33,412),(63,238),(99,36),(65,446),(7,495),(10,390),(35,308),(10,244),(52,340),(89,500),(29,10),(66,172),(16,432),(99,166),(7,312),(11,14),(58,192),(19,435),(58,162),(20,204),(93,290),(34,452),(28,385),(85,477),(63,429),(55,445),(25,30),(68,459),(95,83),(12,275),(84,80),(3,233),(50,116),(85,133),(79,403),(98,452),(33,146),(44,370),(42,274),(80,254),(3,310),(45,153),(56,222),(95,6),(69,496),(75,423),(28,430),(2,123),(98,200),(66,100),(42,426),(4,406),(36,183),(68,312),(46,449),(94,357),(47,384),(90,376),(94,470),(50,1),(91,128),(33,373),(71,434),(96,329),(12,443),(84,138),(85,4),(65,463),(3,281),(38,76),(94,120),(65,192),(59,326),(14,497),(85,124),(85,103),(9,223),(41,500),(23,193),(36,179),(56,343),(47,456),(62,433),(95,136),(87,350),(21,309),(76,165),(47,345),(75,74),(12,313),(45,36),(29,153);
/*!40000 ALTER TABLE `favorites` ENABLE KEYS */;
UNLOCK TABLES;

--
-- Table structure for table `friendship`
--

DROP TABLE IF EXISTS `friendship`;
/*!40101 SET @saved_cs_client     = @@character_set_client */;
/*!50503 SET character_set_client = utf8mb4 */;
CREATE TABLE `friendship` (
  `user_id` bigint unsigned NOT NULL COMMENT 'Ссылка на инициатора дружеских отношений',
  `friend_id` bigint unsigned NOT NULL COMMENT 'Ссылка на получателя приглашения дружить',
  `friendship_status_id` bigint unsigned NOT NULL COMMENT 'Ссылка на статус (текущее состояние) отношений',
  `requested_at` datetime DEFAULT CURRENT_TIMESTAMP COMMENT 'Время отправления приглашения дружить',
  `confirmed_at` datetime DEFAULT NULL COMMENT 'Время подтверждения приглашения',
  `created_at` datetime DEFAULT CURRENT_TIMESTAMP COMMENT 'Время создания строки',
  `updated_at` datetime DEFAULT CURRENT_TIMESTAMP ON UPDATE CURRENT_TIMESTAMP COMMENT 'Время обновления строки',
  PRIMARY KEY (`user_id`,`friend_id`) COMMENT 'Составной первичный ключ',
  KEY `friend_id` (`friend_id`),
  KEY `friendship_status_id` (`friendship_status_id`),
  CONSTRAINT `friendship_ibfk_1` FOREIGN KEY (`user_id`) REFERENCES `users` (`id`),
  CONSTRAINT `friendship_ibfk_2` FOREIGN KEY (`friend_id`) REFERENCES `users` (`id`),
  CONSTRAINT `friendship_ibfk_3` FOREIGN KEY (`friendship_status_id`) REFERENCES `friendship_statuses` (`id`)
) ENGINE=InnoDB DEFAULT CHARSET=utf8mb4 COLLATE=utf8mb4_0900_ai_ci COMMENT='Таблица дружбы';
/*!40101 SET character_set_client = @saved_cs_client */;

--
-- Dumping data for table `friendship`
--

LOCK TABLES `friendship` WRITE;
/*!40000 ALTER TABLE `friendship` DISABLE KEYS */;
INSERT INTO `friendship` VALUES (1,4,1,'2021-03-18 23:01:33',NULL,'2021-03-18 23:01:33','2021-03-18 23:01:33'),(1,12,2,'2021-03-18 23:01:32',NULL,'2021-03-18 23:01:32','2021-03-18 23:01:32'),(1,16,3,'2021-03-18 23:01:33',NULL,'2021-03-18 23:01:33','2021-03-18 23:01:33'),(1,30,2,'2021-03-18 23:01:32',NULL,'2021-03-18 23:01:32','2021-03-18 23:01:32'),(1,42,1,'2021-03-18 23:01:32',NULL,'2021-03-18 23:01:32','2021-03-18 23:01:32'),(1,71,2,'2021-03-18 23:01:32',NULL,'2021-03-18 23:01:32','2021-03-18 23:01:32'),(1,73,3,'2021-03-18 23:01:32',NULL,'2021-03-18 23:01:32','2021-03-18 23:01:32'),(1,79,2,'2021-03-18 23:01:33',NULL,'2021-03-18 23:01:33','2021-03-18 23:01:33'),(1,90,1,'2021-03-18 23:01:33',NULL,'2021-03-18 23:01:33','2021-03-18 23:01:33'),(1,100,2,'2021-03-18 23:01:32',NULL,'2021-03-18 23:01:32','2021-03-18 23:01:32'),(2,6,2,'2021-03-18 23:01:32',NULL,'2021-03-18 23:01:32','2021-03-18 23:01:32'),(2,13,2,'2021-03-18 23:01:33',NULL,'2021-03-18 23:01:33','2021-03-18 23:01:33'),(2,39,2,'2021-03-18 23:01:33',NULL,'2021-03-18 23:01:33','2021-03-18 23:01:33'),(2,41,3,'2021-03-18 23:01:33',NULL,'2021-03-18 23:01:33','2021-03-18 23:01:33'),(2,51,2,'2021-03-18 23:01:32',NULL,'2021-03-18 23:01:32','2021-03-18 23:01:32'),(2,54,3,'2021-03-18 23:01:31',NULL,'2021-03-18 23:01:31','2021-03-18 23:01:31'),(2,57,3,'2021-03-18 23:01:32',NULL,'2021-03-18 23:01:32','2021-03-18 23:01:32'),(2,94,2,'2021-03-18 23:01:33',NULL,'2021-03-18 23:01:33','2021-03-18 23:01:33'),(3,22,2,'2021-03-18 23:01:33',NULL,'2021-03-18 23:01:33','2021-03-18 23:01:33'),(3,26,1,'2021-03-18 23:01:32',NULL,'2021-03-18 23:01:32','2021-03-18 23:01:32'),(3,31,2,'2021-03-18 23:01:33',NULL,'2021-03-18 23:01:33','2021-03-18 23:01:33'),(3,33,3,'2021-03-18 23:01:34',NULL,'2021-03-18 23:01:34','2021-03-18 23:01:34'),(3,36,2,'2021-03-18 23:01:32',NULL,'2021-03-18 23:01:32','2021-03-18 23:01:32'),(3,70,1,'2021-03-18 23:01:33',NULL,'2021-03-18 23:01:33','2021-03-18 23:01:33'),(3,93,1,'2021-03-18 23:01:33',NULL,'2021-03-18 23:01:33','2021-03-18 23:01:33'),(4,3,1,'2021-03-18 23:01:33',NULL,'2021-03-18 23:01:33','2021-03-18 23:01:33'),(4,17,2,'2021-03-18 23:01:33',NULL,'2021-03-18 23:01:33','2021-03-18 23:01:33'),(4,38,3,'2021-03-18 23:01:32',NULL,'2021-03-18 23:01:32','2021-03-18 23:01:32'),(4,40,2,'2021-03-18 23:01:32',NULL,'2021-03-18 23:01:32','2021-03-18 23:01:32'),(4,48,1,'2021-03-18 23:01:34',NULL,'2021-03-18 23:01:34','2021-03-18 23:01:34'),(4,52,1,'2021-03-18 23:01:33',NULL,'2021-03-18 23:01:33','2021-03-18 23:01:33'),(4,56,2,'2021-03-18 23:01:32',NULL,'2021-03-18 23:01:32','2021-03-18 23:01:32'),(4,69,1,'2021-03-18 23:01:33',NULL,'2021-03-18 23:01:33','2021-03-18 23:01:33'),(4,82,3,'2021-03-18 23:01:33',NULL,'2021-03-18 23:01:33','2021-03-18 23:01:33'),(4,90,2,'2021-03-18 23:01:33',NULL,'2021-03-18 23:01:33','2021-03-18 23:01:33'),(4,92,1,'2021-03-18 23:01:32',NULL,'2021-03-18 23:01:32','2021-03-18 23:01:32'),(4,98,1,'2021-03-18 23:01:32',NULL,'2021-03-18 23:01:32','2021-03-18 23:01:32'),(5,2,3,'2021-03-18 23:01:32',NULL,'2021-03-18 23:01:32','2021-03-18 23:01:32'),(5,6,1,'2021-03-18 23:01:34',NULL,'2021-03-18 23:01:34','2021-03-18 23:01:34'),(5,10,1,'2021-03-18 23:01:34',NULL,'2021-03-18 23:01:34','2021-03-18 23:01:34'),(5,25,1,'2021-03-18 23:01:32',NULL,'2021-03-18 23:01:32','2021-03-18 23:01:32'),(5,44,1,'2021-03-18 23:01:33',NULL,'2021-03-18 23:01:33','2021-03-18 23:01:33'),(5,54,3,'2021-03-18 23:01:32',NULL,'2021-03-18 23:01:32','2021-03-18 23:01:32'),(5,64,1,'2021-03-18 23:01:33',NULL,'2021-03-18 23:01:33','2021-03-18 23:01:33'),(5,78,2,'2021-03-18 23:01:32',NULL,'2021-03-18 23:01:32','2021-03-18 23:01:32'),(5,79,3,'2021-03-18 23:01:34',NULL,'2021-03-18 23:01:34','2021-03-18 23:01:34'),(5,82,2,'2021-03-18 23:01:32',NULL,'2021-03-18 23:01:32','2021-03-18 23:01:32'),(5,96,2,'2021-03-18 23:01:34',NULL,'2021-03-18 23:01:34','2021-03-18 23:01:34'),(6,48,1,'2021-03-18 23:01:32',NULL,'2021-03-18 23:01:32','2021-03-18 23:01:32'),(6,66,3,'2021-03-18 23:01:32',NULL,'2021-03-18 23:01:32','2021-03-18 23:01:32'),(6,68,2,'2021-03-18 23:01:32',NULL,'2021-03-18 23:01:32','2021-03-18 23:01:32'),(6,75,3,'2021-03-18 23:01:34',NULL,'2021-03-18 23:01:34','2021-03-18 23:01:34'),(6,81,3,'2021-03-18 23:01:33',NULL,'2021-03-18 23:01:33','2021-03-18 23:01:33'),(6,86,2,'2021-03-18 23:01:33',NULL,'2021-03-18 23:01:33','2021-03-18 23:01:33'),(6,92,2,'2021-03-18 23:01:32',NULL,'2021-03-18 23:01:32','2021-03-18 23:01:32'),(6,93,1,'2021-03-18 23:01:32',NULL,'2021-03-18 23:01:32','2021-03-18 23:01:32'),(7,3,2,'2021-03-18 23:01:33',NULL,'2021-03-18 23:01:33','2021-03-18 23:01:33'),(7,6,1,'2021-03-18 23:01:32',NULL,'2021-03-18 23:01:32','2021-03-18 23:01:32'),(7,33,2,'2021-03-18 23:01:32',NULL,'2021-03-18 23:01:32','2021-03-18 23:01:32'),(7,34,2,'2021-03-18 23:01:33',NULL,'2021-03-18 23:01:33','2021-03-18 23:01:33'),(7,46,1,'2021-03-18 23:01:33',NULL,'2021-03-18 23:01:33','2021-03-18 23:01:33'),(7,67,1,'2021-03-18 23:01:33',NULL,'2021-03-18 23:01:33','2021-03-18 23:01:33'),(7,72,1,'2021-03-18 23:01:32',NULL,'2021-03-18 23:01:32','2021-03-18 23:01:32'),(7,74,2,'2021-03-18 23:01:32',NULL,'2021-03-18 23:01:32','2021-03-18 23:01:32'),(7,78,1,'2021-03-18 23:01:33',NULL,'2021-03-18 23:01:33','2021-03-18 23:01:33'),(7,83,2,'2021-03-18 23:01:32',NULL,'2021-03-18 23:01:32','2021-03-18 23:01:32'),(8,14,3,'2021-03-18 23:01:34',NULL,'2021-03-18 23:01:34','2021-03-18 23:01:34'),(8,45,1,'2021-03-18 23:01:32',NULL,'2021-03-18 23:01:32','2021-03-18 23:01:32'),(8,59,1,'2021-03-18 23:01:31',NULL,'2021-03-18 23:01:31','2021-03-18 23:01:31'),(8,64,3,'2021-03-18 23:01:32',NULL,'2021-03-18 23:01:32','2021-03-18 23:01:32'),(8,65,1,'2021-03-18 23:01:34',NULL,'2021-03-18 23:01:34','2021-03-18 23:01:34'),(8,69,1,'2021-03-18 23:01:34',NULL,'2021-03-18 23:01:34','2021-03-18 23:01:34'),(8,71,3,'2021-03-18 23:01:34',NULL,'2021-03-18 23:01:34','2021-03-18 23:01:34'),(8,75,2,'2021-03-18 23:01:33',NULL,'2021-03-18 23:01:33','2021-03-18 23:01:33'),(8,91,3,'2021-03-18 23:01:32',NULL,'2021-03-18 23:01:32','2021-03-18 23:01:32'),(8,99,2,'2021-03-18 23:01:32',NULL,'2021-03-18 23:01:32','2021-03-18 23:01:32'),(9,4,3,'2021-03-18 23:01:32',NULL,'2021-03-18 23:01:32','2021-03-18 23:01:32'),(9,7,1,'2021-03-18 23:01:32',NULL,'2021-03-18 23:01:32','2021-03-18 23:01:32'),(9,22,2,'2021-03-18 23:01:32',NULL,'2021-03-18 23:01:32','2021-03-18 23:01:32'),(9,28,1,'2021-03-18 23:01:34',NULL,'2021-03-18 23:01:34','2021-03-18 23:01:34'),(9,30,1,'2021-03-18 23:01:32',NULL,'2021-03-18 23:01:32','2021-03-18 23:01:32'),(9,42,3,'2021-03-18 23:01:32',NULL,'2021-03-18 23:01:32','2021-03-18 23:01:32'),(9,58,2,'2021-03-18 23:01:34',NULL,'2021-03-18 23:01:34','2021-03-18 23:01:34'),(9,87,1,'2021-03-18 23:01:33',NULL,'2021-03-18 23:01:33','2021-03-18 23:01:33'),(10,30,2,'2021-03-18 23:01:34',NULL,'2021-03-18 23:01:34','2021-03-18 23:01:34'),(10,38,1,'2021-03-18 23:01:33',NULL,'2021-03-18 23:01:33','2021-03-18 23:01:33'),(10,73,1,'2021-03-18 23:01:33',NULL,'2021-03-18 23:01:33','2021-03-18 23:01:33'),(10,81,2,'2021-03-18 23:01:32',NULL,'2021-03-18 23:01:32','2021-03-18 23:01:32'),(10,86,3,'2021-03-18 23:01:32',NULL,'2021-03-18 23:01:32','2021-03-18 23:01:32'),(11,2,1,'2021-03-18 23:01:34',NULL,'2021-03-18 23:01:34','2021-03-18 23:01:34'),(11,4,2,'2021-03-18 23:01:34',NULL,'2021-03-18 23:01:34','2021-03-18 23:01:34'),(11,24,2,'2021-03-18 23:01:33',NULL,'2021-03-18 23:01:33','2021-03-18 23:01:33'),(11,44,3,'2021-03-18 23:01:34',NULL,'2021-03-18 23:01:34','2021-03-18 23:01:34'),(11,49,2,'2021-03-18 23:01:31',NULL,'2021-03-18 23:01:31','2021-03-18 23:01:31'),(11,53,1,'2021-03-18 23:01:32',NULL,'2021-03-18 23:01:32','2021-03-18 23:01:32'),(11,74,1,'2021-03-18 23:01:33',NULL,'2021-03-18 23:01:33','2021-03-18 23:01:33'),(11,87,1,'2021-03-18 23:01:32',NULL,'2021-03-18 23:01:32','2021-03-18 23:01:32'),(12,22,2,'2021-03-18 23:01:33',NULL,'2021-03-18 23:01:33','2021-03-18 23:01:33'),(12,27,2,'2021-03-18 23:01:33',NULL,'2021-03-18 23:01:33','2021-03-18 23:01:33'),(12,48,1,'2021-03-18 23:01:33',NULL,'2021-03-18 23:01:33','2021-03-18 23:01:33'),(12,51,1,'2021-03-18 23:01:33',NULL,'2021-03-18 23:01:33','2021-03-18 23:01:33'),(12,62,3,'2021-03-18 23:01:32',NULL,'2021-03-18 23:01:32','2021-03-18 23:01:32'),(12,65,2,'2021-03-18 23:01:32',NULL,'2021-03-18 23:01:32','2021-03-18 23:01:32'),(12,74,1,'2021-03-18 23:01:33',NULL,'2021-03-18 23:01:33','2021-03-18 23:01:33'),(12,78,3,'2021-03-18 23:01:32',NULL,'2021-03-18 23:01:32','2021-03-18 23:01:32'),(12,89,1,'2021-03-18 23:01:32',NULL,'2021-03-18 23:01:32','2021-03-18 23:01:32'),(12,90,2,'2021-03-18 23:01:32',NULL,'2021-03-18 23:01:32','2021-03-18 23:01:32'),(12,92,1,'2021-03-18 23:01:32',NULL,'2021-03-18 23:01:32','2021-03-18 23:01:32'),(12,96,3,'2021-03-18 23:01:33',NULL,'2021-03-18 23:01:33','2021-03-18 23:01:33'),(13,18,1,'2021-03-18 23:01:32',NULL,'2021-03-18 23:01:32','2021-03-18 23:01:32'),(13,40,3,'2021-03-18 23:01:32',NULL,'2021-03-18 23:01:32','2021-03-18 23:01:32'),(13,41,3,'2021-03-18 23:01:32',NULL,'2021-03-18 23:01:32','2021-03-18 23:01:32'),(13,46,2,'2021-03-18 23:01:33',NULL,'2021-03-18 23:01:33','2021-03-18 23:01:33'),(13,73,2,'2021-03-18 23:01:32',NULL,'2021-03-18 23:01:32','2021-03-18 23:01:32'),(13,91,1,'2021-03-18 23:01:34',NULL,'2021-03-18 23:01:34','2021-03-18 23:01:34'),(13,99,1,'2021-03-18 23:01:33',NULL,'2021-03-18 23:01:33','2021-03-18 23:01:33'),(14,8,2,'2021-03-18 23:01:33',NULL,'2021-03-18 23:01:33','2021-03-18 23:01:33'),(14,17,3,'2021-03-18 23:01:34',NULL,'2021-03-18 23:01:34','2021-03-18 23:01:34'),(14,48,3,'2021-03-18 23:01:34',NULL,'2021-03-18 23:01:34','2021-03-18 23:01:34'),(14,63,3,'2021-03-18 23:01:33',NULL,'2021-03-18 23:01:33','2021-03-18 23:01:33'),(14,77,3,'2021-03-18 23:01:32',NULL,'2021-03-18 23:01:32','2021-03-18 23:01:32'),(14,79,2,'2021-03-18 23:01:32',NULL,'2021-03-18 23:01:32','2021-03-18 23:01:32'),(14,81,3,'2021-03-18 23:01:32',NULL,'2021-03-18 23:01:32','2021-03-18 23:01:32'),(14,93,3,'2021-03-18 23:01:33',NULL,'2021-03-18 23:01:33','2021-03-18 23:01:33'),(14,97,2,'2021-03-18 23:01:33',NULL,'2021-03-18 23:01:33','2021-03-18 23:01:33'),(15,26,3,'2021-03-18 23:01:33',NULL,'2021-03-18 23:01:33','2021-03-18 23:01:33'),(15,49,3,'2021-03-18 23:01:32',NULL,'2021-03-18 23:01:32','2021-03-18 23:01:32'),(15,50,1,'2021-03-18 23:01:34',NULL,'2021-03-18 23:01:34','2021-03-18 23:01:34'),(15,55,1,'2021-03-18 23:01:34',NULL,'2021-03-18 23:01:34','2021-03-18 23:01:34'),(15,84,2,'2021-03-18 23:01:33',NULL,'2021-03-18 23:01:33','2021-03-18 23:01:33'),(15,97,2,'2021-03-18 23:01:32',NULL,'2021-03-18 23:01:32','2021-03-18 23:01:32'),(16,3,2,'2021-03-18 23:01:32',NULL,'2021-03-18 23:01:32','2021-03-18 23:01:32'),(16,10,3,'2021-03-18 23:01:33',NULL,'2021-03-18 23:01:33','2021-03-18 23:01:33'),(16,43,2,'2021-03-18 23:01:33',NULL,'2021-03-18 23:01:33','2021-03-18 23:01:33'),(16,49,3,'2021-03-18 23:01:33',NULL,'2021-03-18 23:01:33','2021-03-18 23:01:33'),(16,51,1,'2021-03-18 23:01:32',NULL,'2021-03-18 23:01:32','2021-03-18 23:01:32'),(16,70,1,'2021-03-18 23:01:33',NULL,'2021-03-18 23:01:33','2021-03-18 23:01:33'),(16,82,2,'2021-03-18 23:01:32',NULL,'2021-03-18 23:01:32','2021-03-18 23:01:32'),(16,88,2,'2021-03-18 23:01:33',NULL,'2021-03-18 23:01:33','2021-03-18 23:01:33'),(16,89,2,'2021-03-18 23:01:32',NULL,'2021-03-18 23:01:32','2021-03-18 23:01:32'),(16,94,1,'2021-03-18 23:01:33',NULL,'2021-03-18 23:01:33','2021-03-18 23:01:33'),(16,100,3,'2021-03-18 23:01:33',NULL,'2021-03-18 23:01:33','2021-03-18 23:01:33'),(17,8,2,'2021-03-18 23:01:32',NULL,'2021-03-18 23:01:32','2021-03-18 23:01:32'),(17,15,1,'2021-03-18 23:01:32',NULL,'2021-03-18 23:01:32','2021-03-18 23:01:32'),(17,49,2,'2021-03-18 23:01:34',NULL,'2021-03-18 23:01:34','2021-03-18 23:01:34'),(17,50,2,'2021-03-18 23:01:33',NULL,'2021-03-18 23:01:33','2021-03-18 23:01:33'),(17,53,1,'2021-03-18 23:01:33',NULL,'2021-03-18 23:01:33','2021-03-18 23:01:33'),(17,59,2,'2021-03-18 23:01:32',NULL,'2021-03-18 23:01:32','2021-03-18 23:01:32'),(17,63,3,'2021-03-18 23:01:32',NULL,'2021-03-18 23:01:32','2021-03-18 23:01:32'),(17,95,1,'2021-03-18 23:01:32',NULL,'2021-03-18 23:01:32','2021-03-18 23:01:32'),(18,7,3,'2021-03-18 23:01:33',NULL,'2021-03-18 23:01:33','2021-03-18 23:01:33'),(18,17,1,'2021-03-18 23:01:32',NULL,'2021-03-18 23:01:32','2021-03-18 23:01:32'),(18,24,3,'2021-03-18 23:01:32',NULL,'2021-03-18 23:01:32','2021-03-18 23:01:32'),(18,28,3,'2021-03-18 23:01:33',NULL,'2021-03-18 23:01:33','2021-03-18 23:01:33'),(18,38,1,'2021-03-18 23:01:34',NULL,'2021-03-18 23:01:34','2021-03-18 23:01:34'),(18,40,2,'2021-03-18 23:01:34',NULL,'2021-03-18 23:01:34','2021-03-18 23:01:34'),(18,53,1,'2021-03-18 23:01:32',NULL,'2021-03-18 23:01:32','2021-03-18 23:01:32'),(18,63,2,'2021-03-18 23:01:32',NULL,'2021-03-18 23:01:32','2021-03-18 23:01:32'),(18,73,1,'2021-03-18 23:01:33',NULL,'2021-03-18 23:01:33','2021-03-18 23:01:33'),(18,79,3,'2021-03-18 23:01:32',NULL,'2021-03-18 23:01:32','2021-03-18 23:01:32'),(18,86,2,'2021-03-18 23:01:34',NULL,'2021-03-18 23:01:34','2021-03-18 23:01:34'),(19,3,1,'2021-03-18 23:01:32',NULL,'2021-03-18 23:01:32','2021-03-18 23:01:32'),(19,6,3,'2021-03-18 23:01:32',NULL,'2021-03-18 23:01:32','2021-03-18 23:01:32'),(19,7,3,'2021-03-18 23:01:32',NULL,'2021-03-18 23:01:32','2021-03-18 23:01:32'),(19,9,2,'2021-03-18 23:01:32',NULL,'2021-03-18 23:01:32','2021-03-18 23:01:32'),(19,16,3,'2021-03-18 23:01:33',NULL,'2021-03-18 23:01:33','2021-03-18 23:01:33'),(19,42,3,'2021-03-18 23:01:33',NULL,'2021-03-18 23:01:33','2021-03-18 23:01:33'),(19,52,1,'2021-03-18 23:01:34',NULL,'2021-03-18 23:01:34','2021-03-18 23:01:34'),(19,53,1,'2021-03-18 23:01:32',NULL,'2021-03-18 23:01:32','2021-03-18 23:01:32'),(19,56,1,'2021-03-18 23:01:32',NULL,'2021-03-18 23:01:32','2021-03-18 23:01:32'),(19,77,2,'2021-03-18 23:01:32',NULL,'2021-03-18 23:01:32','2021-03-18 23:01:32'),(20,3,2,'2021-03-18 23:01:33',NULL,'2021-03-18 23:01:33','2021-03-18 23:01:33'),(20,28,2,'2021-03-18 23:01:32',NULL,'2021-03-18 23:01:32','2021-03-18 23:01:32'),(20,48,3,'2021-03-18 23:01:32',NULL,'2021-03-18 23:01:32','2021-03-18 23:01:32'),(20,68,2,'2021-03-18 23:01:33',NULL,'2021-03-18 23:01:33','2021-03-18 23:01:33'),(20,89,3,'2021-03-18 23:01:33',NULL,'2021-03-18 23:01:33','2021-03-18 23:01:33'),(20,91,2,'2021-03-18 23:01:32',NULL,'2021-03-18 23:01:32','2021-03-18 23:01:32'),(21,7,2,'2021-03-18 23:01:33',NULL,'2021-03-18 23:01:33','2021-03-18 23:01:33'),(21,23,3,'2021-03-18 23:01:32',NULL,'2021-03-18 23:01:32','2021-03-18 23:01:32'),(21,26,2,'2021-03-18 23:01:32',NULL,'2021-03-18 23:01:32','2021-03-18 23:01:32'),(21,35,1,'2021-03-18 23:01:32',NULL,'2021-03-18 23:01:32','2021-03-18 23:01:32'),(21,39,1,'2021-03-18 23:01:33',NULL,'2021-03-18 23:01:33','2021-03-18 23:01:33'),(21,40,1,'2021-03-18 23:01:33',NULL,'2021-03-18 23:01:33','2021-03-18 23:01:33'),(21,54,1,'2021-03-18 23:01:33',NULL,'2021-03-18 23:01:33','2021-03-18 23:01:33'),(21,55,1,'2021-03-18 23:01:32',NULL,'2021-03-18 23:01:32','2021-03-18 23:01:32'),(21,76,1,'2021-03-18 23:01:34',NULL,'2021-03-18 23:01:34','2021-03-18 23:01:34'),(22,2,2,'2021-03-18 23:01:33',NULL,'2021-03-18 23:01:33','2021-03-18 23:01:33'),(22,4,3,'2021-03-18 23:01:33',NULL,'2021-03-18 23:01:33','2021-03-18 23:01:33'),(22,9,2,'2021-03-18 23:01:32',NULL,'2021-03-18 23:01:32','2021-03-18 23:01:32'),(22,41,1,'2021-03-18 23:01:33',NULL,'2021-03-18 23:01:33','2021-03-18 23:01:33'),(22,43,2,'2021-03-18 23:01:32',NULL,'2021-03-18 23:01:32','2021-03-18 23:01:32'),(22,73,3,'2021-03-18 23:01:33',NULL,'2021-03-18 23:01:33','2021-03-18 23:01:33'),(22,94,1,'2021-03-18 23:01:32',NULL,'2021-03-18 23:01:32','2021-03-18 23:01:32'),(22,96,3,'2021-03-18 23:01:33',NULL,'2021-03-18 23:01:33','2021-03-18 23:01:33'),(23,20,1,'2021-03-18 23:01:32',NULL,'2021-03-18 23:01:32','2021-03-18 23:01:32'),(23,28,3,'2021-03-18 23:01:33',NULL,'2021-03-18 23:01:33','2021-03-18 23:01:33'),(23,31,2,'2021-03-18 23:01:33',NULL,'2021-03-18 23:01:33','2021-03-18 23:01:33'),(23,45,3,'2021-03-18 23:01:31',NULL,'2021-03-18 23:01:31','2021-03-18 23:01:31'),(23,52,3,'2021-03-18 23:01:34',NULL,'2021-03-18 23:01:34','2021-03-18 23:01:34'),(23,58,1,'2021-03-18 23:01:33',NULL,'2021-03-18 23:01:33','2021-03-18 23:01:33'),(23,82,3,'2021-03-18 23:01:32',NULL,'2021-03-18 23:01:32','2021-03-18 23:01:32'),(23,83,1,'2021-03-18 23:01:32',NULL,'2021-03-18 23:01:32','2021-03-18 23:01:32'),(23,88,3,'2021-03-18 23:01:32',NULL,'2021-03-18 23:01:32','2021-03-18 23:01:32'),(23,95,1,'2021-03-18 23:01:34',NULL,'2021-03-18 23:01:34','2021-03-18 23:01:34'),(24,1,1,'2021-03-18 23:01:32',NULL,'2021-03-18 23:01:32','2021-03-18 23:01:32'),(24,39,2,'2021-03-18 23:01:32',NULL,'2021-03-18 23:01:32','2021-03-18 23:01:32'),(24,52,3,'2021-03-18 23:01:32',NULL,'2021-03-18 23:01:32','2021-03-18 23:01:32'),(24,54,2,'2021-03-18 23:01:33',NULL,'2021-03-18 23:01:33','2021-03-18 23:01:33'),(24,62,1,'2021-03-18 23:01:33',NULL,'2021-03-18 23:01:33','2021-03-18 23:01:33'),(24,81,3,'2021-03-18 23:01:33',NULL,'2021-03-18 23:01:33','2021-03-18 23:01:33'),(25,20,1,'2021-03-18 23:01:32',NULL,'2021-03-18 23:01:32','2021-03-18 23:01:32'),(25,34,3,'2021-03-18 23:01:33',NULL,'2021-03-18 23:01:33','2021-03-18 23:01:33'),(25,38,1,'2021-03-18 23:01:32',NULL,'2021-03-18 23:01:32','2021-03-18 23:01:32'),(25,42,1,'2021-03-18 23:01:34',NULL,'2021-03-18 23:01:34','2021-03-18 23:01:34'),(25,45,2,'2021-03-18 23:01:32',NULL,'2021-03-18 23:01:32','2021-03-18 23:01:32'),(25,46,2,'2021-03-18 23:01:34',NULL,'2021-03-18 23:01:34','2021-03-18 23:01:34'),(25,47,3,'2021-03-18 23:01:33',NULL,'2021-03-18 23:01:33','2021-03-18 23:01:33'),(25,51,2,'2021-03-18 23:01:34',NULL,'2021-03-18 23:01:34','2021-03-18 23:01:34'),(25,61,3,'2021-03-18 23:01:32',NULL,'2021-03-18 23:01:32','2021-03-18 23:01:32'),(25,64,2,'2021-03-18 23:01:33',NULL,'2021-03-18 23:01:33','2021-03-18 23:01:33'),(25,87,3,'2021-03-18 23:01:34',NULL,'2021-03-18 23:01:34','2021-03-18 23:01:34'),(25,90,3,'2021-03-18 23:01:34',NULL,'2021-03-18 23:01:34','2021-03-18 23:01:34'),(26,25,3,'2021-03-18 23:01:32',NULL,'2021-03-18 23:01:32','2021-03-18 23:01:32'),(26,30,3,'2021-03-18 23:01:32',NULL,'2021-03-18 23:01:32','2021-03-18 23:01:32'),(26,33,3,'2021-03-18 23:01:33',NULL,'2021-03-18 23:01:33','2021-03-18 23:01:33'),(26,36,3,'2021-03-18 23:01:32',NULL,'2021-03-18 23:01:32','2021-03-18 23:01:32'),(26,53,2,'2021-03-18 23:01:32',NULL,'2021-03-18 23:01:32','2021-03-18 23:01:32'),(26,76,3,'2021-03-18 23:01:33',NULL,'2021-03-18 23:01:33','2021-03-18 23:01:33'),(26,80,3,'2021-03-18 23:01:33',NULL,'2021-03-18 23:01:33','2021-03-18 23:01:33'),(26,82,2,'2021-03-18 23:01:33',NULL,'2021-03-18 23:01:33','2021-03-18 23:01:33'),(26,89,2,'2021-03-18 23:01:34',NULL,'2021-03-18 23:01:34','2021-03-18 23:01:34'),(27,1,2,'2021-03-18 23:01:33',NULL,'2021-03-18 23:01:33','2021-03-18 23:01:33'),(27,3,1,'2021-03-18 23:01:32',NULL,'2021-03-18 23:01:32','2021-03-18 23:01:32'),(27,67,3,'2021-03-18 23:01:32',NULL,'2021-03-18 23:01:32','2021-03-18 23:01:32'),(27,89,2,'2021-03-18 23:01:32',NULL,'2021-03-18 23:01:32','2021-03-18 23:01:32'),(28,10,1,'2021-03-18 23:01:33',NULL,'2021-03-18 23:01:33','2021-03-18 23:01:33'),(28,11,2,'2021-03-18 23:01:32',NULL,'2021-03-18 23:01:32','2021-03-18 23:01:32'),(28,15,2,'2021-03-18 23:01:33',NULL,'2021-03-18 23:01:33','2021-03-18 23:01:33'),(28,17,3,'2021-03-18 23:01:33',NULL,'2021-03-18 23:01:33','2021-03-18 23:01:33'),(28,22,3,'2021-03-18 23:01:34',NULL,'2021-03-18 23:01:34','2021-03-18 23:01:34'),(28,24,2,'2021-03-18 23:01:33',NULL,'2021-03-18 23:01:33','2021-03-18 23:01:33'),(28,29,2,'2021-03-18 23:01:34',NULL,'2021-03-18 23:01:34','2021-03-18 23:01:34'),(28,51,2,'2021-03-18 23:01:31',NULL,'2021-03-18 23:01:31','2021-03-18 23:01:31'),(28,54,3,'2021-03-18 23:01:32',NULL,'2021-03-18 23:01:32','2021-03-18 23:01:32'),(28,64,1,'2021-03-18 23:01:32',NULL,'2021-03-18 23:01:32','2021-03-18 23:01:32'),(28,88,2,'2021-03-18 23:01:32',NULL,'2021-03-18 23:01:32','2021-03-18 23:01:32'),(28,94,3,'2021-03-18 23:01:32',NULL,'2021-03-18 23:01:32','2021-03-18 23:01:32'),(28,95,3,'2021-03-18 23:01:32',NULL,'2021-03-18 23:01:32','2021-03-18 23:01:32'),(29,6,1,'2021-03-18 23:01:33',NULL,'2021-03-18 23:01:33','2021-03-18 23:01:33'),(29,22,1,'2021-03-18 23:01:32',NULL,'2021-03-18 23:01:32','2021-03-18 23:01:32'),(29,23,1,'2021-03-18 23:01:33',NULL,'2021-03-18 23:01:33','2021-03-18 23:01:33'),(29,35,2,'2021-03-18 23:01:33',NULL,'2021-03-18 23:01:33','2021-03-18 23:01:33'),(29,59,1,'2021-03-18 23:01:32',NULL,'2021-03-18 23:01:32','2021-03-18 23:01:32'),(29,60,1,'2021-03-18 23:01:32',NULL,'2021-03-18 23:01:32','2021-03-18 23:01:32'),(29,63,3,'2021-03-18 23:01:33',NULL,'2021-03-18 23:01:33','2021-03-18 23:01:33'),(29,66,3,'2021-03-18 23:01:33',NULL,'2021-03-18 23:01:33','2021-03-18 23:01:33'),(29,68,3,'2021-03-18 23:01:32',NULL,'2021-03-18 23:01:32','2021-03-18 23:01:32'),(29,74,1,'2021-03-18 23:01:32',NULL,'2021-03-18 23:01:32','2021-03-18 23:01:32'),(29,90,3,'2021-03-18 23:01:34',NULL,'2021-03-18 23:01:34','2021-03-18 23:01:34'),(29,94,2,'2021-03-18 23:01:33',NULL,'2021-03-18 23:01:33','2021-03-18 23:01:33'),(29,100,1,'2021-03-18 23:01:33',NULL,'2021-03-18 23:01:33','2021-03-18 23:01:33'),(30,3,2,'2021-03-18 23:01:32',NULL,'2021-03-18 23:01:32','2021-03-18 23:01:32'),(30,10,3,'2021-03-18 23:01:34',NULL,'2021-03-18 23:01:34','2021-03-18 23:01:34'),(30,13,2,'2021-03-18 23:01:33',NULL,'2021-03-18 23:01:33','2021-03-18 23:01:33'),(30,24,3,'2021-03-18 23:01:32',NULL,'2021-03-18 23:01:32','2021-03-18 23:01:32'),(30,50,2,'2021-03-18 23:01:33',NULL,'2021-03-18 23:01:33','2021-03-18 23:01:33'),(30,56,3,'2021-03-18 23:01:32',NULL,'2021-03-18 23:01:32','2021-03-18 23:01:32'),(30,81,1,'2021-03-18 23:01:33',NULL,'2021-03-18 23:01:33','2021-03-18 23:01:33'),(31,16,3,'2021-03-18 23:01:32',NULL,'2021-03-18 23:01:32','2021-03-18 23:01:32'),(31,24,1,'2021-03-18 23:01:32',NULL,'2021-03-18 23:01:32','2021-03-18 23:01:32'),(31,32,3,'2021-03-18 23:01:33',NULL,'2021-03-18 23:01:33','2021-03-18 23:01:33'),(31,50,3,'2021-03-18 23:01:34',NULL,'2021-03-18 23:01:34','2021-03-18 23:01:34'),(31,52,3,'2021-03-18 23:01:33',NULL,'2021-03-18 23:01:33','2021-03-18 23:01:33'),(31,67,2,'2021-03-18 23:01:32',NULL,'2021-03-18 23:01:32','2021-03-18 23:01:32'),(31,69,2,'2021-03-18 23:01:32',NULL,'2021-03-18 23:01:32','2021-03-18 23:01:32'),(31,71,1,'2021-03-18 23:01:33',NULL,'2021-03-18 23:01:33','2021-03-18 23:01:33'),(31,83,1,'2021-03-18 23:01:33',NULL,'2021-03-18 23:01:33','2021-03-18 23:01:33'),(31,99,2,'2021-03-18 23:01:32',NULL,'2021-03-18 23:01:32','2021-03-18 23:01:32'),(32,8,1,'2021-03-18 23:01:32',NULL,'2021-03-18 23:01:32','2021-03-18 23:01:32'),(32,19,3,'2021-03-18 23:01:33',NULL,'2021-03-18 23:01:33','2021-03-18 23:01:33'),(32,22,2,'2021-03-18 23:01:32',NULL,'2021-03-18 23:01:32','2021-03-18 23:01:32'),(32,26,1,'2021-03-18 23:01:31',NULL,'2021-03-18 23:01:31','2021-03-18 23:01:31'),(32,28,2,'2021-03-18 23:01:34',NULL,'2021-03-18 23:01:34','2021-03-18 23:01:34'),(32,29,3,'2021-03-18 23:01:32',NULL,'2021-03-18 23:01:32','2021-03-18 23:01:32'),(32,35,3,'2021-03-18 23:01:32',NULL,'2021-03-18 23:01:32','2021-03-18 23:01:32'),(32,36,2,'2021-03-18 23:01:32',NULL,'2021-03-18 23:01:32','2021-03-18 23:01:32'),(32,40,1,'2021-03-18 23:01:33',NULL,'2021-03-18 23:01:33','2021-03-18 23:01:33'),(32,44,1,'2021-03-18 23:01:34',NULL,'2021-03-18 23:01:34','2021-03-18 23:01:34'),(32,64,1,'2021-03-18 23:01:33',NULL,'2021-03-18 23:01:33','2021-03-18 23:01:33'),(32,65,3,'2021-03-18 23:01:33',NULL,'2021-03-18 23:01:33','2021-03-18 23:01:33'),(32,73,2,'2021-03-18 23:01:33',NULL,'2021-03-18 23:01:33','2021-03-18 23:01:33'),(32,75,2,'2021-03-18 23:01:33',NULL,'2021-03-18 23:01:33','2021-03-18 23:01:33'),(32,96,3,'2021-03-18 23:01:33',NULL,'2021-03-18 23:01:33','2021-03-18 23:01:33'),(32,97,2,'2021-03-18 23:01:32',NULL,'2021-03-18 23:01:32','2021-03-18 23:01:32'),(33,9,1,'2021-03-18 23:01:32',NULL,'2021-03-18 23:01:32','2021-03-18 23:01:32'),(33,10,2,'2021-03-18 23:01:32',NULL,'2021-03-18 23:01:32','2021-03-18 23:01:32'),(33,28,2,'2021-03-18 23:01:32',NULL,'2021-03-18 23:01:32','2021-03-18 23:01:32'),(33,36,2,'2021-03-18 23:01:32',NULL,'2021-03-18 23:01:32','2021-03-18 23:01:32'),(33,65,1,'2021-03-18 23:01:33',NULL,'2021-03-18 23:01:33','2021-03-18 23:01:33'),(34,3,1,'2021-03-18 23:01:32',NULL,'2021-03-18 23:01:32','2021-03-18 23:01:32'),(34,40,3,'2021-03-18 23:01:33',NULL,'2021-03-18 23:01:33','2021-03-18 23:01:33'),(34,44,1,'2021-03-18 23:01:33',NULL,'2021-03-18 23:01:33','2021-03-18 23:01:33'),(34,45,1,'2021-03-18 23:01:32',NULL,'2021-03-18 23:01:32','2021-03-18 23:01:32'),(34,54,3,'2021-03-18 23:01:34',NULL,'2021-03-18 23:01:34','2021-03-18 23:01:34'),(34,60,2,'2021-03-18 23:01:32',NULL,'2021-03-18 23:01:32','2021-03-18 23:01:32'),(34,72,1,'2021-03-18 23:01:33',NULL,'2021-03-18 23:01:33','2021-03-18 23:01:33'),(34,77,3,'2021-03-18 23:01:33',NULL,'2021-03-18 23:01:33','2021-03-18 23:01:33'),(34,86,3,'2021-03-18 23:01:33',NULL,'2021-03-18 23:01:33','2021-03-18 23:01:33'),(35,5,1,'2021-03-18 23:01:32',NULL,'2021-03-18 23:01:32','2021-03-18 23:01:32'),(35,17,3,'2021-03-18 23:01:32',NULL,'2021-03-18 23:01:32','2021-03-18 23:01:32'),(35,24,2,'2021-03-18 23:01:32',NULL,'2021-03-18 23:01:32','2021-03-18 23:01:32'),(35,33,2,'2021-03-18 23:01:33',NULL,'2021-03-18 23:01:33','2021-03-18 23:01:33'),(35,50,3,'2021-03-18 23:01:32',NULL,'2021-03-18 23:01:32','2021-03-18 23:01:32'),(35,54,3,'2021-03-18 23:01:34',NULL,'2021-03-18 23:01:34','2021-03-18 23:01:34'),(35,78,3,'2021-03-18 23:01:33',NULL,'2021-03-18 23:01:33','2021-03-18 23:01:33'),(35,91,1,'2021-03-18 23:01:32',NULL,'2021-03-18 23:01:32','2021-03-18 23:01:32'),(35,98,3,'2021-03-18 23:01:32',NULL,'2021-03-18 23:01:32','2021-03-18 23:01:32'),(36,5,1,'2021-03-18 23:01:32',NULL,'2021-03-18 23:01:32','2021-03-18 23:01:32'),(36,16,2,'2021-03-18 23:01:33',NULL,'2021-03-18 23:01:33','2021-03-18 23:01:33'),(36,20,3,'2021-03-18 23:01:33',NULL,'2021-03-18 23:01:33','2021-03-18 23:01:33'),(36,46,1,'2021-03-18 23:01:32',NULL,'2021-03-18 23:01:32','2021-03-18 23:01:32'),(36,50,1,'2021-03-18 23:01:33',NULL,'2021-03-18 23:01:33','2021-03-18 23:01:33'),(36,56,2,'2021-03-18 23:01:34',NULL,'2021-03-18 23:01:34','2021-03-18 23:01:34'),(36,57,2,'2021-03-18 23:01:32',NULL,'2021-03-18 23:01:32','2021-03-18 23:01:32'),(36,70,2,'2021-03-18 23:01:33',NULL,'2021-03-18 23:01:33','2021-03-18 23:01:33'),(36,72,2,'2021-03-18 23:01:32',NULL,'2021-03-18 23:01:32','2021-03-18 23:01:32'),(36,83,1,'2021-03-18 23:01:33',NULL,'2021-03-18 23:01:33','2021-03-18 23:01:33'),(36,85,1,'2021-03-18 23:01:32',NULL,'2021-03-18 23:01:32','2021-03-18 23:01:32'),(36,90,2,'2021-03-18 23:01:33',NULL,'2021-03-18 23:01:33','2021-03-18 23:01:33'),(36,96,3,'2021-03-18 23:01:33',NULL,'2021-03-18 23:01:33','2021-03-18 23:01:33'),(37,4,1,'2021-03-18 23:01:33',NULL,'2021-03-18 23:01:33','2021-03-18 23:01:33'),(37,28,1,'2021-03-18 23:01:33',NULL,'2021-03-18 23:01:33','2021-03-18 23:01:33'),(37,47,1,'2021-03-18 23:01:32',NULL,'2021-03-18 23:01:32','2021-03-18 23:01:32'),(37,53,3,'2021-03-18 23:01:32',NULL,'2021-03-18 23:01:32','2021-03-18 23:01:32'),(37,59,3,'2021-03-18 23:01:33',NULL,'2021-03-18 23:01:33','2021-03-18 23:01:33'),(37,60,3,'2021-03-18 23:01:33',NULL,'2021-03-18 23:01:33','2021-03-18 23:01:33'),(37,63,1,'2021-03-18 23:01:32',NULL,'2021-03-18 23:01:32','2021-03-18 23:01:32'),(37,69,1,'2021-03-18 23:01:33',NULL,'2021-03-18 23:01:33','2021-03-18 23:01:33'),(37,70,3,'2021-03-18 23:01:33',NULL,'2021-03-18 23:01:33','2021-03-18 23:01:33'),(37,91,3,'2021-03-18 23:01:32',NULL,'2021-03-18 23:01:32','2021-03-18 23:01:32'),(38,8,2,'2021-03-18 23:01:33',NULL,'2021-03-18 23:01:33','2021-03-18 23:01:33'),(38,31,2,'2021-03-18 23:01:33',NULL,'2021-03-18 23:01:33','2021-03-18 23:01:33'),(38,32,3,'2021-03-18 23:01:32',NULL,'2021-03-18 23:01:32','2021-03-18 23:01:32'),(38,50,2,'2021-03-18 23:01:33',NULL,'2021-03-18 23:01:33','2021-03-18 23:01:33'),(38,51,1,'2021-03-18 23:01:32',NULL,'2021-03-18 23:01:32','2021-03-18 23:01:32'),(38,52,1,'2021-03-18 23:01:33',NULL,'2021-03-18 23:01:33','2021-03-18 23:01:33'),(38,54,2,'2021-03-18 23:01:32',NULL,'2021-03-18 23:01:32','2021-03-18 23:01:32'),(38,56,2,'2021-03-18 23:01:32',NULL,'2021-03-18 23:01:32','2021-03-18 23:01:32'),(38,66,1,'2021-03-18 23:01:33',NULL,'2021-03-18 23:01:33','2021-03-18 23:01:33'),(38,72,2,'2021-03-18 23:01:33',NULL,'2021-03-18 23:01:33','2021-03-18 23:01:33'),(38,83,1,'2021-03-18 23:01:34',NULL,'2021-03-18 23:01:34','2021-03-18 23:01:34'),(38,86,1,'2021-03-18 23:01:32',NULL,'2021-03-18 23:01:32','2021-03-18 23:01:32'),(38,94,2,'2021-03-18 23:01:32',NULL,'2021-03-18 23:01:32','2021-03-18 23:01:32'),(39,1,2,'2021-03-18 23:01:33',NULL,'2021-03-18 23:01:33','2021-03-18 23:01:33'),(39,5,3,'2021-03-18 23:01:33',NULL,'2021-03-18 23:01:33','2021-03-18 23:01:33'),(39,6,1,'2021-03-18 23:01:33',NULL,'2021-03-18 23:01:33','2021-03-18 23:01:33'),(39,7,1,'2021-03-18 23:01:32',NULL,'2021-03-18 23:01:32','2021-03-18 23:01:32'),(39,10,1,'2021-03-18 23:01:33',NULL,'2021-03-18 23:01:33','2021-03-18 23:01:33'),(39,15,3,'2021-03-18 23:01:33',NULL,'2021-03-18 23:01:33','2021-03-18 23:01:33'),(39,27,2,'2021-03-18 23:01:32',NULL,'2021-03-18 23:01:32','2021-03-18 23:01:32'),(39,53,3,'2021-03-18 23:01:33',NULL,'2021-03-18 23:01:33','2021-03-18 23:01:33'),(39,58,3,'2021-03-18 23:01:33',NULL,'2021-03-18 23:01:33','2021-03-18 23:01:33'),(39,64,1,'2021-03-18 23:01:33',NULL,'2021-03-18 23:01:33','2021-03-18 23:01:33'),(39,71,1,'2021-03-18 23:01:32',NULL,'2021-03-18 23:01:32','2021-03-18 23:01:32'),(39,76,1,'2021-03-18 23:01:32',NULL,'2021-03-18 23:01:32','2021-03-18 23:01:32'),(39,81,2,'2021-03-18 23:01:32',NULL,'2021-03-18 23:01:32','2021-03-18 23:01:32'),(39,82,3,'2021-03-18 23:01:33',NULL,'2021-03-18 23:01:33','2021-03-18 23:01:33'),(39,86,1,'2021-03-18 23:01:33',NULL,'2021-03-18 23:01:33','2021-03-18 23:01:33'),(39,92,3,'2021-03-18 23:01:34',NULL,'2021-03-18 23:01:34','2021-03-18 23:01:34'),(40,22,2,'2021-03-18 23:01:33',NULL,'2021-03-18 23:01:33','2021-03-18 23:01:33'),(40,27,3,'2021-03-18 23:01:32',NULL,'2021-03-18 23:01:32','2021-03-18 23:01:32'),(40,30,1,'2021-03-18 23:01:34',NULL,'2021-03-18 23:01:34','2021-03-18 23:01:34'),(40,31,1,'2021-03-18 23:01:33',NULL,'2021-03-18 23:01:33','2021-03-18 23:01:33'),(40,33,2,'2021-03-18 23:01:32',NULL,'2021-03-18 23:01:32','2021-03-18 23:01:32'),(40,47,1,'2021-03-18 23:01:34',NULL,'2021-03-18 23:01:34','2021-03-18 23:01:34'),(40,53,1,'2021-03-18 23:01:32',NULL,'2021-03-18 23:01:32','2021-03-18 23:01:32'),(40,64,1,'2021-03-18 23:01:32',NULL,'2021-03-18 23:01:32','2021-03-18 23:01:32'),(40,71,3,'2021-03-18 23:01:33',NULL,'2021-03-18 23:01:33','2021-03-18 23:01:33'),(40,76,1,'2021-03-18 23:01:33',NULL,'2021-03-18 23:01:33','2021-03-18 23:01:33'),(40,81,3,'2021-03-18 23:01:33',NULL,'2021-03-18 23:01:33','2021-03-18 23:01:33'),(40,83,2,'2021-03-18 23:01:33',NULL,'2021-03-18 23:01:33','2021-03-18 23:01:33'),(40,84,1,'2021-03-18 23:01:32',NULL,'2021-03-18 23:01:32','2021-03-18 23:01:32'),(41,2,2,'2021-03-18 23:01:33',NULL,'2021-03-18 23:01:33','2021-03-18 23:01:33'),(41,3,2,'2021-03-18 23:01:32',NULL,'2021-03-18 23:01:32','2021-03-18 23:01:32'),(41,6,1,'2021-03-18 23:01:33',NULL,'2021-03-18 23:01:33','2021-03-18 23:01:33'),(41,7,1,'2021-03-18 23:01:32',NULL,'2021-03-18 23:01:32','2021-03-18 23:01:32'),(41,16,2,'2021-03-18 23:01:32',NULL,'2021-03-18 23:01:32','2021-03-18 23:01:32'),(41,27,1,'2021-03-18 23:01:33',NULL,'2021-03-18 23:01:33','2021-03-18 23:01:33'),(41,35,2,'2021-03-18 23:01:34',NULL,'2021-03-18 23:01:34','2021-03-18 23:01:34'),(41,42,3,'2021-03-18 23:01:31',NULL,'2021-03-18 23:01:31','2021-03-18 23:01:31'),(41,48,3,'2021-03-18 23:01:34',NULL,'2021-03-18 23:01:34','2021-03-18 23:01:34'),(41,54,3,'2021-03-18 23:01:32',NULL,'2021-03-18 23:01:32','2021-03-18 23:01:32'),(41,72,3,'2021-03-18 23:01:32',NULL,'2021-03-18 23:01:32','2021-03-18 23:01:32'),(41,78,3,'2021-03-18 23:01:32',NULL,'2021-03-18 23:01:32','2021-03-18 23:01:32'),(41,79,3,'2021-03-18 23:01:32',NULL,'2021-03-18 23:01:32','2021-03-18 23:01:32'),(41,81,2,'2021-03-18 23:01:33',NULL,'2021-03-18 23:01:33','2021-03-18 23:01:33'),(41,84,2,'2021-03-18 23:01:32',NULL,'2021-03-18 23:01:32','2021-03-18 23:01:32'),(41,85,3,'2021-03-18 23:01:32',NULL,'2021-03-18 23:01:32','2021-03-18 23:01:32'),(41,94,3,'2021-03-18 23:01:34',NULL,'2021-03-18 23:01:34','2021-03-18 23:01:34'),(41,98,3,'2021-03-18 23:01:32',NULL,'2021-03-18 23:01:32','2021-03-18 23:01:32'),(41,100,3,'2021-03-18 23:01:33',NULL,'2021-03-18 23:01:33','2021-03-18 23:01:33'),(42,12,3,'2021-03-18 23:01:33',NULL,'2021-03-18 23:01:33','2021-03-18 23:01:33'),(42,14,1,'2021-03-18 23:01:31',NULL,'2021-03-18 23:01:31','2021-03-18 23:01:31'),(42,19,1,'2021-03-18 23:01:33',NULL,'2021-03-18 23:01:33','2021-03-18 23:01:33'),(42,20,2,'2021-03-18 23:01:32',NULL,'2021-03-18 23:01:32','2021-03-18 23:01:32'),(42,30,3,'2021-03-18 23:01:32',NULL,'2021-03-18 23:01:32','2021-03-18 23:01:32'),(42,53,2,'2021-03-18 23:01:32',NULL,'2021-03-18 23:01:32','2021-03-18 23:01:32'),(42,72,1,'2021-03-18 23:01:33',NULL,'2021-03-18 23:01:33','2021-03-18 23:01:33'),(42,86,3,'2021-03-18 23:01:33',NULL,'2021-03-18 23:01:33','2021-03-18 23:01:33'),(42,89,2,'2021-03-18 23:01:32',NULL,'2021-03-18 23:01:32','2021-03-18 23:01:32'),(43,8,1,'2021-03-18 23:01:32',NULL,'2021-03-18 23:01:32','2021-03-18 23:01:32'),(43,15,3,'2021-03-18 23:01:31',NULL,'2021-03-18 23:01:31','2021-03-18 23:01:31'),(43,22,2,'2021-03-18 23:01:32',NULL,'2021-03-18 23:01:32','2021-03-18 23:01:32'),(43,31,1,'2021-03-18 23:01:32',NULL,'2021-03-18 23:01:32','2021-03-18 23:01:32'),(43,36,2,'2021-03-18 23:01:33',NULL,'2021-03-18 23:01:33','2021-03-18 23:01:33'),(43,39,2,'2021-03-18 23:01:32',NULL,'2021-03-18 23:01:32','2021-03-18 23:01:32'),(43,45,3,'2021-03-18 23:01:32',NULL,'2021-03-18 23:01:32','2021-03-18 23:01:32'),(43,46,1,'2021-03-18 23:01:34',NULL,'2021-03-18 23:01:34','2021-03-18 23:01:34'),(43,50,1,'2021-03-18 23:01:32',NULL,'2021-03-18 23:01:32','2021-03-18 23:01:32'),(43,77,2,'2021-03-18 23:01:33',NULL,'2021-03-18 23:01:33','2021-03-18 23:01:33'),(43,79,1,'2021-03-18 23:01:34',NULL,'2021-03-18 23:01:34','2021-03-18 23:01:34'),(43,84,3,'2021-03-18 23:01:32',NULL,'2021-03-18 23:01:32','2021-03-18 23:01:32'),(44,23,3,'2021-03-18 23:01:33',NULL,'2021-03-18 23:01:33','2021-03-18 23:01:33'),(44,30,3,'2021-03-18 23:01:33',NULL,'2021-03-18 23:01:33','2021-03-18 23:01:33'),(44,38,1,'2021-03-18 23:01:32',NULL,'2021-03-18 23:01:32','2021-03-18 23:01:32'),(44,42,2,'2021-03-18 23:01:32',NULL,'2021-03-18 23:01:32','2021-03-18 23:01:32'),(44,45,3,'2021-03-18 23:01:33',NULL,'2021-03-18 23:01:33','2021-03-18 23:01:33'),(44,54,1,'2021-03-18 23:01:33',NULL,'2021-03-18 23:01:33','2021-03-18 23:01:33'),(44,57,3,'2021-03-18 23:01:33',NULL,'2021-03-18 23:01:33','2021-03-18 23:01:33'),(44,58,2,'2021-03-18 23:01:33',NULL,'2021-03-18 23:01:33','2021-03-18 23:01:33'),(44,66,3,'2021-03-18 23:01:34',NULL,'2021-03-18 23:01:34','2021-03-18 23:01:34'),(44,77,2,'2021-03-18 23:01:32',NULL,'2021-03-18 23:01:32','2021-03-18 23:01:32'),(44,82,2,'2021-03-18 23:01:33',NULL,'2021-03-18 23:01:33','2021-03-18 23:01:33'),(44,90,2,'2021-03-18 23:01:33',NULL,'2021-03-18 23:01:33','2021-03-18 23:01:33'),(44,91,1,'2021-03-18 23:01:32',NULL,'2021-03-18 23:01:32','2021-03-18 23:01:32'),(44,99,2,'2021-03-18 23:01:34',NULL,'2021-03-18 23:01:34','2021-03-18 23:01:34'),(45,4,2,'2021-03-18 23:01:34',NULL,'2021-03-18 23:01:34','2021-03-18 23:01:34'),(45,5,2,'2021-03-18 23:01:33',NULL,'2021-03-18 23:01:33','2021-03-18 23:01:33'),(45,8,2,'2021-03-18 23:01:32',NULL,'2021-03-18 23:01:32','2021-03-18 23:01:32'),(45,10,1,'2021-03-18 23:01:34',NULL,'2021-03-18 23:01:34','2021-03-18 23:01:34'),(45,17,1,'2021-03-18 23:01:32',NULL,'2021-03-18 23:01:32','2021-03-18 23:01:32'),(45,18,3,'2021-03-18 23:01:32',NULL,'2021-03-18 23:01:32','2021-03-18 23:01:32'),(45,25,3,'2021-03-18 23:01:33',NULL,'2021-03-18 23:01:33','2021-03-18 23:01:33'),(45,30,1,'2021-03-18 23:01:33',NULL,'2021-03-18 23:01:33','2021-03-18 23:01:33'),(45,53,1,'2021-03-18 23:01:33',NULL,'2021-03-18 23:01:33','2021-03-18 23:01:33'),(45,61,2,'2021-03-18 23:01:34',NULL,'2021-03-18 23:01:34','2021-03-18 23:01:34'),(45,65,2,'2021-03-18 23:01:34',NULL,'2021-03-18 23:01:34','2021-03-18 23:01:34'),(45,82,2,'2021-03-18 23:01:32',NULL,'2021-03-18 23:01:32','2021-03-18 23:01:32'),(45,85,3,'2021-03-18 23:01:33',NULL,'2021-03-18 23:01:33','2021-03-18 23:01:33'),(45,88,1,'2021-03-18 23:01:33',NULL,'2021-03-18 23:01:33','2021-03-18 23:01:33'),(45,92,3,'2021-03-18 23:01:33',NULL,'2021-03-18 23:01:33','2021-03-18 23:01:33'),(45,96,3,'2021-03-18 23:01:33',NULL,'2021-03-18 23:01:33','2021-03-18 23:01:33'),(46,16,3,'2021-03-18 23:01:33',NULL,'2021-03-18 23:01:33','2021-03-18 23:01:33'),(46,47,3,'2021-03-18 23:01:34',NULL,'2021-03-18 23:01:34','2021-03-18 23:01:34'),(46,61,3,'2021-03-18 23:01:32',NULL,'2021-03-18 23:01:32','2021-03-18 23:01:32'),(46,84,2,'2021-03-18 23:01:33',NULL,'2021-03-18 23:01:33','2021-03-18 23:01:33'),(46,94,3,'2021-03-18 23:01:33',NULL,'2021-03-18 23:01:33','2021-03-18 23:01:33'),(46,97,2,'2021-03-18 23:01:34',NULL,'2021-03-18 23:01:34','2021-03-18 23:01:34'),(46,100,2,'2021-03-18 23:01:32',NULL,'2021-03-18 23:01:32','2021-03-18 23:01:32'),(47,15,2,'2021-03-18 23:01:33',NULL,'2021-03-18 23:01:33','2021-03-18 23:01:33'),(47,42,3,'2021-03-18 23:01:34',NULL,'2021-03-18 23:01:34','2021-03-18 23:01:34'),(47,57,3,'2021-03-18 23:01:32',NULL,'2021-03-18 23:01:32','2021-03-18 23:01:32'),(47,77,1,'2021-03-18 23:01:32',NULL,'2021-03-18 23:01:32','2021-03-18 23:01:32'),(47,86,3,'2021-03-18 23:01:33',NULL,'2021-03-18 23:01:33','2021-03-18 23:01:33'),(48,16,2,'2021-03-18 23:01:32',NULL,'2021-03-18 23:01:32','2021-03-18 23:01:32'),(48,30,1,'2021-03-18 23:01:34',NULL,'2021-03-18 23:01:34','2021-03-18 23:01:34'),(48,35,3,'2021-03-18 23:01:33',NULL,'2021-03-18 23:01:33','2021-03-18 23:01:33'),(48,39,3,'2021-03-18 23:01:31',NULL,'2021-03-18 23:01:31','2021-03-18 23:01:31'),(48,46,3,'2021-03-18 23:01:33',NULL,'2021-03-18 23:01:33','2021-03-18 23:01:33'),(48,64,1,'2021-03-18 23:01:33',NULL,'2021-03-18 23:01:33','2021-03-18 23:01:33'),(48,65,2,'2021-03-18 23:01:33',NULL,'2021-03-18 23:01:33','2021-03-18 23:01:33'),(48,72,1,'2021-03-18 23:01:33',NULL,'2021-03-18 23:01:33','2021-03-18 23:01:33'),(48,74,2,'2021-03-18 23:01:34',NULL,'2021-03-18 23:01:34','2021-03-18 23:01:34'),(48,80,3,'2021-03-18 23:01:33',NULL,'2021-03-18 23:01:33','2021-03-18 23:01:33'),(48,88,2,'2021-03-18 23:01:32',NULL,'2021-03-18 23:01:32','2021-03-18 23:01:32'),(48,96,1,'2021-03-18 23:01:33',NULL,'2021-03-18 23:01:33','2021-03-18 23:01:33'),(48,99,1,'2021-03-18 23:01:34',NULL,'2021-03-18 23:01:34','2021-03-18 23:01:34'),(49,9,3,'2021-03-18 23:01:32',NULL,'2021-03-18 23:01:32','2021-03-18 23:01:32'),(49,29,3,'2021-03-18 23:01:32',NULL,'2021-03-18 23:01:32','2021-03-18 23:01:32'),(49,35,1,'2021-03-18 23:01:33',NULL,'2021-03-18 23:01:33','2021-03-18 23:01:33'),(49,58,3,'2021-03-18 23:01:32',NULL,'2021-03-18 23:01:32','2021-03-18 23:01:32'),(49,71,1,'2021-03-18 23:01:32',NULL,'2021-03-18 23:01:32','2021-03-18 23:01:32'),(49,76,1,'2021-03-18 23:01:33',NULL,'2021-03-18 23:01:33','2021-03-18 23:01:33'),(49,78,1,'2021-03-18 23:01:32',NULL,'2021-03-18 23:01:32','2021-03-18 23:01:32'),(49,95,1,'2021-03-18 23:01:31',NULL,'2021-03-18 23:01:31','2021-03-18 23:01:31'),(49,98,2,'2021-03-18 23:01:34',NULL,'2021-03-18 23:01:34','2021-03-18 23:01:34'),(50,4,2,'2021-03-18 23:01:33',NULL,'2021-03-18 23:01:33','2021-03-18 23:01:33'),(50,21,3,'2021-03-18 23:01:32',NULL,'2021-03-18 23:01:32','2021-03-18 23:01:32'),(50,38,1,'2021-03-18 23:01:33',NULL,'2021-03-18 23:01:33','2021-03-18 23:01:33'),(50,63,3,'2021-03-18 23:01:32',NULL,'2021-03-18 23:01:32','2021-03-18 23:01:32'),(50,84,1,'2021-03-18 23:01:31',NULL,'2021-03-18 23:01:31','2021-03-18 23:01:31'),(50,86,3,'2021-03-18 23:01:34',NULL,'2021-03-18 23:01:34','2021-03-18 23:01:34'),(50,91,1,'2021-03-18 23:01:32',NULL,'2021-03-18 23:01:32','2021-03-18 23:01:32'),(51,5,2,'2021-03-18 23:01:33',NULL,'2021-03-18 23:01:33','2021-03-18 23:01:33'),(51,10,2,'2021-03-18 23:01:32',NULL,'2021-03-18 23:01:32','2021-03-18 23:01:32'),(51,15,1,'2021-03-18 23:01:34',NULL,'2021-03-18 23:01:34','2021-03-18 23:01:34'),(51,35,2,'2021-03-18 23:01:33',NULL,'2021-03-18 23:01:33','2021-03-18 23:01:33'),(51,49,2,'2021-03-18 23:01:33',NULL,'2021-03-18 23:01:33','2021-03-18 23:01:33'),(51,54,1,'2021-03-18 23:01:33',NULL,'2021-03-18 23:01:33','2021-03-18 23:01:33'),(51,67,2,'2021-03-18 23:01:34',NULL,'2021-03-18 23:01:34','2021-03-18 23:01:34'),(51,96,1,'2021-03-18 23:01:34',NULL,'2021-03-18 23:01:34','2021-03-18 23:01:34'),(52,6,2,'2021-03-18 23:01:33',NULL,'2021-03-18 23:01:33','2021-03-18 23:01:33'),(52,17,1,'2021-03-18 23:01:34',NULL,'2021-03-18 23:01:34','2021-03-18 23:01:34'),(52,18,2,'2021-03-18 23:01:33',NULL,'2021-03-18 23:01:33','2021-03-18 23:01:33'),(52,27,2,'2021-03-18 23:01:32',NULL,'2021-03-18 23:01:32','2021-03-18 23:01:32'),(52,28,3,'2021-03-18 23:01:34',NULL,'2021-03-18 23:01:34','2021-03-18 23:01:34'),(52,30,3,'2021-03-18 23:01:32',NULL,'2021-03-18 23:01:32','2021-03-18 23:01:32'),(52,34,1,'2021-03-18 23:01:33',NULL,'2021-03-18 23:01:33','2021-03-18 23:01:33'),(52,42,2,'2021-03-18 23:01:32',NULL,'2021-03-18 23:01:32','2021-03-18 23:01:32'),(52,44,3,'2021-03-18 23:01:32',NULL,'2021-03-18 23:01:32','2021-03-18 23:01:32'),(52,49,3,'2021-03-18 23:01:32',NULL,'2021-03-18 23:01:32','2021-03-18 23:01:32'),(52,53,1,'2021-03-18 23:01:34',NULL,'2021-03-18 23:01:34','2021-03-18 23:01:34'),(52,56,1,'2021-03-18 23:01:32',NULL,'2021-03-18 23:01:32','2021-03-18 23:01:32'),(52,59,2,'2021-03-18 23:01:32',NULL,'2021-03-18 23:01:32','2021-03-18 23:01:32'),(52,77,2,'2021-03-18 23:01:32',NULL,'2021-03-18 23:01:32','2021-03-18 23:01:32'),(52,100,2,'2021-03-18 23:01:32',NULL,'2021-03-18 23:01:32','2021-03-18 23:01:32'),(53,1,3,'2021-03-18 23:01:33',NULL,'2021-03-18 23:01:33','2021-03-18 23:01:33'),(53,15,1,'2021-03-18 23:01:33',NULL,'2021-03-18 23:01:33','2021-03-18 23:01:33'),(53,31,3,'2021-03-18 23:01:32',NULL,'2021-03-18 23:01:32','2021-03-18 23:01:32'),(53,34,1,'2021-03-18 23:01:32',NULL,'2021-03-18 23:01:32','2021-03-18 23:01:32'),(53,38,3,'2021-03-18 23:01:32',NULL,'2021-03-18 23:01:32','2021-03-18 23:01:32'),(53,50,3,'2021-03-18 23:01:33',NULL,'2021-03-18 23:01:33','2021-03-18 23:01:33'),(53,64,2,'2021-03-18 23:01:33',NULL,'2021-03-18 23:01:33','2021-03-18 23:01:33'),(53,83,2,'2021-03-18 23:01:32',NULL,'2021-03-18 23:01:32','2021-03-18 23:01:32'),(54,12,3,'2021-03-18 23:01:32',NULL,'2021-03-18 23:01:32','2021-03-18 23:01:32'),(54,65,2,'2021-03-18 23:01:32',NULL,'2021-03-18 23:01:32','2021-03-18 23:01:32'),(54,87,1,'2021-03-18 23:01:33',NULL,'2021-03-18 23:01:33','2021-03-18 23:01:33'),(54,91,3,'2021-03-18 23:01:32',NULL,'2021-03-18 23:01:32','2021-03-18 23:01:32'),(55,30,2,'2021-03-18 23:01:32',NULL,'2021-03-18 23:01:32','2021-03-18 23:01:32'),(55,58,3,'2021-03-18 23:01:34',NULL,'2021-03-18 23:01:34','2021-03-18 23:01:34'),(55,71,2,'2021-03-18 23:01:34',NULL,'2021-03-18 23:01:34','2021-03-18 23:01:34'),(55,83,1,'2021-03-18 23:01:32',NULL,'2021-03-18 23:01:32','2021-03-18 23:01:32'),(55,88,2,'2021-03-18 23:01:33',NULL,'2021-03-18 23:01:33','2021-03-18 23:01:33'),(55,99,1,'2021-03-18 23:01:33',NULL,'2021-03-18 23:01:33','2021-03-18 23:01:33'),(56,2,2,'2021-03-18 23:01:33',NULL,'2021-03-18 23:01:33','2021-03-18 23:01:33'),(56,21,2,'2021-03-18 23:01:32',NULL,'2021-03-18 23:01:32','2021-03-18 23:01:32'),(56,23,1,'2021-03-18 23:01:33',NULL,'2021-03-18 23:01:33','2021-03-18 23:01:33'),(56,26,2,'2021-03-18 23:01:33',NULL,'2021-03-18 23:01:33','2021-03-18 23:01:33'),(56,32,3,'2021-03-18 23:01:33',NULL,'2021-03-18 23:01:33','2021-03-18 23:01:33'),(56,64,3,'2021-03-18 23:01:32',NULL,'2021-03-18 23:01:32','2021-03-18 23:01:32'),(56,78,3,'2021-03-18 23:01:32',NULL,'2021-03-18 23:01:32','2021-03-18 23:01:32'),(56,88,2,'2021-03-18 23:01:34',NULL,'2021-03-18 23:01:34','2021-03-18 23:01:34'),(57,17,1,'2021-03-18 23:01:32',NULL,'2021-03-18 23:01:32','2021-03-18 23:01:32'),(57,28,3,'2021-03-18 23:01:32',NULL,'2021-03-18 23:01:32','2021-03-18 23:01:32'),(57,32,2,'2021-03-18 23:01:33',NULL,'2021-03-18 23:01:33','2021-03-18 23:01:33'),(57,41,1,'2021-03-18 23:01:33',NULL,'2021-03-18 23:01:33','2021-03-18 23:01:33'),(57,43,1,'2021-03-18 23:01:32',NULL,'2021-03-18 23:01:32','2021-03-18 23:01:32'),(57,53,2,'2021-03-18 23:01:34',NULL,'2021-03-18 23:01:34','2021-03-18 23:01:34'),(57,56,1,'2021-03-18 23:01:32',NULL,'2021-03-18 23:01:32','2021-03-18 23:01:32'),(57,59,1,'2021-03-18 23:01:33',NULL,'2021-03-18 23:01:33','2021-03-18 23:01:33'),(57,90,2,'2021-03-18 23:01:33',NULL,'2021-03-18 23:01:33','2021-03-18 23:01:33'),(57,98,1,'2021-03-18 23:01:33',NULL,'2021-03-18 23:01:33','2021-03-18 23:01:33'),(58,15,2,'2021-03-18 23:01:33',NULL,'2021-03-18 23:01:33','2021-03-18 23:01:33'),(58,68,2,'2021-03-18 23:01:32',NULL,'2021-03-18 23:01:32','2021-03-18 23:01:32'),(58,76,1,'2021-03-18 23:01:33',NULL,'2021-03-18 23:01:33','2021-03-18 23:01:33'),(58,78,1,'2021-03-18 23:01:33',NULL,'2021-03-18 23:01:33','2021-03-18 23:01:33'),(58,80,3,'2021-03-18 23:01:33',NULL,'2021-03-18 23:01:33','2021-03-18 23:01:33'),(58,84,1,'2021-03-18 23:01:32',NULL,'2021-03-18 23:01:32','2021-03-18 23:01:32'),(58,91,2,'2021-03-18 23:01:32',NULL,'2021-03-18 23:01:32','2021-03-18 23:01:32'),(58,94,3,'2021-03-18 23:01:33',NULL,'2021-03-18 23:01:33','2021-03-18 23:01:33'),(58,95,2,'2021-03-18 23:01:33',NULL,'2021-03-18 23:01:33','2021-03-18 23:01:33'),(58,99,2,'2021-03-18 23:01:32',NULL,'2021-03-18 23:01:32','2021-03-18 23:01:32'),(59,12,3,'2021-03-18 23:01:33',NULL,'2021-03-18 23:01:33','2021-03-18 23:01:33'),(59,13,3,'2021-03-18 23:01:34',NULL,'2021-03-18 23:01:34','2021-03-18 23:01:34'),(59,15,3,'2021-03-18 23:01:33',NULL,'2021-03-18 23:01:33','2021-03-18 23:01:33'),(59,26,3,'2021-03-18 23:01:32',NULL,'2021-03-18 23:01:32','2021-03-18 23:01:32'),(59,33,3,'2021-03-18 23:01:32',NULL,'2021-03-18 23:01:32','2021-03-18 23:01:32'),(59,41,2,'2021-03-18 23:01:34',NULL,'2021-03-18 23:01:34','2021-03-18 23:01:34'),(59,42,3,'2021-03-18 23:01:33',NULL,'2021-03-18 23:01:33','2021-03-18 23:01:33'),(59,48,2,'2021-03-18 23:01:32',NULL,'2021-03-18 23:01:32','2021-03-18 23:01:32'),(59,72,1,'2021-03-18 23:01:34',NULL,'2021-03-18 23:01:34','2021-03-18 23:01:34'),(59,74,3,'2021-03-18 23:01:31',NULL,'2021-03-18 23:01:31','2021-03-18 23:01:31'),(59,78,3,'2021-03-18 23:01:33',NULL,'2021-03-18 23:01:33','2021-03-18 23:01:33'),(59,81,1,'2021-03-18 23:01:32',NULL,'2021-03-18 23:01:32','2021-03-18 23:01:32'),(59,98,1,'2021-03-18 23:01:33',NULL,'2021-03-18 23:01:33','2021-03-18 23:01:33'),(59,99,1,'2021-03-18 23:01:34',NULL,'2021-03-18 23:01:34','2021-03-18 23:01:34'),(60,10,3,'2021-03-18 23:01:33',NULL,'2021-03-18 23:01:33','2021-03-18 23:01:33'),(60,16,2,'2021-03-18 23:01:32',NULL,'2021-03-18 23:01:32','2021-03-18 23:01:32'),(60,38,1,'2021-03-18 23:01:34',NULL,'2021-03-18 23:01:34','2021-03-18 23:01:34'),(60,39,1,'2021-03-18 23:01:32',NULL,'2021-03-18 23:01:32','2021-03-18 23:01:32'),(60,49,3,'2021-03-18 23:01:32',NULL,'2021-03-18 23:01:32','2021-03-18 23:01:32'),(60,53,2,'2021-03-18 23:01:33',NULL,'2021-03-18 23:01:33','2021-03-18 23:01:33'),(60,55,2,'2021-03-18 23:01:33',NULL,'2021-03-18 23:01:33','2021-03-18 23:01:33'),(60,63,3,'2021-03-18 23:01:32',NULL,'2021-03-18 23:01:32','2021-03-18 23:01:32'),(60,74,2,'2021-03-18 23:01:32',NULL,'2021-03-18 23:01:32','2021-03-18 23:01:32'),(60,76,2,'2021-03-18 23:01:33',NULL,'2021-03-18 23:01:33','2021-03-18 23:01:33'),(60,96,2,'2021-03-18 23:01:32',NULL,'2021-03-18 23:01:32','2021-03-18 23:01:32'),(61,32,3,'2021-03-18 23:01:33',NULL,'2021-03-18 23:01:33','2021-03-18 23:01:33'),(61,43,2,'2021-03-18 23:01:33',NULL,'2021-03-18 23:01:33','2021-03-18 23:01:33'),(61,67,2,'2021-03-18 23:01:34',NULL,'2021-03-18 23:01:34','2021-03-18 23:01:34'),(61,72,3,'2021-03-18 23:01:34',NULL,'2021-03-18 23:01:34','2021-03-18 23:01:34'),(61,90,2,'2021-03-18 23:01:33',NULL,'2021-03-18 23:01:33','2021-03-18 23:01:33'),(62,2,2,'2021-03-18 23:01:34',NULL,'2021-03-18 23:01:34','2021-03-18 23:01:34'),(62,28,3,'2021-03-18 23:01:32',NULL,'2021-03-18 23:01:32','2021-03-18 23:01:32'),(62,43,2,'2021-03-18 23:01:32',NULL,'2021-03-18 23:01:32','2021-03-18 23:01:32'),(62,45,1,'2021-03-18 23:01:32',NULL,'2021-03-18 23:01:32','2021-03-18 23:01:32'),(62,54,3,'2021-03-18 23:01:32',NULL,'2021-03-18 23:01:32','2021-03-18 23:01:32'),(62,55,3,'2021-03-18 23:01:33',NULL,'2021-03-18 23:01:33','2021-03-18 23:01:33'),(62,56,1,'2021-03-18 23:01:32',NULL,'2021-03-18 23:01:32','2021-03-18 23:01:32'),(62,68,3,'2021-03-18 23:01:33',NULL,'2021-03-18 23:01:33','2021-03-18 23:01:33'),(62,87,1,'2021-03-18 23:01:33',NULL,'2021-03-18 23:01:33','2021-03-18 23:01:33'),(63,11,2,'2021-03-18 23:01:33',NULL,'2021-03-18 23:01:33','2021-03-18 23:01:33'),(63,22,1,'2021-03-18 23:01:32',NULL,'2021-03-18 23:01:32','2021-03-18 23:01:32'),(63,29,3,'2021-03-18 23:01:33',NULL,'2021-03-18 23:01:33','2021-03-18 23:01:33'),(63,61,1,'2021-03-18 23:01:32',NULL,'2021-03-18 23:01:32','2021-03-18 23:01:32'),(63,69,1,'2021-03-18 23:01:33',NULL,'2021-03-18 23:01:33','2021-03-18 23:01:33'),(63,77,2,'2021-03-18 23:01:34',NULL,'2021-03-18 23:01:34','2021-03-18 23:01:34'),(63,93,2,'2021-03-18 23:01:32',NULL,'2021-03-18 23:01:32','2021-03-18 23:01:32'),(63,97,3,'2021-03-18 23:01:32',NULL,'2021-03-18 23:01:32','2021-03-18 23:01:32'),(64,1,1,'2021-03-18 23:01:32',NULL,'2021-03-18 23:01:32','2021-03-18 23:01:32'),(64,15,3,'2021-03-18 23:01:31',NULL,'2021-03-18 23:01:31','2021-03-18 23:01:31'),(64,17,2,'2021-03-18 23:01:33',NULL,'2021-03-18 23:01:33','2021-03-18 23:01:33'),(64,26,2,'2021-03-18 23:01:33',NULL,'2021-03-18 23:01:33','2021-03-18 23:01:33'),(64,37,3,'2021-03-18 23:01:31',NULL,'2021-03-18 23:01:31','2021-03-18 23:01:31'),(64,38,3,'2021-03-18 23:01:32',NULL,'2021-03-18 23:01:32','2021-03-18 23:01:32'),(64,55,3,'2021-03-18 23:01:32',NULL,'2021-03-18 23:01:32','2021-03-18 23:01:32'),(64,62,1,'2021-03-18 23:01:32',NULL,'2021-03-18 23:01:32','2021-03-18 23:01:32'),(64,65,1,'2021-03-18 23:01:33',NULL,'2021-03-18 23:01:33','2021-03-18 23:01:33'),(64,74,2,'2021-03-18 23:01:34',NULL,'2021-03-18 23:01:34','2021-03-18 23:01:34'),(64,81,1,'2021-03-18 23:01:31',NULL,'2021-03-18 23:01:31','2021-03-18 23:01:31'),(64,91,2,'2021-03-18 23:01:32',NULL,'2021-03-18 23:01:32','2021-03-18 23:01:32'),(65,2,1,'2021-03-18 23:01:33',NULL,'2021-03-18 23:01:33','2021-03-18 23:01:33'),(65,8,2,'2021-03-18 23:01:33',NULL,'2021-03-18 23:01:33','2021-03-18 23:01:33'),(65,13,2,'2021-03-18 23:01:33',NULL,'2021-03-18 23:01:33','2021-03-18 23:01:33'),(65,18,2,'2021-03-18 23:01:33',NULL,'2021-03-18 23:01:33','2021-03-18 23:01:33'),(65,20,1,'2021-03-18 23:01:32',NULL,'2021-03-18 23:01:32','2021-03-18 23:01:32'),(65,27,2,'2021-03-18 23:01:33',NULL,'2021-03-18 23:01:33','2021-03-18 23:01:33'),(65,38,2,'2021-03-18 23:01:33',NULL,'2021-03-18 23:01:33','2021-03-18 23:01:33'),(65,44,1,'2021-03-18 23:01:34',NULL,'2021-03-18 23:01:34','2021-03-18 23:01:34'),(65,55,2,'2021-03-18 23:01:33',NULL,'2021-03-18 23:01:33','2021-03-18 23:01:33'),(65,60,1,'2021-03-18 23:01:33',NULL,'2021-03-18 23:01:33','2021-03-18 23:01:33'),(65,73,2,'2021-03-18 23:01:32',NULL,'2021-03-18 23:01:32','2021-03-18 23:01:32'),(65,86,2,'2021-03-18 23:01:33',NULL,'2021-03-18 23:01:33','2021-03-18 23:01:33'),(66,9,1,'2021-03-18 23:01:32',NULL,'2021-03-18 23:01:32','2021-03-18 23:01:32'),(66,65,3,'2021-03-18 23:01:34',NULL,'2021-03-18 23:01:34','2021-03-18 23:01:34'),(66,69,3,'2021-03-18 23:01:33',NULL,'2021-03-18 23:01:33','2021-03-18 23:01:33'),(66,74,2,'2021-03-18 23:01:33',NULL,'2021-03-18 23:01:33','2021-03-18 23:01:33'),(66,76,3,'2021-03-18 23:01:33',NULL,'2021-03-18 23:01:33','2021-03-18 23:01:33'),(66,83,1,'2021-03-18 23:01:33',NULL,'2021-03-18 23:01:33','2021-03-18 23:01:33'),(66,85,1,'2021-03-18 23:01:32',NULL,'2021-03-18 23:01:32','2021-03-18 23:01:32'),(66,94,3,'2021-03-18 23:01:33',NULL,'2021-03-18 23:01:33','2021-03-18 23:01:33'),(66,100,1,'2021-03-18 23:01:33',NULL,'2021-03-18 23:01:33','2021-03-18 23:01:33'),(67,23,2,'2021-03-18 23:01:34',NULL,'2021-03-18 23:01:34','2021-03-18 23:01:34'),(67,25,3,'2021-03-18 23:01:32',NULL,'2021-03-18 23:01:32','2021-03-18 23:01:32'),(67,31,1,'2021-03-18 23:01:34',NULL,'2021-03-18 23:01:34','2021-03-18 23:01:34'),(67,40,2,'2021-03-18 23:01:34',NULL,'2021-03-18 23:01:34','2021-03-18 23:01:34'),(67,49,3,'2021-03-18 23:01:33',NULL,'2021-03-18 23:01:33','2021-03-18 23:01:33'),(67,57,3,'2021-03-18 23:01:32',NULL,'2021-03-18 23:01:32','2021-03-18 23:01:32'),(67,59,3,'2021-03-18 23:01:32',NULL,'2021-03-18 23:01:32','2021-03-18 23:01:32'),(67,60,1,'2021-03-18 23:01:33',NULL,'2021-03-18 23:01:33','2021-03-18 23:01:33'),(67,66,3,'2021-03-18 23:01:33',NULL,'2021-03-18 23:01:33','2021-03-18 23:01:33'),(67,69,2,'2021-03-18 23:01:33',NULL,'2021-03-18 23:01:33','2021-03-18 23:01:33'),(67,76,2,'2021-03-18 23:01:32',NULL,'2021-03-18 23:01:32','2021-03-18 23:01:32'),(67,84,3,'2021-03-18 23:01:33',NULL,'2021-03-18 23:01:33','2021-03-18 23:01:33'),(67,86,3,'2021-03-18 23:01:33',NULL,'2021-03-18 23:01:33','2021-03-18 23:01:33'),(68,1,1,'2021-03-18 23:01:34',NULL,'2021-03-18 23:01:34','2021-03-18 23:01:34'),(68,11,3,'2021-03-18 23:01:34',NULL,'2021-03-18 23:01:34','2021-03-18 23:01:34'),(68,12,3,'2021-03-18 23:01:31',NULL,'2021-03-18 23:01:31','2021-03-18 23:01:31'),(68,20,2,'2021-03-18 23:01:33',NULL,'2021-03-18 23:01:33','2021-03-18 23:01:33'),(69,2,1,'2021-03-18 23:01:32',NULL,'2021-03-18 23:01:32','2021-03-18 23:01:32'),(69,34,2,'2021-03-18 23:01:32',NULL,'2021-03-18 23:01:32','2021-03-18 23:01:32'),(69,41,3,'2021-03-18 23:01:33',NULL,'2021-03-18 23:01:33','2021-03-18 23:01:33'),(69,43,3,'2021-03-18 23:01:34',NULL,'2021-03-18 23:01:34','2021-03-18 23:01:34'),(69,57,2,'2021-03-18 23:01:32',NULL,'2021-03-18 23:01:32','2021-03-18 23:01:32'),(69,59,3,'2021-03-18 23:01:32',NULL,'2021-03-18 23:01:32','2021-03-18 23:01:32'),(69,63,1,'2021-03-18 23:01:33',NULL,'2021-03-18 23:01:33','2021-03-18 23:01:33'),(69,74,1,'2021-03-18 23:01:33',NULL,'2021-03-18 23:01:33','2021-03-18 23:01:33'),(69,78,3,'2021-03-18 23:01:33',NULL,'2021-03-18 23:01:33','2021-03-18 23:01:33'),(69,90,3,'2021-03-18 23:01:33',NULL,'2021-03-18 23:01:33','2021-03-18 23:01:33'),(70,19,2,'2021-03-18 23:01:32',NULL,'2021-03-18 23:01:32','2021-03-18 23:01:32'),(70,25,1,'2021-03-18 23:01:33',NULL,'2021-03-18 23:01:33','2021-03-18 23:01:33'),(70,27,1,'2021-03-18 23:01:32',NULL,'2021-03-18 23:01:32','2021-03-18 23:01:32'),(70,36,2,'2021-03-18 23:01:31',NULL,'2021-03-18 23:01:31','2021-03-18 23:01:31'),(70,43,1,'2021-03-18 23:01:32',NULL,'2021-03-18 23:01:32','2021-03-18 23:01:32'),(70,47,3,'2021-03-18 23:01:32',NULL,'2021-03-18 23:01:32','2021-03-18 23:01:32'),(70,51,3,'2021-03-18 23:01:32',NULL,'2021-03-18 23:01:32','2021-03-18 23:01:32'),(70,54,2,'2021-03-18 23:01:31',NULL,'2021-03-18 23:01:31','2021-03-18 23:01:31'),(70,74,3,'2021-03-18 23:01:32',NULL,'2021-03-18 23:01:32','2021-03-18 23:01:32'),(70,75,1,'2021-03-18 23:01:32',NULL,'2021-03-18 23:01:32','2021-03-18 23:01:32'),(70,82,3,'2021-03-18 23:01:33',NULL,'2021-03-18 23:01:33','2021-03-18 23:01:33'),(70,86,1,'2021-03-18 23:01:33',NULL,'2021-03-18 23:01:33','2021-03-18 23:01:33'),(70,93,3,'2021-03-18 23:01:33',NULL,'2021-03-18 23:01:33','2021-03-18 23:01:33'),(71,1,3,'2021-03-18 23:01:33',NULL,'2021-03-18 23:01:33','2021-03-18 23:01:33'),(71,41,2,'2021-03-18 23:01:32',NULL,'2021-03-18 23:01:32','2021-03-18 23:01:32'),(71,67,2,'2021-03-18 23:01:32',NULL,'2021-03-18 23:01:32','2021-03-18 23:01:32'),(71,74,3,'2021-03-18 23:01:34',NULL,'2021-03-18 23:01:34','2021-03-18 23:01:34'),(71,75,1,'2021-03-18 23:01:33',NULL,'2021-03-18 23:01:33','2021-03-18 23:01:33'),(71,80,1,'2021-03-18 23:01:33',NULL,'2021-03-18 23:01:33','2021-03-18 23:01:33'),(71,96,2,'2021-03-18 23:01:33',NULL,'2021-03-18 23:01:33','2021-03-18 23:01:33'),(71,97,3,'2021-03-18 23:01:33',NULL,'2021-03-18 23:01:33','2021-03-18 23:01:33'),(72,7,1,'2021-03-18 23:01:32',NULL,'2021-03-18 23:01:32','2021-03-18 23:01:32'),(72,10,3,'2021-03-18 23:01:33',NULL,'2021-03-18 23:01:33','2021-03-18 23:01:33'),(72,13,3,'2021-03-18 23:01:32',NULL,'2021-03-18 23:01:32','2021-03-18 23:01:32'),(72,28,3,'2021-03-18 23:01:33',NULL,'2021-03-18 23:01:33','2021-03-18 23:01:33'),(72,33,3,'2021-03-18 23:01:33',NULL,'2021-03-18 23:01:33','2021-03-18 23:01:33'),(72,44,1,'2021-03-18 23:01:32',NULL,'2021-03-18 23:01:32','2021-03-18 23:01:32'),(72,49,2,'2021-03-18 23:01:32',NULL,'2021-03-18 23:01:32','2021-03-18 23:01:32'),(72,53,1,'2021-03-18 23:01:32',NULL,'2021-03-18 23:01:32','2021-03-18 23:01:32'),(72,55,2,'2021-03-18 23:01:32',NULL,'2021-03-18 23:01:32','2021-03-18 23:01:32'),(72,59,2,'2021-03-18 23:01:33',NULL,'2021-03-18 23:01:33','2021-03-18 23:01:33'),(72,75,3,'2021-03-18 23:01:34',NULL,'2021-03-18 23:01:34','2021-03-18 23:01:34'),(72,77,2,'2021-03-18 23:01:33',NULL,'2021-03-18 23:01:33','2021-03-18 23:01:33'),(72,93,3,'2021-03-18 23:01:32',NULL,'2021-03-18 23:01:32','2021-03-18 23:01:32'),(73,7,1,'2021-03-18 23:01:31',NULL,'2021-03-18 23:01:31','2021-03-18 23:01:31'),(73,44,1,'2021-03-18 23:01:32',NULL,'2021-03-18 23:01:32','2021-03-18 23:01:32'),(73,66,1,'2021-03-18 23:01:34',NULL,'2021-03-18 23:01:34','2021-03-18 23:01:34'),(73,98,3,'2021-03-18 23:01:32',NULL,'2021-03-18 23:01:32','2021-03-18 23:01:32'),(74,3,2,'2021-03-18 23:01:32',NULL,'2021-03-18 23:01:32','2021-03-18 23:01:32'),(74,4,2,'2021-03-18 23:01:33',NULL,'2021-03-18 23:01:33','2021-03-18 23:01:33'),(74,10,1,'2021-03-18 23:01:33',NULL,'2021-03-18 23:01:33','2021-03-18 23:01:33'),(74,21,2,'2021-03-18 23:01:32',NULL,'2021-03-18 23:01:32','2021-03-18 23:01:32'),(74,51,2,'2021-03-18 23:01:32',NULL,'2021-03-18 23:01:32','2021-03-18 23:01:32'),(74,57,2,'2021-03-18 23:01:33',NULL,'2021-03-18 23:01:33','2021-03-18 23:01:33'),(74,58,3,'2021-03-18 23:01:33',NULL,'2021-03-18 23:01:33','2021-03-18 23:01:33'),(74,63,2,'2021-03-18 23:01:33',NULL,'2021-03-18 23:01:33','2021-03-18 23:01:33'),(74,66,1,'2021-03-18 23:01:34',NULL,'2021-03-18 23:01:34','2021-03-18 23:01:34'),(74,68,1,'2021-03-18 23:01:32',NULL,'2021-03-18 23:01:32','2021-03-18 23:01:32'),(74,72,1,'2021-03-18 23:01:32',NULL,'2021-03-18 23:01:32','2021-03-18 23:01:32'),(74,82,3,'2021-03-18 23:01:34',NULL,'2021-03-18 23:01:34','2021-03-18 23:01:34'),(74,91,1,'2021-03-18 23:01:32',NULL,'2021-03-18 23:01:32','2021-03-18 23:01:32'),(75,23,3,'2021-03-18 23:01:32',NULL,'2021-03-18 23:01:32','2021-03-18 23:01:32'),(75,31,1,'2021-03-18 23:01:32',NULL,'2021-03-18 23:01:32','2021-03-18 23:01:32'),(75,38,2,'2021-03-18 23:01:33',NULL,'2021-03-18 23:01:33','2021-03-18 23:01:33'),(75,42,3,'2021-03-18 23:01:33',NULL,'2021-03-18 23:01:33','2021-03-18 23:01:33'),(75,48,1,'2021-03-18 23:01:33',NULL,'2021-03-18 23:01:33','2021-03-18 23:01:33'),(75,53,2,'2021-03-18 23:01:32',NULL,'2021-03-18 23:01:32','2021-03-18 23:01:32'),(75,67,1,'2021-03-18 23:01:32',NULL,'2021-03-18 23:01:32','2021-03-18 23:01:32'),(75,79,2,'2021-03-18 23:01:32',NULL,'2021-03-18 23:01:32','2021-03-18 23:01:32'),(75,80,2,'2021-03-18 23:01:34',NULL,'2021-03-18 23:01:34','2021-03-18 23:01:34'),(75,87,1,'2021-03-18 23:01:33',NULL,'2021-03-18 23:01:33','2021-03-18 23:01:33'),(75,95,1,'2021-03-18 23:01:33',NULL,'2021-03-18 23:01:33','2021-03-18 23:01:33'),(75,100,3,'2021-03-18 23:01:34',NULL,'2021-03-18 23:01:34','2021-03-18 23:01:34'),(76,17,3,'2021-03-18 23:01:32',NULL,'2021-03-18 23:01:32','2021-03-18 23:01:32'),(76,45,3,'2021-03-18 23:01:32',NULL,'2021-03-18 23:01:32','2021-03-18 23:01:32'),(76,48,2,'2021-03-18 23:01:33',NULL,'2021-03-18 23:01:33','2021-03-18 23:01:33'),(76,49,1,'2021-03-18 23:01:33',NULL,'2021-03-18 23:01:33','2021-03-18 23:01:33'),(76,53,2,'2021-03-18 23:01:33',NULL,'2021-03-18 23:01:33','2021-03-18 23:01:33'),(76,64,2,'2021-03-18 23:01:33',NULL,'2021-03-18 23:01:33','2021-03-18 23:01:33'),(76,83,3,'2021-03-18 23:01:33',NULL,'2021-03-18 23:01:33','2021-03-18 23:01:33'),(76,84,2,'2021-03-18 23:01:33',NULL,'2021-03-18 23:01:33','2021-03-18 23:01:33'),(76,94,3,'2021-03-18 23:01:32',NULL,'2021-03-18 23:01:32','2021-03-18 23:01:32'),(77,16,3,'2021-03-18 23:01:32',NULL,'2021-03-18 23:01:32','2021-03-18 23:01:32'),(77,22,3,'2021-03-18 23:01:34',NULL,'2021-03-18 23:01:34','2021-03-18 23:01:34'),(77,42,3,'2021-03-18 23:01:34',NULL,'2021-03-18 23:01:34','2021-03-18 23:01:34'),(77,78,3,'2021-03-18 23:01:33',NULL,'2021-03-18 23:01:33','2021-03-18 23:01:33'),(77,90,1,'2021-03-18 23:01:32',NULL,'2021-03-18 23:01:32','2021-03-18 23:01:32'),(77,95,2,'2021-03-18 23:01:33',NULL,'2021-03-18 23:01:33','2021-03-18 23:01:33'),(77,96,3,'2021-03-18 23:01:33',NULL,'2021-03-18 23:01:33','2021-03-18 23:01:33'),(78,2,3,'2021-03-18 23:01:32',NULL,'2021-03-18 23:01:32','2021-03-18 23:01:32'),(78,5,2,'2021-03-18 23:01:32',NULL,'2021-03-18 23:01:32','2021-03-18 23:01:32'),(78,40,2,'2021-03-18 23:01:33',NULL,'2021-03-18 23:01:33','2021-03-18 23:01:33'),(78,49,2,'2021-03-18 23:01:32',NULL,'2021-03-18 23:01:32','2021-03-18 23:01:32'),(78,50,1,'2021-03-18 23:01:32',NULL,'2021-03-18 23:01:32','2021-03-18 23:01:32'),(78,60,3,'2021-03-18 23:01:34',NULL,'2021-03-18 23:01:34','2021-03-18 23:01:34'),(78,63,2,'2021-03-18 23:01:32',NULL,'2021-03-18 23:01:32','2021-03-18 23:01:32'),(78,75,3,'2021-03-18 23:01:32',NULL,'2021-03-18 23:01:32','2021-03-18 23:01:32'),(78,84,3,'2021-03-18 23:01:33',NULL,'2021-03-18 23:01:33','2021-03-18 23:01:33'),(79,7,3,'2021-03-18 23:01:33',NULL,'2021-03-18 23:01:33','2021-03-18 23:01:33'),(79,14,2,'2021-03-18 23:01:33',NULL,'2021-03-18 23:01:33','2021-03-18 23:01:33'),(79,21,3,'2021-03-18 23:01:33',NULL,'2021-03-18 23:01:33','2021-03-18 23:01:33'),(79,31,3,'2021-03-18 23:01:32',NULL,'2021-03-18 23:01:32','2021-03-18 23:01:32'),(79,46,3,'2021-03-18 23:01:31',NULL,'2021-03-18 23:01:31','2021-03-18 23:01:31'),(79,60,2,'2021-03-18 23:01:33',NULL,'2021-03-18 23:01:33','2021-03-18 23:01:33'),(79,61,3,'2021-03-18 23:01:33',NULL,'2021-03-18 23:01:33','2021-03-18 23:01:33'),(80,1,2,'2021-03-18 23:01:34',NULL,'2021-03-18 23:01:34','2021-03-18 23:01:34'),(80,6,3,'2021-03-18 23:01:33',NULL,'2021-03-18 23:01:33','2021-03-18 23:01:33'),(80,22,3,'2021-03-18 23:01:33',NULL,'2021-03-18 23:01:33','2021-03-18 23:01:33'),(80,32,1,'2021-03-18 23:01:32',NULL,'2021-03-18 23:01:32','2021-03-18 23:01:32'),(80,34,1,'2021-03-18 23:01:34',NULL,'2021-03-18 23:01:34','2021-03-18 23:01:34'),(80,50,1,'2021-03-18 23:01:32',NULL,'2021-03-18 23:01:32','2021-03-18 23:01:32'),(80,65,2,'2021-03-18 23:01:32',NULL,'2021-03-18 23:01:32','2021-03-18 23:01:32'),(80,81,3,'2021-03-18 23:01:33',NULL,'2021-03-18 23:01:33','2021-03-18 23:01:33'),(80,90,3,'2021-03-18 23:01:32',NULL,'2021-03-18 23:01:32','2021-03-18 23:01:32'),(80,95,1,'2021-03-18 23:01:32',NULL,'2021-03-18 23:01:32','2021-03-18 23:01:32'),(80,100,1,'2021-03-18 23:01:33',NULL,'2021-03-18 23:01:33','2021-03-18 23:01:33'),(81,7,2,'2021-03-18 23:01:33',NULL,'2021-03-18 23:01:33','2021-03-18 23:01:33'),(81,57,2,'2021-03-18 23:01:31',NULL,'2021-03-18 23:01:31','2021-03-18 23:01:31'),(81,62,3,'2021-03-18 23:01:33',NULL,'2021-03-18 23:01:33','2021-03-18 23:01:33'),(81,90,1,'2021-03-18 23:01:33',NULL,'2021-03-18 23:01:33','2021-03-18 23:01:33'),(81,92,2,'2021-03-18 23:01:32',NULL,'2021-03-18 23:01:32','2021-03-18 23:01:32'),(82,20,2,'2021-03-18 23:01:33',NULL,'2021-03-18 23:01:33','2021-03-18 23:01:33'),(82,68,2,'2021-03-18 23:01:32',NULL,'2021-03-18 23:01:32','2021-03-18 23:01:32'),(82,70,1,'2021-03-18 23:01:32',NULL,'2021-03-18 23:01:32','2021-03-18 23:01:32'),(82,80,2,'2021-03-18 23:01:32',NULL,'2021-03-18 23:01:32','2021-03-18 23:01:32'),(83,10,1,'2021-03-18 23:01:32',NULL,'2021-03-18 23:01:32','2021-03-18 23:01:32'),(83,12,2,'2021-03-18 23:01:32',NULL,'2021-03-18 23:01:32','2021-03-18 23:01:32'),(83,21,3,'2021-03-18 23:01:33',NULL,'2021-03-18 23:01:33','2021-03-18 23:01:33'),(83,24,1,'2021-03-18 23:01:32',NULL,'2021-03-18 23:01:32','2021-03-18 23:01:32'),(83,31,1,'2021-03-18 23:01:33',NULL,'2021-03-18 23:01:33','2021-03-18 23:01:33'),(83,34,3,'2021-03-18 23:01:34',NULL,'2021-03-18 23:01:34','2021-03-18 23:01:34'),(83,49,2,'2021-03-18 23:01:33',NULL,'2021-03-18 23:01:33','2021-03-18 23:01:33'),(83,67,2,'2021-03-18 23:01:32',NULL,'2021-03-18 23:01:32','2021-03-18 23:01:32'),(83,68,2,'2021-03-18 23:01:34',NULL,'2021-03-18 23:01:34','2021-03-18 23:01:34'),(83,85,2,'2021-03-18 23:01:32',NULL,'2021-03-18 23:01:32','2021-03-18 23:01:32'),(84,2,3,'2021-03-18 23:01:32',NULL,'2021-03-18 23:01:32','2021-03-18 23:01:32'),(84,15,3,'2021-03-18 23:01:32',NULL,'2021-03-18 23:01:32','2021-03-18 23:01:32'),(84,19,1,'2021-03-18 23:01:32',NULL,'2021-03-18 23:01:32','2021-03-18 23:01:32'),(84,23,2,'2021-03-18 23:01:32',NULL,'2021-03-18 23:01:32','2021-03-18 23:01:32'),(84,37,1,'2021-03-18 23:01:33',NULL,'2021-03-18 23:01:33','2021-03-18 23:01:33'),(84,51,3,'2021-03-18 23:01:33',NULL,'2021-03-18 23:01:33','2021-03-18 23:01:33'),(84,58,2,'2021-03-18 23:01:33',NULL,'2021-03-18 23:01:33','2021-03-18 23:01:33'),(84,67,2,'2021-03-18 23:01:33',NULL,'2021-03-18 23:01:33','2021-03-18 23:01:33'),(84,78,3,'2021-03-18 23:01:32',NULL,'2021-03-18 23:01:32','2021-03-18 23:01:32'),(84,80,3,'2021-03-18 23:01:34',NULL,'2021-03-18 23:01:34','2021-03-18 23:01:34'),(85,14,1,'2021-03-18 23:01:31',NULL,'2021-03-18 23:01:31','2021-03-18 23:01:31'),(85,23,2,'2021-03-18 23:01:33',NULL,'2021-03-18 23:01:33','2021-03-18 23:01:33'),(85,60,2,'2021-03-18 23:01:32',NULL,'2021-03-18 23:01:32','2021-03-18 23:01:32'),(85,73,1,'2021-03-18 23:01:32',NULL,'2021-03-18 23:01:32','2021-03-18 23:01:32'),(85,91,2,'2021-03-18 23:01:33',NULL,'2021-03-18 23:01:33','2021-03-18 23:01:33'),(85,96,1,'2021-03-18 23:01:33',NULL,'2021-03-18 23:01:33','2021-03-18 23:01:33'),(86,5,3,'2021-03-18 23:01:33',NULL,'2021-03-18 23:01:33','2021-03-18 23:01:33'),(86,15,1,'2021-03-18 23:01:34',NULL,'2021-03-18 23:01:34','2021-03-18 23:01:34'),(86,18,2,'2021-03-18 23:01:32',NULL,'2021-03-18 23:01:32','2021-03-18 23:01:32'),(86,46,3,'2021-03-18 23:01:33',NULL,'2021-03-18 23:01:33','2021-03-18 23:01:33'),(86,48,2,'2021-03-18 23:01:33',NULL,'2021-03-18 23:01:33','2021-03-18 23:01:33'),(86,54,1,'2021-03-18 23:01:32',NULL,'2021-03-18 23:01:32','2021-03-18 23:01:32'),(86,56,1,'2021-03-18 23:01:33',NULL,'2021-03-18 23:01:33','2021-03-18 23:01:33'),(86,58,3,'2021-03-18 23:01:34',NULL,'2021-03-18 23:01:34','2021-03-18 23:01:34'),(86,60,2,'2021-03-18 23:01:33',NULL,'2021-03-18 23:01:33','2021-03-18 23:01:33'),(86,76,1,'2021-03-18 23:01:34',NULL,'2021-03-18 23:01:34','2021-03-18 23:01:34'),(86,84,3,'2021-03-18 23:01:32',NULL,'2021-03-18 23:01:32','2021-03-18 23:01:32'),(86,93,1,'2021-03-18 23:01:32',NULL,'2021-03-18 23:01:32','2021-03-18 23:01:32'),(86,97,3,'2021-03-18 23:01:33',NULL,'2021-03-18 23:01:33','2021-03-18 23:01:33'),(87,20,2,'2021-03-18 23:01:32',NULL,'2021-03-18 23:01:32','2021-03-18 23:01:32'),(87,26,3,'2021-03-18 23:01:32',NULL,'2021-03-18 23:01:32','2021-03-18 23:01:32'),(87,36,3,'2021-03-18 23:01:32',NULL,'2021-03-18 23:01:32','2021-03-18 23:01:32'),(87,45,1,'2021-03-18 23:01:33',NULL,'2021-03-18 23:01:33','2021-03-18 23:01:33'),(87,53,1,'2021-03-18 23:01:32',NULL,'2021-03-18 23:01:32','2021-03-18 23:01:32'),(87,71,2,'2021-03-18 23:01:33',NULL,'2021-03-18 23:01:33','2021-03-18 23:01:33'),(87,75,1,'2021-03-18 23:01:32',NULL,'2021-03-18 23:01:32','2021-03-18 23:01:32'),(87,84,3,'2021-03-18 23:01:32',NULL,'2021-03-18 23:01:32','2021-03-18 23:01:32'),(87,90,2,'2021-03-18 23:01:34',NULL,'2021-03-18 23:01:34','2021-03-18 23:01:34'),(87,91,3,'2021-03-18 23:01:32',NULL,'2021-03-18 23:01:32','2021-03-18 23:01:32'),(87,92,2,'2021-03-18 23:01:32',NULL,'2021-03-18 23:01:32','2021-03-18 23:01:32'),(87,99,1,'2021-03-18 23:01:34',NULL,'2021-03-18 23:01:34','2021-03-18 23:01:34'),(88,7,2,'2021-03-18 23:01:33',NULL,'2021-03-18 23:01:33','2021-03-18 23:01:33'),(88,10,1,'2021-03-18 23:01:32',NULL,'2021-03-18 23:01:32','2021-03-18 23:01:32'),(88,24,3,'2021-03-18 23:01:32',NULL,'2021-03-18 23:01:32','2021-03-18 23:01:32'),(88,26,2,'2021-03-18 23:01:33',NULL,'2021-03-18 23:01:33','2021-03-18 23:01:33'),(88,48,3,'2021-03-18 23:01:34',NULL,'2021-03-18 23:01:34','2021-03-18 23:01:34'),(88,57,1,'2021-03-18 23:01:32',NULL,'2021-03-18 23:01:32','2021-03-18 23:01:32'),(88,68,3,'2021-03-18 23:01:33',NULL,'2021-03-18 23:01:33','2021-03-18 23:01:33'),(88,96,3,'2021-03-18 23:01:33',NULL,'2021-03-18 23:01:33','2021-03-18 23:01:33'),(89,1,3,'2021-03-18 23:01:32',NULL,'2021-03-18 23:01:32','2021-03-18 23:01:32'),(89,3,3,'2021-03-18 23:01:33',NULL,'2021-03-18 23:01:33','2021-03-18 23:01:33'),(89,8,3,'2021-03-18 23:01:32',NULL,'2021-03-18 23:01:32','2021-03-18 23:01:32'),(89,11,3,'2021-03-18 23:01:33',NULL,'2021-03-18 23:01:33','2021-03-18 23:01:33'),(89,23,3,'2021-03-18 23:01:32',NULL,'2021-03-18 23:01:32','2021-03-18 23:01:32'),(89,46,1,'2021-03-18 23:01:33',NULL,'2021-03-18 23:01:33','2021-03-18 23:01:33'),(89,61,2,'2021-03-18 23:01:33',NULL,'2021-03-18 23:01:33','2021-03-18 23:01:33'),(89,63,2,'2021-03-18 23:01:32',NULL,'2021-03-18 23:01:32','2021-03-18 23:01:32'),(89,90,2,'2021-03-18 23:01:31',NULL,'2021-03-18 23:01:31','2021-03-18 23:01:31'),(90,1,1,'2021-03-18 23:01:33',NULL,'2021-03-18 23:01:33','2021-03-18 23:01:33'),(90,21,2,'2021-03-18 23:01:32',NULL,'2021-03-18 23:01:32','2021-03-18 23:01:32'),(90,25,2,'2021-03-18 23:01:34',NULL,'2021-03-18 23:01:34','2021-03-18 23:01:34'),(90,37,1,'2021-03-18 23:01:34',NULL,'2021-03-18 23:01:34','2021-03-18 23:01:34'),(90,51,3,'2021-03-18 23:01:32',NULL,'2021-03-18 23:01:32','2021-03-18 23:01:32'),(90,52,1,'2021-03-18 23:01:33',NULL,'2021-03-18 23:01:33','2021-03-18 23:01:33'),(90,60,1,'2021-03-18 23:01:34',NULL,'2021-03-18 23:01:34','2021-03-18 23:01:34'),(90,66,3,'2021-03-18 23:01:34',NULL,'2021-03-18 23:01:34','2021-03-18 23:01:34'),(90,96,3,'2021-03-18 23:01:33',NULL,'2021-03-18 23:01:33','2021-03-18 23:01:33'),(91,5,3,'2021-03-18 23:01:33',NULL,'2021-03-18 23:01:33','2021-03-18 23:01:33'),(91,11,3,'2021-03-18 23:01:33',NULL,'2021-03-18 23:01:33','2021-03-18 23:01:33'),(91,44,1,'2021-03-18 23:01:33',NULL,'2021-03-18 23:01:33','2021-03-18 23:01:33'),(91,58,2,'2021-03-18 23:01:33',NULL,'2021-03-18 23:01:33','2021-03-18 23:01:33'),(91,65,3,'2021-03-18 23:01:34',NULL,'2021-03-18 23:01:34','2021-03-18 23:01:34'),(91,74,3,'2021-03-18 23:01:33',NULL,'2021-03-18 23:01:33','2021-03-18 23:01:33'),(91,86,2,'2021-03-18 23:01:33',NULL,'2021-03-18 23:01:33','2021-03-18 23:01:33'),(91,94,3,'2021-03-18 23:01:32',NULL,'2021-03-18 23:01:32','2021-03-18 23:01:32'),(91,95,1,'2021-03-18 23:01:33',NULL,'2021-03-18 23:01:33','2021-03-18 23:01:33'),(92,55,2,'2021-03-18 23:01:33',NULL,'2021-03-18 23:01:33','2021-03-18 23:01:33'),(92,62,3,'2021-03-18 23:01:33',NULL,'2021-03-18 23:01:33','2021-03-18 23:01:33'),(92,64,3,'2021-03-18 23:01:32',NULL,'2021-03-18 23:01:32','2021-03-18 23:01:32'),(92,66,3,'2021-03-18 23:01:33',NULL,'2021-03-18 23:01:33','2021-03-18 23:01:33'),(92,77,1,'2021-03-18 23:01:33',NULL,'2021-03-18 23:01:33','2021-03-18 23:01:33'),(92,99,1,'2021-03-18 23:01:33',NULL,'2021-03-18 23:01:33','2021-03-18 23:01:33'),(93,29,2,'2021-03-18 23:01:33',NULL,'2021-03-18 23:01:33','2021-03-18 23:01:33'),(93,34,3,'2021-03-18 23:01:31',NULL,'2021-03-18 23:01:31','2021-03-18 23:01:31'),(93,44,3,'2021-03-18 23:01:33',NULL,'2021-03-18 23:01:33','2021-03-18 23:01:33'),(93,46,2,'2021-03-18 23:01:32',NULL,'2021-03-18 23:01:32','2021-03-18 23:01:32'),(93,57,1,'2021-03-18 23:01:33',NULL,'2021-03-18 23:01:33','2021-03-18 23:01:33'),(94,33,2,'2021-03-18 23:01:32',NULL,'2021-03-18 23:01:32','2021-03-18 23:01:32'),(94,40,1,'2021-03-18 23:01:32',NULL,'2021-03-18 23:01:32','2021-03-18 23:01:32'),(94,81,1,'2021-03-18 23:01:33',NULL,'2021-03-18 23:01:33','2021-03-18 23:01:33'),(94,82,3,'2021-03-18 23:01:34',NULL,'2021-03-18 23:01:34','2021-03-18 23:01:34'),(95,30,3,'2021-03-18 23:01:34',NULL,'2021-03-18 23:01:34','2021-03-18 23:01:34'),(95,39,1,'2021-03-18 23:01:33',NULL,'2021-03-18 23:01:33','2021-03-18 23:01:33'),(95,47,2,'2021-03-18 23:01:32',NULL,'2021-03-18 23:01:32','2021-03-18 23:01:32'),(95,48,2,'2021-03-18 23:01:33',NULL,'2021-03-18 23:01:33','2021-03-18 23:01:33'),(95,62,2,'2021-03-18 23:01:33',NULL,'2021-03-18 23:01:33','2021-03-18 23:01:33'),(95,77,3,'2021-03-18 23:01:33',NULL,'2021-03-18 23:01:33','2021-03-18 23:01:33'),(95,91,1,'2021-03-18 23:01:33',NULL,'2021-03-18 23:01:33','2021-03-18 23:01:33'),(96,9,2,'2021-03-18 23:01:33',NULL,'2021-03-18 23:01:33','2021-03-18 23:01:33'),(96,27,2,'2021-03-18 23:01:33',NULL,'2021-03-18 23:01:33','2021-03-18 23:01:33'),(96,30,2,'2021-03-18 23:01:33',NULL,'2021-03-18 23:01:33','2021-03-18 23:01:33'),(96,32,2,'2021-03-18 23:01:33',NULL,'2021-03-18 23:01:33','2021-03-18 23:01:33'),(96,39,1,'2021-03-18 23:01:32',NULL,'2021-03-18 23:01:32','2021-03-18 23:01:32'),(96,40,3,'2021-03-18 23:01:34',NULL,'2021-03-18 23:01:34','2021-03-18 23:01:34'),(96,54,2,'2021-03-18 23:01:32',NULL,'2021-03-18 23:01:32','2021-03-18 23:01:32'),(96,64,3,'2021-03-18 23:01:33',NULL,'2021-03-18 23:01:33','2021-03-18 23:01:33'),(96,89,2,'2021-03-18 23:01:33',NULL,'2021-03-18 23:01:33','2021-03-18 23:01:33'),(96,99,1,'2021-03-18 23:01:33',NULL,'2021-03-18 23:01:33','2021-03-18 23:01:33'),(97,9,3,'2021-03-18 23:01:31',NULL,'2021-03-18 23:01:31','2021-03-18 23:01:31'),(97,35,3,'2021-03-18 23:01:32',NULL,'2021-03-18 23:01:32','2021-03-18 23:01:32'),(97,38,2,'2021-03-18 23:01:32',NULL,'2021-03-18 23:01:32','2021-03-18 23:01:32'),(97,39,1,'2021-03-18 23:01:32',NULL,'2021-03-18 23:01:32','2021-03-18 23:01:32'),(97,48,3,'2021-03-18 23:01:32',NULL,'2021-03-18 23:01:32','2021-03-18 23:01:32'),(97,62,2,'2021-03-18 23:01:32',NULL,'2021-03-18 23:01:32','2021-03-18 23:01:32'),(97,63,1,'2021-03-18 23:01:33',NULL,'2021-03-18 23:01:33','2021-03-18 23:01:33'),(97,82,1,'2021-03-18 23:01:34',NULL,'2021-03-18 23:01:34','2021-03-18 23:01:34'),(97,89,2,'2021-03-18 23:01:33',NULL,'2021-03-18 23:01:33','2021-03-18 23:01:33'),(97,90,2,'2021-03-18 23:01:32',NULL,'2021-03-18 23:01:32','2021-03-18 23:01:32'),(97,100,1,'2021-03-18 23:01:33',NULL,'2021-03-18 23:01:33','2021-03-18 23:01:33'),(98,8,2,'2021-03-18 23:01:33',NULL,'2021-03-18 23:01:33','2021-03-18 23:01:33'),(98,16,3,'2021-03-18 23:01:33',NULL,'2021-03-18 23:01:33','2021-03-18 23:01:33'),(98,42,1,'2021-03-18 23:01:31',NULL,'2021-03-18 23:01:31','2021-03-18 23:01:31'),(98,43,3,'2021-03-18 23:01:34',NULL,'2021-03-18 23:01:34','2021-03-18 23:01:34'),(98,59,1,'2021-03-18 23:01:33',NULL,'2021-03-18 23:01:33','2021-03-18 23:01:33'),(98,61,1,'2021-03-18 23:01:33',NULL,'2021-03-18 23:01:33','2021-03-18 23:01:33'),(98,64,1,'2021-03-18 23:01:34',NULL,'2021-03-18 23:01:34','2021-03-18 23:01:34'),(98,65,1,'2021-03-18 23:01:32',NULL,'2021-03-18 23:01:32','2021-03-18 23:01:32'),(98,75,3,'2021-03-18 23:01:33',NULL,'2021-03-18 23:01:33','2021-03-18 23:01:33'),(98,100,1,'2021-03-18 23:01:32',NULL,'2021-03-18 23:01:32','2021-03-18 23:01:32'),(99,1,1,'2021-03-18 23:01:32',NULL,'2021-03-18 23:01:32','2021-03-18 23:01:32'),(99,7,3,'2021-03-18 23:01:34',NULL,'2021-03-18 23:01:34','2021-03-18 23:01:34'),(99,15,2,'2021-03-18 23:01:33',NULL,'2021-03-18 23:01:33','2021-03-18 23:01:33'),(99,23,1,'2021-03-18 23:01:32',NULL,'2021-03-18 23:01:32','2021-03-18 23:01:32'),(99,24,1,'2021-03-18 23:01:33',NULL,'2021-03-18 23:01:33','2021-03-18 23:01:33'),(99,34,2,'2021-03-18 23:01:33',NULL,'2021-03-18 23:01:33','2021-03-18 23:01:33'),(99,35,1,'2021-03-18 23:01:33',NULL,'2021-03-18 23:01:33','2021-03-18 23:01:33'),(99,36,2,'2021-03-18 23:01:31',NULL,'2021-03-18 23:01:31','2021-03-18 23:01:31'),(99,38,2,'2021-03-18 23:01:32',NULL,'2021-03-18 23:01:32','2021-03-18 23:01:32'),(99,46,2,'2021-03-18 23:01:33',NULL,'2021-03-18 23:01:33','2021-03-18 23:01:33'),(99,70,3,'2021-03-18 23:01:32',NULL,'2021-03-18 23:01:32','2021-03-18 23:01:32'),(100,12,1,'2021-03-18 23:01:32',NULL,'2021-03-18 23:01:32','2021-03-18 23:01:32'),(100,13,1,'2021-03-18 23:01:32',NULL,'2021-03-18 23:01:32','2021-03-18 23:01:32'),(100,33,2,'2021-03-18 23:01:33',NULL,'2021-03-18 23:01:33','2021-03-18 23:01:33'),(100,42,1,'2021-03-18 23:01:32',NULL,'2021-03-18 23:01:32','2021-03-18 23:01:32'),(100,45,1,'2021-03-18 23:01:33',NULL,'2021-03-18 23:01:33','2021-03-18 23:01:33'),(100,47,3,'2021-03-18 23:01:34',NULL,'2021-03-18 23:01:34','2021-03-18 23:01:34'),(100,63,3,'2021-03-18 23:01:32',NULL,'2021-03-18 23:01:32','2021-03-18 23:01:32'),(100,66,1,'2021-03-18 23:01:32',NULL,'2021-03-18 23:01:32','2021-03-18 23:01:32'),(100,86,1,'2021-03-18 23:01:32',NULL,'2021-03-18 23:01:32','2021-03-18 23:01:32');
/*!40000 ALTER TABLE `friendship` ENABLE KEYS */;
UNLOCK TABLES;

--
-- Table structure for table `friendship_statuses`
--

DROP TABLE IF EXISTS `friendship_statuses`;
/*!40101 SET @saved_cs_client     = @@character_set_client */;
/*!50503 SET character_set_client = utf8mb4 */;
CREATE TABLE `friendship_statuses` (
  `id` bigint unsigned NOT NULL AUTO_INCREMENT COMMENT 'Идентификатор строки',
  `name` varchar(150) NOT NULL COMMENT 'Название статуса',
  `created_at` datetime DEFAULT CURRENT_TIMESTAMP COMMENT 'Время создания строки',
  `updated_at` datetime DEFAULT CURRENT_TIMESTAMP ON UPDATE CURRENT_TIMESTAMP COMMENT 'Время обновления строки',
  PRIMARY KEY (`id`),
  UNIQUE KEY `id` (`id`),
  UNIQUE KEY `name` (`name`)
) ENGINE=InnoDB AUTO_INCREMENT=4 DEFAULT CHARSET=utf8mb4 COLLATE=utf8mb4_0900_ai_ci COMMENT='Статусы дружбы';
/*!40101 SET character_set_client = @saved_cs_client */;

--
-- Dumping data for table `friendship_statuses`
--

LOCK TABLES `friendship_statuses` WRITE;
/*!40000 ALTER TABLE `friendship_statuses` DISABLE KEYS */;
INSERT INTO `friendship_statuses` VALUES (1,'Requested','2016-11-07 08:59:37','2018-12-12 03:25:41'),(2,'Confirmed','2012-01-21 12:57:39','2011-10-13 08:12:43'),(3,'Rejected','2014-03-03 01:23:30','2013-03-02 03:27:39');
/*!40000 ALTER TABLE `friendship_statuses` ENABLE KEYS */;
UNLOCK TABLES;

--
-- Table structure for table `job_positions`
--

DROP TABLE IF EXISTS `job_positions`;
/*!40101 SET @saved_cs_client     = @@character_set_client */;
/*!50503 SET character_set_client = utf8mb4 */;
CREATE TABLE `job_positions` (
  `id` bigint unsigned NOT NULL AUTO_INCREMENT COMMENT 'Идентификатор строки',
  `name` varchar(130) DEFAULT NULL COMMENT 'Должность',
  PRIMARY KEY (`id`),
  UNIQUE KEY `id` (`id`)
) ENGINE=InnoDB AUTO_INCREMENT=51 DEFAULT CHARSET=utf8mb4 COLLATE=utf8mb4_0900_ai_ci COMMENT='Должности';
/*!40101 SET character_set_client = @saved_cs_client */;

--
-- Dumping data for table `job_positions`
--

LOCK TABLES `job_positions` WRITE;
/*!40000 ALTER TABLE `job_positions` DISABLE KEYS */;
INSERT INTO `job_positions` VALUES (1,'target bricks-and-clicks platforms'),(2,'empower global action-items'),(3,'repurpose ubiquitous mindshare'),(4,'morph value-added portals'),(5,'synthesize vertical relationships'),(6,'e-enable e-business e-services'),(7,'transform innovative models'),(8,'drive customized paradigms'),(9,'architect ubiquitous users'),(10,'expedite granular markets'),(11,'utilize customized e-commerce'),(12,'facilitate efficient metrics'),(13,'maximize holistic experiences'),(14,'harness ubiquitous platforms'),(15,'target compelling supply-chains'),(16,'whiteboard turn-key e-markets'),(17,'whiteboard extensible markets'),(18,'optimize compelling solutions'),(19,'enable virtual interfaces'),(20,'implement one-to-one ROI'),(21,'enhance compelling architectures'),(22,'iterate plug-and-play action-items'),(23,'aggregate plug-and-play ROI'),(24,'architect ubiquitous metrics'),(25,'seize viral communities'),(26,'extend open-source e-services'),(27,'orchestrate intuitive methodologies'),(28,'facilitate turn-key partnerships'),(29,'revolutionize value-added mindshare'),(30,'evolve B2C users'),(31,'morph frictionless partnerships'),(32,'deliver e-business supply-chains'),(33,'aggregate innovative e-business'),(34,'architect enterprise schemas'),(35,'facilitate cross-media channels'),(36,'brand ubiquitous partnerships'),(37,'embrace magnetic mindshare'),(38,'monetize vertical markets'),(39,'orchestrate real-time technologies'),(40,'productize strategic solutions'),(41,'matrix impactful architectures'),(42,'enhance 24/365 e-services'),(43,'unleash leading-edge e-markets'),(44,'harness extensible convergence'),(45,'synthesize dot-com interfaces'),(46,'extend innovative bandwidth'),(47,'productize next-generation niches'),(48,'reintermediate out-of-the-box interfaces'),(49,'empower cross-platform e-markets'),(50,'morph bleeding-edge e-services');
/*!40000 ALTER TABLE `job_positions` ENABLE KEYS */;
UNLOCK TABLES;

--
-- Table structure for table `likes`
--

DROP TABLE IF EXISTS `likes`;
/*!40101 SET @saved_cs_client     = @@character_set_client */;
/*!50503 SET character_set_client = utf8mb4 */;
CREATE TABLE `likes` (
  `id` bigint unsigned NOT NULL AUTO_INCREMENT COMMENT 'Идентификатор строки',
  `table_name` varchar(130) NOT NULL COMMENT 'Имя таблицы, кому поставлен Лайк',
  `row_id` bigint unsigned NOT NULL COMMENT 'Ссылка на запись в таблице, кому поставили Лайк',
  `user_id` bigint unsigned NOT NULL COMMENT 'Ссылка на пользователя',
  `created_at` datetime DEFAULT CURRENT_TIMESTAMP COMMENT 'Время создания Лайка',
  PRIMARY KEY (`id`),
  UNIQUE KEY `id` (`id`),
  KEY `user_id` (`user_id`),
  CONSTRAINT `likes_ibfk_1` FOREIGN KEY (`user_id`) REFERENCES `users` (`id`) ON DELETE CASCADE ON UPDATE RESTRICT
) ENGINE=InnoDB AUTO_INCREMENT=1001 DEFAULT CHARSET=utf8mb4 COLLATE=utf8mb4_0900_ai_ci COMMENT='Таблица лайков';
/*!40101 SET character_set_client = @saved_cs_client */;

--
-- Dumping data for table `likes`
--

LOCK TABLES `likes` WRITE;
/*!40000 ALTER TABLE `likes` DISABLE KEYS */;
INSERT INTO `likes` VALUES (1,'users',50,1,'2011-09-30 17:20:09'),(2,'media',13,2,'2020-03-02 04:19:35'),(3,'media',93,3,'2016-08-09 22:48:11'),(4,'media',48,4,'2013-01-15 02:35:19'),(5,'media',15,5,'2020-07-31 12:09:19'),(6,'media',25,6,'2012-09-01 03:42:15'),(7,'posts',2,7,'2014-03-28 02:41:13'),(8,'media',25,8,'2015-06-25 08:19:10'),(9,'media',63,9,'2012-10-30 05:47:53'),(10,'media',100,10,'2015-06-27 04:12:42'),(11,'messages',40,11,'2015-12-17 08:46:53'),(12,'posts',51,12,'2011-06-25 23:55:20'),(13,'media',12,13,'2016-03-07 17:25:55'),(14,'users',36,14,'2015-07-19 12:22:33'),(15,'messages',75,15,'2017-01-25 16:12:15'),(16,'posts',13,16,'2014-09-19 04:33:01'),(17,'users',72,17,'2016-07-24 22:06:54'),(18,'users',53,18,'2015-01-24 01:23:55'),(19,'posts',88,19,'2020-07-24 14:04:38'),(20,'messages',41,20,'2019-09-06 21:40:47'),(21,'messages',17,21,'2020-10-16 12:22:27'),(22,'users',54,22,'2015-07-10 09:00:49'),(23,'posts',57,23,'2011-06-09 15:13:00'),(24,'media',75,24,'2018-11-23 22:34:54'),(25,'media',46,25,'2019-06-05 19:52:48'),(26,'posts',3,26,'2017-02-05 17:31:13'),(27,'messages',9,27,'2011-05-26 04:09:48'),(28,'messages',16,28,'2012-09-16 20:47:32'),(29,'media',67,29,'2020-01-31 14:49:01'),(30,'users',97,30,'2012-06-23 18:32:09'),(31,'posts',77,31,'2015-11-21 06:20:00'),(32,'messages',66,32,'2013-05-04 07:24:29'),(33,'posts',21,33,'2011-11-07 14:10:03'),(34,'users',79,34,'2011-11-29 10:59:41'),(35,'media',17,35,'2017-06-10 10:13:31'),(36,'users',95,36,'2014-10-03 03:03:50'),(37,'messages',80,37,'2016-06-09 16:45:07'),(38,'posts',55,38,'2014-08-29 18:38:10'),(39,'messages',5,39,'2016-02-15 09:40:22'),(40,'posts',10,40,'2018-06-25 14:45:11'),(41,'messages',47,41,'2012-06-30 18:29:07'),(42,'messages',51,42,'2013-01-12 21:37:54'),(43,'messages',88,43,'2020-11-10 13:25:27'),(44,'posts',70,44,'2017-10-17 07:59:09'),(45,'messages',10,45,'2012-11-02 19:31:55'),(46,'media',91,46,'2011-07-06 20:20:27'),(47,'users',86,47,'2011-08-11 20:56:54'),(48,'users',31,48,'2020-07-09 08:01:12'),(49,'messages',13,49,'2017-03-08 19:32:44'),(50,'messages',60,50,'2013-05-22 22:42:56'),(51,'posts',1,51,'2016-09-12 09:06:52'),(52,'media',71,52,'2020-01-01 10:38:22'),(53,'messages',100,53,'2017-11-08 09:00:19'),(54,'posts',41,54,'2014-02-01 16:22:03'),(55,'messages',2,55,'2015-01-12 15:13:33'),(56,'messages',78,56,'2020-03-31 01:02:33'),(57,'messages',85,57,'2020-06-01 14:46:30'),(58,'messages',27,58,'2015-08-02 07:22:33'),(59,'media',85,59,'2016-06-26 23:28:05'),(60,'posts',10,60,'2013-09-28 05:29:12'),(61,'posts',57,61,'2012-02-13 07:41:53'),(62,'posts',14,62,'2013-12-01 10:19:48'),(63,'posts',50,63,'2012-06-16 20:10:31'),(64,'posts',23,64,'2018-09-18 02:28:25'),(65,'messages',61,65,'2013-07-31 05:23:57'),(66,'posts',11,66,'2016-12-12 12:55:45'),(67,'media',13,67,'2020-05-11 13:56:29'),(68,'messages',92,68,'2020-09-21 13:00:31'),(69,'messages',14,69,'2012-01-06 19:24:39'),(70,'users',18,70,'2015-09-23 16:02:41'),(71,'messages',41,71,'2016-02-09 13:48:52'),(72,'media',75,72,'2011-12-24 22:19:05'),(73,'media',6,73,'2015-12-03 15:46:17'),(74,'media',85,74,'2012-11-06 03:32:53'),(75,'posts',5,75,'2020-01-09 19:36:23'),(76,'users',15,76,'2018-05-15 05:59:15'),(77,'users',60,77,'2013-07-19 02:03:18'),(78,'messages',73,78,'2012-11-15 04:52:13'),(79,'media',45,79,'2019-03-24 15:45:46'),(80,'messages',73,80,'2015-09-10 18:06:38'),(81,'users',45,81,'2015-06-22 20:59:36'),(82,'messages',36,82,'2019-09-26 14:46:53'),(83,'users',19,83,'2017-05-19 08:23:46'),(84,'users',78,84,'2011-08-18 17:34:55'),(85,'messages',99,85,'2012-09-26 20:47:33'),(86,'media',3,86,'2020-07-21 07:19:34'),(87,'messages',28,87,'2016-06-04 07:48:25'),(88,'users',69,88,'2013-05-30 22:23:45'),(89,'users',92,89,'2012-10-26 14:08:00'),(90,'users',59,90,'2014-09-20 15:55:25'),(91,'media',59,91,'2012-01-03 21:28:23'),(92,'messages',55,92,'2017-06-25 05:31:12'),(93,'users',60,93,'2020-09-21 14:58:57'),(94,'posts',13,94,'2013-09-26 15:04:50'),(95,'media',34,95,'2017-02-23 16:16:37'),(96,'users',8,96,'2017-10-10 20:59:01'),(97,'posts',67,97,'2018-05-25 11:45:33'),(98,'users',6,98,'2019-10-14 06:35:08'),(99,'posts',67,99,'2012-06-23 21:18:11'),(100,'media',82,100,'2016-07-24 20:27:33'),(101,'media',96,1,'2011-06-10 00:57:35'),(102,'posts',11,2,'2018-11-02 08:11:53'),(103,'posts',48,3,'2011-10-19 02:42:42'),(104,'users',4,4,'2018-11-11 07:22:27'),(105,'users',49,5,'2020-09-27 18:28:02'),(106,'media',14,6,'2013-08-23 12:31:39'),(107,'users',93,7,'2016-11-24 11:43:08'),(108,'media',49,8,'2016-09-13 00:57:42'),(109,'users',48,9,'2017-05-18 07:05:20'),(110,'media',98,10,'2018-11-12 09:05:36'),(111,'media',49,11,'2014-11-15 12:43:25'),(112,'media',45,12,'2011-12-30 23:33:39'),(113,'posts',84,13,'2016-08-22 07:47:35'),(114,'messages',21,14,'2016-03-30 23:55:39'),(115,'media',82,15,'2011-05-14 23:31:10'),(116,'users',74,16,'2011-10-28 19:34:09'),(117,'posts',46,17,'2011-03-23 02:47:30'),(118,'users',94,18,'2015-01-01 09:04:29'),(119,'media',22,19,'2011-10-19 00:52:35'),(120,'media',53,20,'2011-08-31 22:37:25'),(121,'messages',72,21,'2020-11-02 01:44:23'),(122,'media',40,22,'2011-05-07 10:41:28'),(123,'media',89,23,'2012-09-21 21:37:07'),(124,'users',35,24,'2012-04-28 08:05:44'),(125,'posts',4,25,'2020-05-15 13:32:09'),(126,'users',55,26,'2020-10-12 19:11:49'),(127,'users',97,27,'2016-07-15 23:24:56'),(128,'posts',99,28,'2018-03-10 01:28:34'),(129,'posts',51,29,'2017-12-12 16:20:48'),(130,'media',46,30,'2019-10-20 10:59:21'),(131,'media',56,31,'2012-12-11 07:43:29'),(132,'users',63,32,'2015-10-27 21:45:16'),(133,'messages',84,33,'2015-12-01 08:48:26'),(134,'users',58,34,'2017-06-17 16:16:23'),(135,'media',82,35,'2021-02-28 19:30:39'),(136,'messages',98,36,'2013-10-15 07:10:37'),(137,'messages',49,37,'2014-09-12 10:38:15'),(138,'posts',38,38,'2018-05-31 20:35:40'),(139,'media',66,39,'2017-07-24 19:16:54'),(140,'posts',52,40,'2013-02-21 10:54:14'),(141,'posts',91,41,'2012-03-27 11:50:24'),(142,'users',20,42,'2016-06-18 05:25:48'),(143,'media',32,43,'2019-06-10 00:04:09'),(144,'media',27,44,'2020-04-01 22:04:49'),(145,'media',35,45,'2019-04-30 15:24:19'),(146,'media',36,46,'2013-12-08 23:13:45'),(147,'users',100,47,'2020-02-10 13:15:38'),(148,'messages',69,48,'2019-01-16 19:06:09'),(149,'media',56,49,'2018-02-15 10:09:42'),(150,'posts',10,50,'2016-09-23 08:24:11'),(151,'posts',21,51,'2012-02-28 05:56:40'),(152,'media',36,52,'2015-02-23 13:45:50'),(153,'media',80,53,'2013-11-07 05:58:35'),(154,'messages',71,54,'2015-09-30 23:24:36'),(155,'posts',31,55,'2020-07-15 05:32:01'),(156,'messages',89,56,'2017-09-03 02:26:17'),(157,'posts',74,57,'2015-02-03 22:36:46'),(158,'media',10,58,'2013-01-05 12:21:52'),(159,'messages',14,59,'2019-05-16 22:06:10'),(160,'posts',62,60,'2015-01-23 15:17:58'),(161,'users',19,61,'2012-09-19 11:34:04'),(162,'messages',43,62,'2013-01-27 17:50:25'),(163,'media',63,63,'2018-02-07 21:38:28'),(164,'messages',84,64,'2011-11-07 16:07:50'),(165,'posts',54,65,'2018-07-27 18:44:55'),(166,'messages',96,66,'2015-09-26 18:10:16'),(167,'posts',34,67,'2012-04-04 22:05:45'),(168,'users',87,68,'2012-08-05 07:04:27'),(169,'media',30,69,'2017-05-05 01:32:26'),(170,'users',55,70,'2019-04-11 19:29:24'),(171,'users',83,71,'2015-03-29 10:41:48'),(172,'media',91,72,'2013-05-09 00:10:05'),(173,'media',86,73,'2012-12-07 14:31:57'),(174,'posts',54,74,'2019-08-17 04:28:23'),(175,'posts',33,75,'2013-07-21 00:48:52'),(176,'media',22,76,'2015-07-27 14:19:18'),(177,'media',79,77,'2015-07-30 00:24:19'),(178,'messages',60,78,'2018-10-20 11:43:10'),(179,'users',98,79,'2017-11-21 01:31:53'),(180,'posts',51,80,'2014-04-19 00:37:27'),(181,'messages',77,81,'2017-06-02 07:42:54'),(182,'messages',26,82,'2015-02-19 01:44:51'),(183,'posts',43,83,'2016-03-19 02:53:51'),(184,'users',46,84,'2012-08-10 22:45:24'),(185,'messages',52,85,'2011-09-10 02:28:13'),(186,'posts',19,86,'2020-01-25 11:51:57'),(187,'users',36,87,'2012-08-25 13:37:58'),(188,'media',48,88,'2019-10-26 01:58:44'),(189,'messages',24,89,'2016-11-26 00:49:43'),(190,'posts',3,90,'2017-06-28 22:18:25'),(191,'users',34,91,'2013-09-06 14:27:59'),(192,'posts',1,92,'2018-09-18 08:25:51'),(193,'posts',12,93,'2019-03-11 22:42:34'),(194,'media',7,94,'2011-10-21 21:31:05'),(195,'users',58,95,'2015-01-15 07:26:00'),(196,'posts',52,96,'2019-05-10 02:18:39'),(197,'posts',87,97,'2012-10-17 15:01:09'),(198,'users',7,98,'2018-03-12 03:50:29'),(199,'messages',72,99,'2020-08-04 01:30:13'),(200,'media',59,100,'2013-06-22 09:58:02'),(201,'posts',33,1,'2011-04-26 08:38:52'),(202,'users',51,2,'2011-12-21 19:29:58'),(203,'messages',44,3,'2016-06-09 12:04:20'),(204,'posts',3,4,'2011-06-24 18:51:01'),(205,'posts',39,5,'2018-08-23 17:32:34'),(206,'messages',71,6,'2017-02-06 01:31:33'),(207,'media',53,7,'2020-07-03 12:39:26'),(208,'posts',67,8,'2017-11-18 00:22:23'),(209,'media',97,9,'2016-04-04 00:13:24'),(210,'messages',47,10,'2020-06-24 06:20:03'),(211,'users',96,11,'2014-10-06 17:25:14'),(212,'users',36,12,'2020-03-24 23:41:16'),(213,'users',16,13,'2016-09-19 12:09:59'),(214,'posts',16,14,'2011-03-30 15:36:13'),(215,'users',9,15,'2013-02-04 23:33:05'),(216,'media',13,16,'2014-04-23 13:13:51'),(217,'posts',25,17,'2015-01-26 12:15:14'),(218,'users',57,18,'2014-03-10 20:40:05'),(219,'users',66,19,'2013-05-27 12:51:37'),(220,'posts',39,20,'2015-07-14 04:53:39'),(221,'users',5,21,'2017-08-23 19:59:19'),(222,'users',74,22,'2013-06-18 03:34:39'),(223,'posts',83,23,'2013-09-01 02:26:26'),(224,'users',83,24,'2016-06-19 02:02:09'),(225,'messages',17,25,'2013-04-03 01:29:45'),(226,'messages',78,26,'2014-01-11 16:12:36'),(227,'users',39,27,'2017-05-27 16:03:16'),(228,'posts',66,28,'2014-08-11 10:23:09'),(229,'users',52,29,'2019-09-05 20:34:55'),(230,'media',98,30,'2011-11-07 06:04:24'),(231,'posts',38,31,'2017-07-02 22:48:35'),(232,'users',53,32,'2011-06-25 21:15:10'),(233,'messages',84,33,'2013-11-27 05:16:15'),(234,'media',2,34,'2012-08-02 21:22:23'),(235,'media',20,35,'2020-05-16 10:07:54'),(236,'users',91,36,'2019-02-17 23:51:49'),(237,'posts',30,37,'2018-04-21 16:16:28'),(238,'users',64,38,'2012-08-02 02:04:49'),(239,'messages',93,39,'2016-06-17 23:25:49'),(240,'messages',43,40,'2019-01-30 18:54:25'),(241,'media',56,41,'2016-12-05 04:50:36'),(242,'users',56,42,'2021-03-05 15:22:51'),(243,'media',39,43,'2015-07-02 22:34:03'),(244,'media',79,44,'2013-03-04 04:13:45'),(245,'media',75,45,'2019-07-23 22:01:54'),(246,'messages',80,46,'2012-10-17 10:27:47'),(247,'posts',75,47,'2013-09-28 01:01:11'),(248,'posts',69,48,'2012-02-17 23:38:19'),(249,'media',91,49,'2014-11-26 02:56:04'),(250,'posts',46,50,'2020-09-20 13:14:52'),(251,'messages',73,51,'2015-07-18 03:19:34'),(252,'posts',79,52,'2013-03-04 20:54:33'),(253,'users',21,53,'2016-02-25 20:28:02'),(254,'messages',52,54,'2014-03-22 17:55:12'),(255,'users',46,55,'2012-04-13 16:53:54'),(256,'media',41,56,'2015-12-06 13:33:52'),(257,'users',71,57,'2016-03-15 03:51:20'),(258,'posts',85,58,'2013-12-11 07:59:13'),(259,'posts',13,59,'2014-05-28 02:41:31'),(260,'media',30,60,'2012-08-22 08:33:50'),(261,'messages',88,61,'2011-06-23 19:27:34'),(262,'posts',68,62,'2017-06-14 12:03:40'),(263,'posts',50,63,'2012-10-16 20:58:43'),(264,'media',39,64,'2020-07-12 02:00:16'),(265,'users',63,65,'2015-08-14 16:57:49'),(266,'messages',9,66,'2020-07-19 19:24:22'),(267,'messages',61,67,'2013-01-08 15:58:39'),(268,'posts',42,68,'2014-02-08 17:11:24'),(269,'messages',47,69,'2011-05-10 07:40:24'),(270,'users',55,70,'2012-08-29 11:51:03'),(271,'posts',65,71,'2016-10-20 14:42:05'),(272,'users',55,72,'2014-07-07 02:28:43'),(273,'messages',9,73,'2012-02-13 12:44:15'),(274,'posts',86,74,'2019-12-26 23:07:41'),(275,'posts',9,75,'2016-12-28 17:02:30'),(276,'media',20,76,'2018-05-29 18:45:31'),(277,'messages',93,77,'2020-01-28 02:05:39'),(278,'messages',43,78,'2011-12-24 18:58:31'),(279,'users',43,79,'2013-07-19 04:34:51'),(280,'media',5,80,'2017-06-20 00:20:31'),(281,'posts',23,81,'2012-01-17 00:25:08'),(282,'users',10,82,'2018-01-07 14:52:02'),(283,'messages',27,83,'2012-04-19 01:08:06'),(284,'users',15,84,'2017-10-23 03:35:51'),(285,'media',18,85,'2018-08-01 10:06:04'),(286,'users',39,86,'2011-08-28 14:59:11'),(287,'users',45,87,'2020-01-09 21:22:16'),(288,'messages',25,88,'2011-03-18 02:11:54'),(289,'media',37,89,'2016-02-02 05:58:53'),(290,'media',94,90,'2020-12-03 12:52:29'),(291,'posts',90,91,'2011-04-03 00:48:54'),(292,'users',92,92,'2014-09-09 07:19:42'),(293,'users',54,93,'2013-08-13 06:46:57'),(294,'media',31,94,'2016-07-19 11:09:57'),(295,'messages',40,95,'2016-07-18 07:26:49'),(296,'users',45,96,'2012-04-12 14:35:22'),(297,'posts',86,97,'2015-11-27 18:06:40'),(298,'media',75,98,'2015-11-28 16:31:34'),(299,'users',53,99,'2011-07-13 22:04:08'),(300,'posts',41,100,'2017-03-14 08:53:29'),(301,'posts',54,1,'2016-09-10 04:22:36'),(302,'media',52,2,'2016-06-14 17:45:01'),(303,'media',19,3,'2020-05-29 02:54:13'),(304,'messages',56,4,'2017-01-26 13:03:17'),(305,'media',83,5,'2012-12-06 04:14:57'),(306,'posts',90,6,'2020-02-20 04:41:33'),(307,'messages',90,7,'2018-01-20 18:27:22'),(308,'users',10,8,'2016-05-08 05:17:34'),(309,'media',55,9,'2017-11-02 12:15:30'),(310,'posts',96,10,'2013-08-24 12:58:50'),(311,'messages',37,11,'2020-12-13 16:55:37'),(312,'users',12,12,'2015-06-28 22:08:55'),(313,'messages',81,13,'2013-04-30 06:36:07'),(314,'media',89,14,'2020-05-19 16:24:13'),(315,'messages',44,15,'2011-03-26 11:48:36'),(316,'messages',68,16,'2017-03-11 16:20:46'),(317,'media',77,17,'2016-02-01 17:46:58'),(318,'media',88,18,'2020-02-01 17:57:37'),(319,'users',90,19,'2019-04-26 07:42:57'),(320,'posts',96,20,'2016-07-26 05:43:19'),(321,'users',13,21,'2018-05-01 00:05:09'),(322,'users',30,22,'2013-12-23 06:45:56'),(323,'posts',99,23,'2017-09-03 13:25:20'),(324,'users',77,24,'2011-10-03 23:53:30'),(325,'media',4,25,'2017-07-18 19:40:37'),(326,'media',82,26,'2012-11-30 10:59:10'),(327,'users',3,27,'2014-10-11 07:54:58'),(328,'posts',77,28,'2019-12-13 01:58:11'),(329,'users',93,29,'2011-06-06 01:22:39'),(330,'posts',92,30,'2019-08-16 03:22:07'),(331,'media',68,31,'2012-07-17 02:20:48'),(332,'messages',73,32,'2016-12-20 03:53:52'),(333,'posts',22,33,'2020-10-12 17:02:37'),(334,'posts',70,34,'2018-08-17 02:49:30'),(335,'posts',46,35,'2014-04-12 20:05:25'),(336,'posts',55,36,'2019-11-19 06:53:03'),(337,'users',61,37,'2020-04-11 12:00:26'),(338,'users',72,38,'2017-04-25 19:53:38'),(339,'messages',24,39,'2018-08-12 05:09:06'),(340,'users',88,40,'2018-07-25 21:39:51'),(341,'users',76,41,'2012-06-07 21:57:52'),(342,'users',1,42,'2019-01-03 00:48:31'),(343,'users',23,43,'2014-08-13 21:10:10'),(344,'users',16,44,'2015-01-24 01:42:00'),(345,'messages',93,45,'2017-07-16 06:03:10'),(346,'media',90,46,'2014-10-28 19:42:38'),(347,'posts',13,47,'2014-01-19 21:32:57'),(348,'posts',45,48,'2019-06-05 06:02:12'),(349,'media',20,49,'2020-10-12 23:21:28'),(350,'messages',57,50,'2013-10-26 19:35:02'),(351,'media',57,51,'2020-10-07 22:18:13'),(352,'users',55,52,'2019-01-15 17:49:01'),(353,'posts',94,53,'2020-07-20 09:07:20'),(354,'users',33,54,'2018-08-28 17:15:32'),(355,'messages',34,55,'2019-10-29 19:03:09'),(356,'media',69,56,'2018-05-19 08:02:42'),(357,'media',25,57,'2016-03-10 07:28:38'),(358,'messages',54,58,'2015-01-13 16:53:33'),(359,'users',20,59,'2013-10-19 22:11:35'),(360,'posts',30,60,'2017-11-21 05:26:00'),(361,'media',43,61,'2017-01-16 23:07:12'),(362,'posts',86,62,'2012-06-19 17:26:41'),(363,'users',18,63,'2018-03-18 17:14:36'),(364,'media',36,64,'2018-08-20 11:48:20'),(365,'posts',15,65,'2019-04-11 12:22:06'),(366,'messages',10,66,'2019-09-13 15:58:49'),(367,'posts',28,67,'2012-02-09 20:18:38'),(368,'users',27,68,'2014-04-10 23:09:12'),(369,'users',95,69,'2016-08-11 01:02:28'),(370,'media',38,70,'2014-08-06 04:54:16'),(371,'messages',27,71,'2020-08-25 10:27:33'),(372,'media',47,72,'2017-11-01 08:02:25'),(373,'posts',5,73,'2015-12-21 19:40:54'),(374,'media',73,74,'2018-09-28 07:27:02'),(375,'messages',92,75,'2018-01-22 02:10:16'),(376,'users',21,76,'2021-01-01 09:30:07'),(377,'media',85,77,'2015-11-03 07:58:48'),(378,'messages',16,78,'2011-06-18 19:40:03'),(379,'users',20,79,'2014-03-13 17:48:13'),(380,'users',69,80,'2011-09-11 03:53:46'),(381,'users',12,81,'2014-11-22 19:02:32'),(382,'media',4,82,'2013-07-12 02:29:05'),(383,'messages',91,83,'2016-01-05 08:21:45'),(384,'media',1,84,'2011-12-12 09:24:57'),(385,'media',92,85,'2014-12-02 05:05:03'),(386,'media',30,86,'2020-09-19 20:34:11'),(387,'users',73,87,'2020-12-29 14:58:11'),(388,'media',29,88,'2013-02-10 08:19:15'),(389,'media',81,89,'2012-12-19 08:32:46'),(390,'users',49,90,'2020-11-26 07:57:45'),(391,'posts',11,91,'2019-02-17 23:26:42'),(392,'users',37,92,'2013-03-06 01:03:19'),(393,'users',30,93,'2018-12-29 00:09:52'),(394,'users',1,94,'2018-11-15 11:26:46'),(395,'messages',69,95,'2019-03-01 09:43:43'),(396,'messages',2,96,'2013-02-12 02:41:34'),(397,'messages',39,97,'2020-10-19 09:53:32'),(398,'posts',32,98,'2018-01-14 00:16:41'),(399,'posts',49,99,'2014-06-13 00:03:25'),(400,'messages',70,100,'2018-07-09 00:03:31'),(401,'messages',75,1,'2018-06-03 12:09:11'),(402,'users',97,2,'2020-12-12 01:27:39'),(403,'users',43,3,'2012-10-05 19:36:08'),(404,'posts',57,4,'2020-05-07 02:51:46'),(405,'posts',7,5,'2021-01-09 10:23:37'),(406,'users',56,6,'2019-02-25 19:22:23'),(407,'media',28,7,'2017-04-20 04:56:34'),(408,'messages',13,8,'2012-06-10 00:23:51'),(409,'posts',71,9,'2020-01-24 12:31:34'),(410,'users',31,10,'2016-08-02 11:05:40'),(411,'media',50,11,'2011-06-27 20:17:52'),(412,'users',46,12,'2011-10-18 06:23:17'),(413,'users',91,13,'2012-09-01 14:29:14'),(414,'messages',22,14,'2021-01-06 00:29:50'),(415,'media',96,15,'2021-02-20 03:53:34'),(416,'users',26,16,'2014-06-03 18:43:55'),(417,'posts',43,17,'2013-02-04 14:47:43'),(418,'messages',5,18,'2014-08-20 04:51:03'),(419,'users',46,19,'2014-11-05 10:14:08'),(420,'posts',74,20,'2019-07-06 01:00:16'),(421,'messages',14,21,'2018-05-29 10:03:03'),(422,'users',39,22,'2021-01-10 17:12:03'),(423,'posts',92,23,'2013-10-09 13:28:33'),(424,'media',37,24,'2014-02-25 12:57:53'),(425,'users',59,25,'2017-03-13 07:32:11'),(426,'posts',96,26,'2013-08-28 20:02:22'),(427,'users',24,27,'2014-07-26 14:15:04'),(428,'users',34,28,'2018-06-16 09:05:55'),(429,'posts',17,29,'2014-07-02 14:44:36'),(430,'users',61,30,'2020-02-22 11:07:16'),(431,'messages',61,31,'2011-07-26 19:19:12'),(432,'media',69,32,'2017-12-08 23:11:58'),(433,'messages',54,33,'2017-09-16 21:31:13'),(434,'media',36,34,'2012-08-22 15:01:13'),(435,'users',62,35,'2013-09-27 02:43:27'),(436,'users',56,36,'2015-08-30 06:44:45'),(437,'messages',91,37,'2011-06-21 22:31:02'),(438,'messages',45,38,'2012-06-26 03:54:09'),(439,'users',83,39,'2017-07-15 03:21:24'),(440,'users',7,40,'2017-10-17 02:51:12'),(441,'media',45,41,'2011-04-04 21:54:36'),(442,'messages',54,42,'2012-09-14 23:33:12'),(443,'users',51,43,'2020-11-24 01:04:56'),(444,'posts',79,44,'2016-04-08 01:21:54'),(445,'users',50,45,'2012-06-21 15:25:07'),(446,'posts',38,46,'2013-03-06 03:21:56'),(447,'posts',91,47,'2019-06-27 06:52:18'),(448,'media',89,48,'2019-05-08 12:18:20'),(449,'users',25,49,'2017-02-01 11:51:49'),(450,'posts',21,50,'2011-07-14 12:57:50'),(451,'messages',21,51,'2011-09-12 05:15:49'),(452,'posts',34,52,'2020-12-07 10:03:23'),(453,'messages',37,53,'2020-04-12 01:04:30'),(454,'messages',6,54,'2019-06-04 21:21:21'),(455,'media',8,55,'2018-10-10 17:20:19'),(456,'media',1,56,'2017-01-01 05:40:08'),(457,'media',72,57,'2017-03-14 10:34:13'),(458,'messages',50,58,'2018-06-06 14:55:19'),(459,'users',6,59,'2021-01-21 21:20:06'),(460,'users',51,60,'2014-05-03 07:13:48'),(461,'users',59,61,'2012-04-26 12:56:23'),(462,'media',60,62,'2011-12-30 12:48:50'),(463,'posts',64,63,'2011-12-10 19:11:54'),(464,'media',75,64,'2016-04-19 17:09:30'),(465,'users',87,65,'2020-04-08 01:01:55'),(466,'messages',49,66,'2014-05-06 06:40:47'),(467,'media',67,67,'2013-05-13 10:41:30'),(468,'users',43,68,'2018-02-23 17:38:39'),(469,'posts',52,69,'2012-11-07 01:06:21'),(470,'messages',14,70,'2016-09-20 13:00:42'),(471,'users',41,71,'2018-05-01 18:00:38'),(472,'posts',50,72,'2019-01-08 20:53:49'),(473,'messages',45,73,'2015-09-01 07:50:59'),(474,'media',98,74,'2017-12-26 14:53:04'),(475,'media',99,75,'2013-05-03 10:47:30'),(476,'messages',71,76,'2015-09-21 08:04:52'),(477,'media',1,77,'2011-07-31 00:02:51'),(478,'posts',60,78,'2020-11-28 22:01:35'),(479,'users',42,79,'2012-04-13 23:30:52'),(480,'users',75,80,'2019-12-18 14:49:20'),(481,'messages',30,81,'2014-03-16 08:51:34'),(482,'posts',48,82,'2015-08-19 19:15:09'),(483,'messages',18,83,'2013-10-07 01:29:09'),(484,'posts',5,84,'2012-04-19 05:39:15'),(485,'messages',39,85,'2017-09-12 22:36:02'),(486,'media',45,86,'2011-04-18 14:54:51'),(487,'posts',37,87,'2017-09-13 07:57:11'),(488,'media',70,88,'2011-11-12 12:03:14'),(489,'posts',87,89,'2011-07-15 00:19:45'),(490,'media',70,90,'2016-11-06 17:43:23'),(491,'users',79,91,'2013-11-14 11:11:56'),(492,'media',61,92,'2016-02-10 20:34:00'),(493,'messages',48,93,'2018-03-18 15:04:51'),(494,'messages',24,94,'2020-08-03 20:26:02'),(495,'messages',25,95,'2011-08-16 09:58:37'),(496,'posts',83,96,'2014-10-22 08:44:54'),(497,'posts',42,97,'2012-04-17 18:37:05'),(498,'messages',43,98,'2021-03-07 03:24:58'),(499,'posts',33,99,'2012-07-16 08:10:36'),(500,'users',35,100,'2018-10-11 09:18:25'),(501,'messages',17,1,'2011-12-01 08:42:27'),(502,'media',92,2,'2011-09-28 07:41:25'),(503,'users',1,3,'2021-01-18 13:47:18'),(504,'media',43,4,'2013-01-31 00:08:06'),(505,'messages',81,5,'2018-05-29 11:05:50'),(506,'messages',14,6,'2017-02-20 16:04:56'),(507,'media',82,7,'2014-09-23 23:48:03'),(508,'media',98,8,'2011-11-17 02:32:14'),(509,'media',42,9,'2012-06-25 06:07:49'),(510,'posts',91,10,'2011-12-23 10:21:20'),(511,'posts',75,11,'2014-01-15 16:03:49'),(512,'media',73,12,'2017-12-28 07:36:46'),(513,'messages',90,13,'2011-12-13 03:42:10'),(514,'media',8,14,'2014-11-10 17:40:40'),(515,'media',63,15,'2011-10-19 06:03:56'),(516,'messages',45,16,'2018-07-24 23:40:31'),(517,'media',60,17,'2018-12-15 10:10:35'),(518,'media',46,18,'2014-06-09 00:27:51'),(519,'media',54,19,'2015-02-03 04:10:07'),(520,'posts',13,20,'2011-05-01 11:28:43'),(521,'messages',91,21,'2014-02-28 22:18:56'),(522,'media',100,22,'2017-04-25 04:34:51'),(523,'media',10,23,'2017-06-20 04:48:41'),(524,'messages',63,24,'2013-08-19 11:05:41'),(525,'users',39,25,'2017-10-23 08:36:49'),(526,'messages',72,26,'2011-08-27 11:12:15'),(527,'messages',66,27,'2015-02-19 19:47:24'),(528,'users',67,28,'2012-06-15 00:27:16'),(529,'messages',7,29,'2012-03-09 06:07:38'),(530,'messages',25,30,'2019-01-29 02:17:35'),(531,'posts',24,31,'2011-06-02 19:24:05'),(532,'users',67,32,'2018-11-21 09:58:49'),(533,'posts',92,33,'2012-07-10 12:44:18'),(534,'media',59,34,'2019-03-01 07:47:03'),(535,'users',41,35,'2012-02-22 07:42:19'),(536,'users',34,36,'2015-04-08 00:25:56'),(537,'messages',87,37,'2012-02-02 18:29:11'),(538,'messages',25,38,'2020-08-13 17:40:12'),(539,'users',89,39,'2014-08-19 07:07:38'),(540,'posts',80,40,'2020-08-18 16:44:05'),(541,'posts',61,41,'2012-09-11 01:26:32'),(542,'users',64,42,'2016-04-05 22:35:36'),(543,'media',34,43,'2017-03-12 06:21:10'),(544,'messages',69,44,'2019-03-21 11:13:19'),(545,'posts',37,45,'2011-11-22 20:04:14'),(546,'users',65,46,'2013-02-11 12:45:03'),(547,'messages',23,47,'2011-04-17 19:37:51'),(548,'messages',22,48,'2019-10-06 11:08:57'),(549,'posts',48,49,'2017-10-15 12:27:27'),(550,'media',77,50,'2011-10-10 08:49:50'),(551,'messages',59,51,'2013-01-20 02:37:54'),(552,'posts',74,52,'2018-09-22 02:57:26'),(553,'media',78,53,'2016-08-18 21:10:03'),(554,'users',76,54,'2014-09-29 07:53:03'),(555,'media',56,55,'2017-03-11 05:38:35'),(556,'media',96,56,'2015-09-15 03:30:56'),(557,'posts',51,57,'2013-03-27 09:52:56'),(558,'messages',51,58,'2017-12-02 05:44:17'),(559,'posts',41,59,'2020-01-02 06:15:04'),(560,'users',50,60,'2019-10-10 21:20:49'),(561,'messages',79,61,'2021-02-23 19:28:33'),(562,'posts',44,62,'2014-02-28 13:03:48'),(563,'messages',63,63,'2016-10-06 14:08:27'),(564,'media',67,64,'2020-03-23 20:43:10'),(565,'messages',93,65,'2018-02-26 14:08:59'),(566,'media',10,66,'2014-12-24 04:35:22'),(567,'messages',66,67,'2015-01-17 10:16:03'),(568,'media',15,68,'2014-11-05 07:00:47'),(569,'media',88,69,'2018-12-17 04:31:33'),(570,'media',17,70,'2020-07-15 07:44:55'),(571,'users',8,71,'2012-10-21 20:15:52'),(572,'posts',13,72,'2013-06-22 02:25:14'),(573,'messages',55,73,'2021-01-11 07:30:43'),(574,'messages',43,74,'2013-11-26 16:08:48'),(575,'media',77,75,'2021-02-23 04:47:45'),(576,'media',55,76,'2017-01-27 04:52:35'),(577,'messages',37,77,'2016-06-24 11:41:40'),(578,'posts',42,78,'2019-06-18 13:14:43'),(579,'media',45,79,'2019-10-09 04:55:51'),(580,'messages',56,80,'2017-08-04 22:50:11'),(581,'users',81,81,'2018-04-26 18:09:59'),(582,'media',39,82,'2012-11-12 08:48:16'),(583,'media',69,83,'2013-08-30 07:20:50'),(584,'media',49,84,'2016-11-06 09:45:22'),(585,'messages',44,85,'2019-12-20 17:13:54'),(586,'messages',6,86,'2014-05-22 04:15:35'),(587,'users',16,87,'2018-11-26 03:31:39'),(588,'media',54,88,'2012-04-02 00:49:19'),(589,'users',34,89,'2012-07-15 21:30:24'),(590,'users',54,90,'2015-05-14 15:05:11'),(591,'media',50,91,'2020-07-17 23:44:31'),(592,'media',35,92,'2012-10-11 03:55:31'),(593,'messages',82,93,'2015-02-06 06:14:38'),(594,'media',36,94,'2013-10-03 20:44:27'),(595,'users',81,95,'2015-12-20 18:19:09'),(596,'posts',46,96,'2011-11-28 13:32:24'),(597,'users',42,97,'2017-12-16 12:34:10'),(598,'users',5,98,'2018-03-18 00:42:00'),(599,'messages',14,99,'2016-12-12 18:33:49'),(600,'messages',38,100,'2020-03-21 12:32:02'),(601,'messages',34,1,'2012-12-17 10:12:33'),(602,'users',68,2,'2015-08-16 23:48:40'),(603,'users',70,3,'2014-07-27 12:38:42'),(604,'posts',79,4,'2018-10-04 13:33:33'),(605,'posts',87,5,'2016-09-13 15:28:53'),(606,'users',70,6,'2015-10-22 12:32:31'),(607,'posts',49,7,'2017-06-07 07:15:52'),(608,'posts',30,8,'2019-08-04 20:57:56'),(609,'media',34,9,'2012-07-27 13:15:26'),(610,'messages',60,10,'2015-07-14 04:19:49'),(611,'users',77,11,'2019-07-12 10:42:45'),(612,'messages',47,12,'2016-04-28 15:19:07'),(613,'messages',34,13,'2012-03-17 12:18:23'),(614,'posts',68,14,'2017-09-07 11:28:29'),(615,'media',27,15,'2016-12-07 09:18:55'),(616,'messages',2,16,'2019-02-13 04:06:06'),(617,'media',8,17,'2016-02-04 01:07:05'),(618,'media',7,18,'2017-10-06 10:53:28'),(619,'users',34,19,'2012-08-14 03:38:37'),(620,'posts',33,20,'2012-09-23 02:42:59'),(621,'posts',58,21,'2012-10-04 22:54:22'),(622,'media',79,22,'2017-07-20 21:49:17'),(623,'users',67,23,'2017-02-01 14:23:57'),(624,'media',34,24,'2015-03-30 03:33:10'),(625,'media',52,25,'2015-09-25 19:07:09'),(626,'users',94,26,'2016-11-08 05:55:46'),(627,'posts',21,27,'2015-04-22 15:04:31'),(628,'posts',82,28,'2016-11-18 22:40:03'),(629,'messages',92,29,'2019-04-09 20:07:06'),(630,'messages',20,30,'2016-02-02 18:19:02'),(631,'users',26,31,'2017-09-21 01:46:17'),(632,'posts',81,32,'2015-08-12 00:32:17'),(633,'users',15,33,'2011-11-19 22:02:18'),(634,'users',36,34,'2011-08-18 13:10:01'),(635,'users',35,35,'2018-11-10 01:45:27'),(636,'users',46,36,'2018-05-20 17:04:45'),(637,'posts',38,37,'2016-12-19 17:45:24'),(638,'users',48,38,'2021-01-18 09:42:58'),(639,'media',12,39,'2019-06-11 08:45:20'),(640,'media',74,40,'2012-09-20 11:29:41'),(641,'users',7,41,'2011-06-02 02:20:44'),(642,'media',76,42,'2013-05-18 13:18:54'),(643,'messages',20,43,'2011-04-19 00:53:42'),(644,'messages',100,44,'2012-10-11 23:52:11'),(645,'users',73,45,'2019-11-24 07:39:36'),(646,'users',25,46,'2011-04-08 14:12:34'),(647,'posts',89,47,'2020-03-30 22:51:38'),(648,'posts',78,48,'2016-01-02 21:18:31'),(649,'media',82,49,'2014-11-28 06:17:39'),(650,'posts',61,50,'2013-05-15 08:39:37'),(651,'posts',48,51,'2019-02-23 17:49:37'),(652,'messages',7,52,'2017-02-05 16:27:23'),(653,'users',45,53,'2021-01-21 01:37:56'),(654,'users',30,54,'2014-03-26 20:05:52'),(655,'media',68,55,'2017-03-28 10:22:01'),(656,'posts',87,56,'2018-06-28 17:21:55'),(657,'posts',87,57,'2020-03-03 12:30:07'),(658,'messages',8,58,'2018-03-11 07:44:47'),(659,'users',86,59,'2014-12-31 19:25:20'),(660,'media',19,60,'2019-10-27 12:22:45'),(661,'users',89,61,'2012-10-22 14:34:04'),(662,'media',12,62,'2014-12-28 08:10:46'),(663,'messages',28,63,'2012-02-19 09:16:06'),(664,'messages',60,64,'2012-08-29 09:19:17'),(665,'media',45,65,'2012-03-28 04:46:00'),(666,'posts',99,66,'2017-08-13 07:19:57'),(667,'users',19,67,'2016-05-09 20:41:56'),(668,'posts',50,68,'2015-06-20 08:16:08'),(669,'posts',35,69,'2016-08-08 12:03:05'),(670,'messages',22,70,'2014-03-17 18:45:31'),(671,'media',10,71,'2015-05-02 19:25:32'),(672,'posts',24,72,'2019-09-26 21:47:59'),(673,'posts',31,73,'2013-11-20 17:36:35'),(674,'posts',84,74,'2011-04-26 11:46:34'),(675,'messages',43,75,'2018-12-22 16:13:20'),(676,'media',29,76,'2019-06-21 21:38:52'),(677,'messages',84,77,'2015-07-20 00:17:22'),(678,'users',35,78,'2013-01-15 17:55:31'),(679,'messages',22,79,'2018-04-29 00:06:58'),(680,'users',81,80,'2012-04-10 05:32:33'),(681,'messages',41,81,'2017-12-21 23:16:47'),(682,'media',69,82,'2015-09-17 16:03:21'),(683,'posts',94,83,'2020-11-05 23:29:56'),(684,'messages',61,84,'2016-05-15 19:55:10'),(685,'messages',73,85,'2017-10-27 15:58:05'),(686,'posts',44,86,'2016-12-30 12:15:02'),(687,'media',6,87,'2011-07-13 20:57:10'),(688,'media',86,88,'2014-01-05 02:30:37'),(689,'users',100,89,'2011-03-28 02:42:26'),(690,'posts',51,90,'2016-10-20 02:50:36'),(691,'users',55,91,'2014-04-01 00:14:34'),(692,'messages',59,92,'2012-04-17 00:52:13'),(693,'users',44,93,'2019-09-05 12:33:16'),(694,'media',47,94,'2016-11-16 21:39:34'),(695,'media',13,95,'2017-07-15 18:52:21'),(696,'messages',10,96,'2017-03-29 14:17:22'),(697,'users',50,97,'2013-11-24 09:03:45'),(698,'posts',43,98,'2020-04-16 20:40:27'),(699,'media',51,99,'2013-03-16 00:00:59'),(700,'users',43,100,'2015-12-07 01:48:55'),(701,'messages',71,1,'2017-03-11 10:58:16'),(702,'messages',23,2,'2012-05-16 13:51:39'),(703,'media',38,3,'2016-08-04 04:36:04'),(704,'users',21,4,'2020-11-08 00:02:40'),(705,'messages',8,5,'2014-01-19 19:14:38'),(706,'posts',2,6,'2019-05-03 09:36:13'),(707,'messages',96,7,'2012-01-05 19:33:34'),(708,'messages',35,8,'2017-11-02 15:32:08'),(709,'posts',3,9,'2020-06-13 18:29:56'),(710,'media',26,10,'2021-01-23 00:14:12'),(711,'media',33,11,'2011-11-05 17:26:03'),(712,'messages',82,12,'2014-02-26 05:56:38'),(713,'messages',13,13,'2012-07-01 00:27:47'),(714,'messages',16,14,'2018-07-17 00:34:00'),(715,'messages',70,15,'2018-05-05 11:05:04'),(716,'posts',64,16,'2013-12-23 00:48:16'),(717,'messages',100,17,'2012-08-11 15:23:14'),(718,'media',92,18,'2014-08-11 05:54:07'),(719,'posts',57,19,'2017-08-18 02:34:39'),(720,'posts',98,20,'2012-12-03 13:45:59'),(721,'messages',10,21,'2020-05-09 19:01:02'),(722,'posts',41,22,'2014-02-06 18:50:17'),(723,'posts',20,23,'2017-05-12 17:19:01'),(724,'posts',32,24,'2012-06-23 20:43:25'),(725,'users',10,25,'2016-01-20 18:29:57'),(726,'messages',13,26,'2012-03-15 15:18:36'),(727,'messages',9,27,'2018-09-19 22:53:37'),(728,'users',57,28,'2015-01-05 15:20:17'),(729,'posts',71,29,'2014-11-29 04:30:17'),(730,'media',47,30,'2014-05-15 20:05:55'),(731,'messages',58,31,'2017-01-26 06:04:25'),(732,'messages',49,32,'2016-06-12 07:49:27'),(733,'posts',28,33,'2014-04-09 06:27:11'),(734,'posts',70,34,'2015-08-08 17:32:16'),(735,'media',90,35,'2017-05-05 18:22:28'),(736,'posts',61,36,'2013-09-05 00:27:15'),(737,'media',56,37,'2014-02-18 21:25:04'),(738,'posts',62,38,'2014-08-13 18:21:53'),(739,'posts',85,39,'2011-11-12 01:36:01'),(740,'messages',87,40,'2014-07-28 17:23:52'),(741,'media',29,41,'2019-01-26 15:23:36'),(742,'messages',25,42,'2017-10-09 10:29:33'),(743,'posts',60,43,'2018-02-12 19:29:41'),(744,'messages',20,44,'2018-08-12 15:02:29'),(745,'messages',69,45,'2012-05-05 01:50:24'),(746,'posts',32,46,'2018-10-09 14:46:00'),(747,'media',33,47,'2014-04-29 14:41:43'),(748,'messages',3,48,'2018-09-29 03:34:05'),(749,'messages',92,49,'2016-02-10 19:57:46'),(750,'users',5,50,'2016-08-11 02:17:41'),(751,'posts',93,51,'2020-11-26 15:11:51'),(752,'users',61,52,'2015-06-18 12:04:59'),(753,'users',84,53,'2015-04-10 09:31:05'),(754,'media',99,54,'2020-07-12 07:48:48'),(755,'media',86,55,'2013-08-13 13:26:05'),(756,'media',99,56,'2014-05-01 18:57:19'),(757,'posts',17,57,'2021-01-17 14:12:11'),(758,'users',40,58,'2018-09-11 01:52:22'),(759,'media',7,59,'2019-08-14 14:03:04'),(760,'media',70,60,'2015-04-12 12:54:12'),(761,'media',98,61,'2014-01-01 17:54:31'),(762,'users',69,62,'2019-08-03 23:06:25'),(763,'posts',88,63,'2020-11-15 08:54:00'),(764,'posts',24,64,'2020-01-12 09:35:58'),(765,'posts',71,65,'2014-01-27 21:30:19'),(766,'users',52,66,'2020-07-06 12:12:38'),(767,'users',2,67,'2015-05-12 18:09:00'),(768,'media',46,68,'2020-01-11 02:40:22'),(769,'posts',26,69,'2014-07-14 06:59:04'),(770,'users',53,70,'2015-12-06 14:18:52'),(771,'media',58,71,'2017-12-11 11:57:21'),(772,'media',8,72,'2015-04-29 03:48:10'),(773,'posts',2,73,'2020-04-04 02:50:19'),(774,'messages',20,74,'2019-02-20 11:33:15'),(775,'users',14,75,'2018-11-09 12:05:14'),(776,'posts',21,76,'2013-06-16 08:57:49'),(777,'posts',5,77,'2020-08-04 00:49:52'),(778,'media',57,78,'2015-08-09 06:32:11'),(779,'media',2,79,'2012-06-06 00:20:24'),(780,'users',8,80,'2016-04-23 22:11:34'),(781,'media',20,81,'2018-09-18 08:31:55'),(782,'messages',1,82,'2020-11-14 19:10:58'),(783,'messages',79,83,'2019-10-13 09:05:40'),(784,'media',4,84,'2020-09-14 19:12:08'),(785,'media',47,85,'2019-02-18 19:14:47'),(786,'media',12,86,'2012-05-31 09:26:25'),(787,'posts',88,87,'2014-02-20 12:02:06'),(788,'posts',91,88,'2014-03-18 15:41:12'),(789,'posts',95,89,'2016-11-07 09:30:06'),(790,'media',99,90,'2013-08-24 09:04:23'),(791,'messages',69,91,'2019-03-10 14:08:06'),(792,'users',59,92,'2014-03-31 13:58:56'),(793,'posts',5,93,'2014-12-15 18:02:01'),(794,'users',36,94,'2021-02-25 05:00:18'),(795,'posts',18,95,'2013-01-05 21:49:15'),(796,'messages',76,96,'2012-12-24 21:30:49'),(797,'users',46,97,'2011-07-28 02:31:06'),(798,'posts',98,98,'2015-11-29 01:31:27'),(799,'users',24,99,'2014-12-25 23:58:12'),(800,'users',31,100,'2011-07-03 04:28:59'),(801,'media',66,1,'2016-11-12 13:44:03'),(802,'users',100,2,'2015-09-30 18:26:46'),(803,'messages',43,3,'2018-09-22 08:48:36'),(804,'media',24,4,'2019-09-26 11:46:09'),(805,'media',83,5,'2012-01-24 16:51:09'),(806,'posts',99,6,'2017-06-01 03:17:05'),(807,'media',14,7,'2015-10-20 05:08:22'),(808,'users',5,8,'2012-08-02 14:17:53'),(809,'messages',93,9,'2019-10-11 04:01:35'),(810,'users',16,10,'2013-12-15 21:02:42'),(811,'posts',53,11,'2020-09-07 17:51:03'),(812,'messages',71,12,'2017-10-06 05:39:20'),(813,'media',9,13,'2020-09-26 15:52:26'),(814,'posts',51,14,'2018-09-23 19:59:23'),(815,'messages',13,15,'2016-03-14 00:50:09'),(816,'users',48,16,'2014-03-20 08:40:34'),(817,'messages',6,17,'2014-06-21 10:46:34'),(818,'media',70,18,'2016-04-10 01:52:05'),(819,'media',69,19,'2017-06-02 04:04:15'),(820,'media',17,20,'2017-08-20 07:45:09'),(821,'messages',95,21,'2012-02-11 02:23:57'),(822,'media',6,22,'2020-10-26 19:18:25'),(823,'messages',28,23,'2013-08-22 15:20:07'),(824,'media',47,24,'2012-11-15 05:07:31'),(825,'posts',25,25,'2014-03-26 01:56:53'),(826,'users',93,26,'2018-08-02 05:23:19'),(827,'media',79,27,'2017-07-26 22:01:12'),(828,'posts',33,28,'2013-10-06 17:13:57'),(829,'messages',73,29,'2020-06-05 13:53:31'),(830,'media',15,30,'2011-05-19 18:33:02'),(831,'posts',56,31,'2018-09-30 07:48:40'),(832,'users',78,32,'2016-06-20 23:09:34'),(833,'media',32,33,'2013-01-08 14:21:07'),(834,'users',91,34,'2019-11-13 22:20:20'),(835,'messages',27,35,'2016-12-10 23:44:09'),(836,'media',36,36,'2016-09-19 12:17:31'),(837,'media',27,37,'2015-12-15 23:15:19'),(838,'users',85,38,'2016-02-15 10:26:20'),(839,'messages',78,39,'2018-10-02 06:26:49'),(840,'media',8,40,'2017-07-03 20:12:44'),(841,'media',47,41,'2012-04-12 02:22:41'),(842,'posts',76,42,'2018-07-21 04:26:08'),(843,'media',44,43,'2017-08-05 09:07:02'),(844,'posts',58,44,'2016-03-19 09:27:46'),(845,'messages',97,45,'2014-10-13 20:31:55'),(846,'posts',88,46,'2019-05-25 07:44:37'),(847,'users',26,47,'2015-11-11 07:08:15'),(848,'users',10,48,'2013-10-03 21:56:57'),(849,'messages',23,49,'2016-09-06 05:10:07'),(850,'media',63,50,'2018-10-21 17:33:11'),(851,'media',55,51,'2018-12-21 10:35:00'),(852,'media',65,52,'2016-04-02 22:19:31'),(853,'messages',8,53,'2017-12-31 20:49:01'),(854,'users',43,54,'2018-08-11 18:09:35'),(855,'users',42,55,'2016-12-27 01:49:16'),(856,'messages',13,56,'2020-04-08 18:58:10'),(857,'media',54,57,'2012-07-27 23:08:30'),(858,'media',30,58,'2018-10-23 07:02:10'),(859,'media',69,59,'2017-12-31 01:14:24'),(860,'users',62,60,'2013-06-06 05:16:09'),(861,'messages',54,61,'2014-06-05 13:50:21'),(862,'messages',72,62,'2011-12-09 02:30:34'),(863,'posts',65,63,'2017-11-16 19:05:13'),(864,'users',73,64,'2013-07-20 08:48:28'),(865,'posts',42,65,'2018-10-30 19:02:09'),(866,'media',42,66,'2019-07-09 05:22:03'),(867,'users',12,67,'2016-05-24 14:24:28'),(868,'media',90,68,'2017-04-07 07:36:27'),(869,'posts',43,69,'2014-02-16 14:27:42'),(870,'posts',47,70,'2011-12-15 18:24:32'),(871,'media',59,71,'2019-09-06 10:43:11'),(872,'posts',10,72,'2020-05-23 15:30:53'),(873,'users',8,73,'2014-04-29 04:54:20'),(874,'posts',84,74,'2018-09-13 21:58:22'),(875,'posts',50,75,'2021-02-24 23:26:12'),(876,'users',9,76,'2017-10-16 04:23:40'),(877,'posts',48,77,'2020-10-03 15:58:46'),(878,'media',69,78,'2013-08-22 01:06:36'),(879,'posts',13,79,'2015-03-15 14:28:36'),(880,'users',50,80,'2014-09-11 05:45:34'),(881,'posts',31,81,'2019-05-30 11:57:38'),(882,'messages',92,82,'2012-04-11 04:27:07'),(883,'users',28,83,'2017-09-05 16:56:36'),(884,'users',84,84,'2014-02-09 09:23:14'),(885,'messages',86,85,'2011-08-31 18:53:30'),(886,'users',62,86,'2014-02-23 12:22:57'),(887,'media',56,87,'2019-03-17 03:09:02'),(888,'users',68,88,'2020-01-07 01:32:50'),(889,'messages',12,89,'2015-05-16 16:40:25'),(890,'posts',15,90,'2018-07-10 03:21:18'),(891,'messages',78,91,'2016-03-01 02:45:10'),(892,'messages',29,92,'2011-09-20 18:30:05'),(893,'posts',31,93,'2017-08-25 06:45:15'),(894,'media',29,94,'2019-04-29 15:31:52'),(895,'messages',85,95,'2015-08-25 14:09:42'),(896,'media',98,96,'2013-04-14 19:47:10'),(897,'messages',50,97,'2019-11-26 23:05:54'),(898,'posts',8,98,'2019-08-11 15:53:01'),(899,'media',81,99,'2014-11-07 19:19:06'),(900,'users',38,100,'2019-03-01 00:25:13'),(901,'users',1,1,'2016-03-14 06:25:13'),(902,'users',45,2,'2019-01-07 22:10:53'),(903,'users',57,3,'2015-08-24 00:42:43'),(904,'media',18,4,'2011-12-21 21:17:25'),(905,'users',10,5,'2017-06-09 06:14:33'),(906,'media',23,6,'2018-05-24 18:19:35'),(907,'media',69,7,'2015-11-28 14:52:42'),(908,'posts',39,8,'2019-02-12 16:00:22'),(909,'posts',83,9,'2020-06-12 08:57:13'),(910,'media',89,10,'2012-01-19 15:28:36'),(911,'messages',24,11,'2015-10-02 10:18:01'),(912,'posts',25,12,'2020-06-23 23:04:40'),(913,'messages',90,13,'2012-01-27 14:29:26'),(914,'media',94,14,'2016-11-15 10:07:37'),(915,'users',64,15,'2017-03-12 01:22:20'),(916,'users',69,16,'2012-01-12 16:22:28'),(917,'messages',41,17,'2020-02-02 03:31:28'),(918,'posts',78,18,'2016-01-26 02:53:11'),(919,'messages',88,19,'2020-09-07 22:59:54'),(920,'messages',21,20,'2015-06-03 10:38:23'),(921,'messages',49,21,'2021-03-10 23:04:44'),(922,'users',12,22,'2019-08-22 13:59:14'),(923,'posts',94,23,'2015-04-11 06:41:50'),(924,'posts',12,24,'2020-09-19 15:48:30'),(925,'posts',68,25,'2014-08-26 19:09:24'),(926,'users',77,26,'2012-10-29 08:21:22'),(927,'media',10,27,'2015-05-14 19:48:26'),(928,'posts',63,28,'2013-05-27 07:27:27'),(929,'messages',8,29,'2020-02-02 01:14:46'),(930,'posts',7,30,'2019-11-11 02:24:22'),(931,'users',49,31,'2018-09-26 10:34:03'),(932,'messages',93,32,'2013-11-07 17:01:01'),(933,'posts',24,33,'2017-09-25 23:45:40'),(934,'users',70,34,'2012-06-13 14:00:09'),(935,'users',51,35,'2020-09-08 05:12:00'),(936,'posts',36,36,'2016-07-14 07:30:30'),(937,'messages',59,37,'2017-07-02 01:11:07'),(938,'users',39,38,'2014-12-09 20:24:55'),(939,'users',12,39,'2020-06-20 17:20:25'),(940,'users',11,40,'2016-01-20 23:50:23'),(941,'posts',45,41,'2014-06-23 20:11:38'),(942,'posts',54,42,'2020-12-14 11:10:45'),(943,'posts',66,43,'2013-02-27 18:03:34'),(944,'media',25,44,'2016-09-14 10:19:17'),(945,'posts',91,45,'2012-07-17 21:18:39'),(946,'users',60,46,'2019-11-13 03:53:59'),(947,'posts',92,47,'2017-12-21 15:14:57'),(948,'media',30,48,'2015-06-15 08:58:17'),(949,'posts',74,49,'2016-06-24 00:48:26'),(950,'posts',69,50,'2017-12-09 10:50:22'),(951,'posts',44,51,'2016-02-19 14:45:38'),(952,'posts',79,52,'2020-05-03 06:24:15'),(953,'users',74,53,'2015-03-01 16:21:23'),(954,'media',23,54,'2020-02-17 17:20:17'),(955,'messages',86,55,'2017-01-14 00:40:03'),(956,'posts',34,56,'2016-12-09 22:17:36'),(957,'media',83,57,'2016-10-24 19:00:13'),(958,'messages',26,58,'2011-08-19 13:42:40'),(959,'users',73,59,'2013-09-01 13:55:57'),(960,'users',83,60,'2011-09-30 17:28:31'),(961,'posts',43,61,'2013-03-22 05:33:45'),(962,'posts',70,62,'2011-06-06 15:31:11'),(963,'messages',14,63,'2014-07-06 16:06:14'),(964,'media',29,64,'2012-02-15 07:25:10'),(965,'messages',59,65,'2013-05-28 11:14:44'),(966,'media',27,66,'2013-06-05 07:37:12'),(967,'posts',63,67,'2011-09-02 03:30:40'),(968,'posts',54,68,'2015-07-02 23:10:17'),(969,'messages',41,69,'2019-01-20 10:03:04'),(970,'posts',58,70,'2017-09-25 06:51:07'),(971,'media',51,71,'2017-05-31 08:17:31'),(972,'media',60,72,'2019-05-30 09:53:11'),(973,'posts',6,73,'2018-09-04 23:05:42'),(974,'media',39,74,'2020-07-16 10:25:50'),(975,'posts',85,75,'2015-02-07 07:55:07'),(976,'posts',75,76,'2018-08-10 13:48:57'),(977,'media',23,77,'2016-03-18 21:34:11'),(978,'messages',30,78,'2020-10-08 10:14:55'),(979,'media',63,79,'2012-01-12 07:07:39'),(980,'media',86,80,'2020-06-13 23:43:16'),(981,'media',64,81,'2017-02-27 18:35:52'),(982,'messages',45,82,'2018-08-28 06:23:27'),(983,'messages',57,83,'2017-04-25 18:09:27'),(984,'users',40,84,'2013-10-21 06:24:17'),(985,'messages',88,85,'2014-05-20 00:41:35'),(986,'users',87,86,'2017-03-25 23:03:22'),(987,'media',81,87,'2019-11-29 18:17:57'),(988,'media',47,88,'2011-05-25 17:16:41'),(989,'media',24,89,'2016-12-30 15:40:01'),(990,'media',78,90,'2015-07-17 04:17:22'),(991,'users',27,91,'2012-05-08 08:41:53'),(992,'posts',83,92,'2012-08-10 09:20:53'),(993,'users',3,93,'2018-07-01 21:59:31'),(994,'posts',95,94,'2017-07-08 12:46:17'),(995,'media',27,95,'2019-07-16 14:19:14'),(996,'media',24,96,'2014-02-01 18:52:20'),(997,'media',17,97,'2017-10-04 19:56:15'),(998,'media',92,98,'2015-09-21 12:25:45'),(999,'messages',80,99,'2015-08-09 08:35:21'),(1000,'posts',25,100,'2013-04-12 22:27:55');
/*!40000 ALTER TABLE `likes` ENABLE KEYS */;
UNLOCK TABLES;
/*!50003 SET @saved_cs_client      = @@character_set_client */ ;
/*!50003 SET @saved_cs_results     = @@character_set_results */ ;
/*!50003 SET @saved_col_connection = @@collation_connection */ ;
/*!50003 SET character_set_client  = utf8mb4 */ ;
/*!50003 SET character_set_results = utf8mb4 */ ;
/*!50003 SET collation_connection  = utf8mb4_0900_ai_ci */ ;
/*!50003 SET @saved_sql_mode       = @@sql_mode */ ;
/*!50003 SET sql_mode              = 'STRICT_TRANS_TABLES,NO_ENGINE_SUBSTITUTION' */ ;
DELIMITER ;;
/*!50003 CREATE*/ /*!50017 DEFINER=`root`@`localhost`*/ /*!50003 TRIGGER `likes_validation` BEFORE INSERT ON `likes` FOR EACH ROW BEGIN
  IF !is_row_exists(NEW.row_id, NEW.table_name) THEN
    SIGNAL SQLSTATE "45000"
    SET MESSAGE_TEXT = "Error adding like! Target table doesn't contain row id provided!";
  END IF;
END */;;
DELIMITER ;
/*!50003 SET sql_mode              = @saved_sql_mode */ ;
/*!50003 SET character_set_client  = @saved_cs_client */ ;
/*!50003 SET character_set_results = @saved_cs_results */ ;
/*!50003 SET collation_connection  = @saved_col_connection */ ;

--
-- Table structure for table `logs`
--

DROP TABLE IF EXISTS `logs`;
/*!40101 SET @saved_cs_client     = @@character_set_client */;
/*!50503 SET character_set_client = utf8mb4 */;
CREATE TABLE `logs` (
  `user` varchar(40) DEFAULT NULL COMMENT 'Пользователь',
  `created_at` datetime DEFAULT CURRENT_TIMESTAMP COMMENT 'Время создания строки',
  `type_operation` enum('insert','update','delete') DEFAULT NULL COMMENT 'тип операции',
  `name_table` varchar(20) NOT NULL COMMENT 'название таблицы',
  `row_id` bigint unsigned NOT NULL COMMENT 'идентификатор первичного ключа в таблице',
  `description` varchar(255) DEFAULT NULL COMMENT 'описание действия'
) ENGINE=ARCHIVE DEFAULT CHARSET=utf8mb4 COLLATE=utf8mb4_0900_ai_ci COMMENT='Таблица логгирования добавления/изменения/удаления записей в таблицы БД';
/*!40101 SET character_set_client = @saved_cs_client */;

--
-- Dumping data for table `logs`
--

LOCK TABLES `logs` WRITE;
/*!40000 ALTER TABLE `logs` DISABLE KEYS */;
INSERT INTO `logs` VALUES ('root@localhost','2021-03-18 23:01:14','insert','users',1,'Josephine Rohan (Email: mokuneva@example.org, Phone: (975)926-5860x62141)'),('root@localhost','2021-03-18 23:01:14','insert','users',2,'Samara Kulas (Email: margaretta73@example.org, Phone: +90(7)3917611929)'),('root@localhost','2021-03-18 23:01:14','insert','users',3,'Adam Bogisich (Email: ian.kovacek@example.org, Phone: 191-100-7772x0978)'),('root@localhost','2021-03-18 23:01:14','insert','users',4,'Loyce Becker (Email: considine.herta@example.com, Phone: +15(1)6570006871)'),('root@localhost','2021-03-18 23:01:14','insert','users',5,'Brook McCullough (Email: jon69@example.com, Phone: +55(2)8987911833)'),('root@localhost','2021-03-18 23:01:14','insert','users',6,'Madge Haley (Email: modesta08@example.org, Phone: 1-184-768-5390)'),('root@localhost','2021-03-18 23:01:14','insert','users',7,'Norberto Lakin (Email: hterry@example.org, Phone: 394-829-3793x61244)'),('root@localhost','2021-03-18 23:01:14','insert','users',8,'Travis Kiehn (Email: astamm@example.net, Phone: 120.161.0558)'),('root@localhost','2021-03-18 23:01:14','insert','users',9,'Caroline Bernhard (Email: rolando.mosciski@example.com, Phone: (334)173-0078x1208)'),('root@localhost','2021-03-18 23:01:14','insert','users',10,'Keara Heathcote (Email: isawayn@example.net, Phone: 1-188-529-6435x0520)'),('root@localhost','2021-03-18 23:01:14','insert','users',11,'Laurine Boyer (Email: csmitham@example.net, Phone: 1-346-521-7069x9081)'),('root@localhost','2021-03-18 23:01:14','insert','users',12,'Abigail Flatley (Email: victor.bradtke@example.net, Phone: 605.252.6379x241)'),('root@localhost','2021-03-18 23:01:14','insert','users',13,'Mabelle Heidenreich (Email: tremayne.mcclure@example.org, Phone: 635.909.5801x851)'),('root@localhost','2021-03-18 23:01:14','insert','users',14,'Brennan Tromp (Email: torphy.yadira@example.com, Phone: 1-131-988-9509x63460)'),('root@localhost','2021-03-18 23:01:14','insert','users',15,'Annalise Cruickshank (Email: ethyl81@example.org, Phone: 608.947.2796)'),('root@localhost','2021-03-18 23:01:14','insert','users',16,'Jedidiah Mann (Email: gerhard.gibson@example.org, Phone: 847-963-8490x92289)'),('root@localhost','2021-03-18 23:01:14','insert','users',17,'Edmund Klein (Email: ubosco@example.org, Phone: 072-613-9127)'),('root@localhost','2021-03-18 23:01:14','insert','users',18,'Hulda Pollich (Email: fleta.ledner@example.org, Phone: 960.569.5465)'),('root@localhost','2021-03-18 23:01:14','insert','users',19,'Demario Nitzsche (Email: dietrich.amalia@example.net, Phone: 1-031-339-3115)'),('root@localhost','2021-03-18 23:01:14','insert','users',20,'Herminia Hessel (Email: florian.williamson@example.org, Phone: 1-413-010-5506x408)'),('root@localhost','2021-03-18 23:01:14','insert','users',21,'Gregorio Stiedemann (Email: jalon.streich@example.net, Phone: 307.567.8168x19287)'),('root@localhost','2021-03-18 23:01:14','insert','users',22,'Ana Bogan (Email: daija.leannon@example.net, Phone: 675.388.3215x6421)'),('root@localhost','2021-03-18 23:01:14','insert','users',23,'Loyce Daniel (Email: bernardo.rohan@example.com, Phone: (400)148-0048x91712)'),('root@localhost','2021-03-18 23:01:14','insert','users',24,'Kevin Considine (Email: rframi@example.com, Phone: (046)816-0953)'),('root@localhost','2021-03-18 23:01:14','insert','users',25,'Una King (Email: sabrina.rippin@example.com, Phone: 945.339.8528)'),('root@localhost','2021-03-18 23:01:14','insert','users',26,'Sabryna Ondricka (Email: tamara.terry@example.net, Phone: (216)113-5069)'),('root@localhost','2021-03-18 23:01:14','insert','users',27,'Laurel Braun (Email: sibyl.lemke@example.com, Phone: 122-958-6563)'),('root@localhost','2021-03-18 23:01:14','insert','users',28,'Luigi VonRueden (Email: zboncak.malachi@example.com, Phone: 083-516-0569x9311)'),('root@localhost','2021-03-18 23:01:14','insert','users',29,'Kellen Senger (Email: sharon.leffler@example.net, Phone: 451.849.6734)'),('root@localhost','2021-03-18 23:01:14','insert','users',30,'Ramona Rogahn (Email: donavon.rippin@example.org, Phone: (640)666-1671)'),('root@localhost','2021-03-18 23:01:14','insert','users',31,'Renee Dibbert (Email: kozey.raoul@example.com, Phone: 799.970.4850)'),('root@localhost','2021-03-18 23:01:14','insert','users',32,'Hoyt Rosenbaum (Email: katheryn.streich@example.com, Phone: (518)660-3273)'),('root@localhost','2021-03-18 23:01:14','insert','users',33,'Tamara Reinger (Email: hershel.schinner@example.com, Phone: 372-555-5324x71998)'),('root@localhost','2021-03-18 23:01:14','insert','users',34,'Richmond Kris (Email: kaia.jakubowski@example.com, Phone: 1-805-174-1132)'),('root@localhost','2021-03-18 23:01:14','insert','users',35,'Ethelyn Rau (Email: senger.damion@example.org, Phone: 1-930-531-6010x181)'),('root@localhost','2021-03-18 23:01:14','insert','users',36,'Amber Will (Email: howe.alexys@example.net, Phone: 381-970-3974x296)'),('root@localhost','2021-03-18 23:01:14','insert','users',37,'Elaina Bode (Email: lia16@example.net, Phone: 794.109.2258x42657)'),('root@localhost','2021-03-18 23:01:14','insert','users',38,'Roger Rice (Email: rosalinda63@example.org, Phone: 04133487185)'),('root@localhost','2021-03-18 23:01:14','insert','users',39,'Elissa Adams (Email: ohowell@example.net, Phone: (906)883-1102x525)'),('root@localhost','2021-03-18 23:01:14','insert','users',40,'Justus Lynch (Email: ghauck@example.net, Phone: 247.488.1201)'),('root@localhost','2021-03-18 23:01:14','insert','users',41,'Gerardo Hamill (Email: oabshire@example.com, Phone: 764-581-3261)'),('root@localhost','2021-03-18 23:01:14','insert','users',42,'Cora Ledner (Email: elise.kovacek@example.org, Phone: +95(5)0133447480)'),('root@localhost','2021-03-18 23:01:14','insert','users',43,'Quincy Gibson (Email: ckessler@example.org, Phone: 186.234.6556x16601)'),('root@localhost','2021-03-18 23:01:14','insert','users',44,'Roscoe Williamson (Email: frankie.feil@example.net, Phone: 655.310.7951x7303)'),('root@localhost','2021-03-18 23:01:14','insert','users',45,'Alva Kling (Email: kali23@example.net, Phone: +97(7)7581738472)'),('root@localhost','2021-03-18 23:01:14','insert','users',46,'Ansley Parker (Email: jannie05@example.com, Phone: 1-780-325-7142)'),('root@localhost','2021-03-18 23:01:14','insert','users',47,'Alexandro Ortiz (Email: ned.hills@example.org, Phone: 393-473-0383x6622)'),('root@localhost','2021-03-18 23:01:14','insert','users',48,'Sedrick Kozey (Email: enrico.schmidt@example.net, Phone: 1-800-807-7690x65557)'),('root@localhost','2021-03-18 23:01:14','insert','users',49,'Jaycee Kunze (Email: terrence.homenick@example.net, Phone: +56(3)4057550044)'),('root@localhost','2021-03-18 23:01:14','insert','users',50,'Beryl Ward (Email: borer.aylin@example.net, Phone: (847)943-3218x939)'),('root@localhost','2021-03-18 23:01:14','insert','users',51,'Nikita Marvin (Email: rudolph.russel@example.net, Phone: (264)958-2678x1275)'),('root@localhost','2021-03-18 23:01:14','insert','users',52,'Jerome Feil (Email: sauer.marielle@example.com, Phone: +46(3)7801591311)'),('root@localhost','2021-03-18 23:01:14','insert','users',53,'Myrtis Shanahan (Email: cloyd.hirthe@example.com, Phone: 138-648-5683x21918)'),('root@localhost','2021-03-18 23:01:14','insert','users',54,'Miles Pfeffer (Email: donnelly.emmie@example.org, Phone: 1-077-536-9265x02690)'),('root@localhost','2021-03-18 23:01:14','insert','users',55,'Raquel Kling (Email: jermey26@example.net, Phone: 707-258-7539x44973)'),('root@localhost','2021-03-18 23:01:14','insert','users',56,'Priscilla Lowe (Email: oberbrunner.arely@example.net, Phone: (714)473-3516)'),('root@localhost','2021-03-18 23:01:14','insert','users',57,'Mittie Jast (Email: ecasper@example.com, Phone: 1-199-472-0615)'),('root@localhost','2021-03-18 23:01:14','insert','users',58,'Madaline Prosacco (Email: tyrique14@example.org, Phone: 1-441-533-0363)'),('root@localhost','2021-03-18 23:01:14','insert','users',59,'Gonzalo Ratke (Email: ila.jenkins@example.com, Phone: (832)185-0708x92806)'),('root@localhost','2021-03-18 23:01:14','insert','users',60,'Xander Morar (Email: magdalena.kris@example.com, Phone: +82(3)0191188962)'),('root@localhost','2021-03-18 23:01:14','insert','users',61,'Hershel Rogahn (Email: funk.katherine@example.org, Phone: 210.608.2861x475)'),('root@localhost','2021-03-18 23:01:14','insert','users',62,'Hal Kihn (Email: adalberto.fritsch@example.org, Phone: 797-252-1600x708)'),('root@localhost','2021-03-18 23:01:14','insert','users',63,'Vallie Rau (Email: mschinner@example.org, Phone: (716)189-1923)'),('root@localhost','2021-03-18 23:01:14','insert','users',64,'Faye Glover (Email: bria17@example.com, Phone: 588-829-3440x60309)'),('root@localhost','2021-03-18 23:01:14','insert','users',65,'Sigurd Anderson (Email: ruth.ratke@example.org, Phone: 1-679-581-1232x5006)'),('root@localhost','2021-03-18 23:01:14','insert','users',66,'Janet Crona (Email: emma.cronin@example.com, Phone: 1-121-189-1811x2359)'),('root@localhost','2021-03-18 23:01:14','insert','users',67,'Will Gislason (Email: everardo.boehm@example.org, Phone: +84(0)3095890579)'),('root@localhost','2021-03-18 23:01:14','insert','users',68,'Herminia Williamson (Email: kbruen@example.org, Phone: 07571430071)'),('root@localhost','2021-03-18 23:01:14','insert','users',69,'Nettie Tremblay (Email: slangworth@example.net, Phone: 444-532-7100x4773)'),('root@localhost','2021-03-18 23:01:14','insert','users',70,'Zakary Wiegand (Email: bogan.gage@example.com, Phone: +36(7)5489439436)'),('root@localhost','2021-03-18 23:01:14','insert','users',71,'Haylee Ebert (Email: demond99@example.com, Phone: 1-190-666-6627x0830)'),('root@localhost','2021-03-18 23:01:14','insert','users',72,'Jabari Kling (Email: hweimann@example.org, Phone: 1-386-644-2602x1592)'),('root@localhost','2021-03-18 23:01:14','insert','users',73,'Kennedy Lueilwitz (Email: hdibbert@example.com, Phone: 08802168882)'),('root@localhost','2021-03-18 23:01:14','insert','users',74,'Ethel Quigley (Email: ogrady@example.net, Phone: 563.962.3035)'),('root@localhost','2021-03-18 23:01:14','insert','users',75,'Americo DuBuque (Email: shermann@example.net, Phone: 02751336496)'),('root@localhost','2021-03-18 23:01:14','insert','users',76,'Franco Marquardt (Email: sabina03@example.com, Phone: 709-345-7891x21037)'),('root@localhost','2021-03-18 23:01:14','insert','users',77,'Sedrick Kohler (Email: rosella.marks@example.com, Phone: 051-473-2575x91155)'),('root@localhost','2021-03-18 23:01:14','insert','users',78,'Jacinto Nitzsche (Email: jaime.haag@example.net, Phone: 1-403-986-9323)'),('root@localhost','2021-03-18 23:01:14','insert','users',79,'Magdalen Denesik (Email: oreichel@example.net, Phone: (795)332-6195x225)'),('root@localhost','2021-03-18 23:01:14','insert','users',80,'Herbert Hermiston (Email: candice.harvey@example.net, Phone: 02434692713)'),('root@localhost','2021-03-18 23:01:14','insert','users',81,'Edd Schultz (Email: grady.buster@example.net, Phone: 1-806-267-8053)'),('root@localhost','2021-03-18 23:01:14','insert','users',82,'Ryley Corwin (Email: oreinger@example.net, Phone: 729.433.1962)'),('root@localhost','2021-03-18 23:01:14','insert','users',83,'Jessy Morar (Email: berge.berneice@example.org, Phone: 288.051.0660x6511)'),('root@localhost','2021-03-18 23:01:14','insert','users',84,'Brian Jones (Email: urban.jenkins@example.org, Phone: 146-089-2777x540)'),('root@localhost','2021-03-18 23:01:14','insert','users',85,'Reina Glover (Email: amir.schneider@example.net, Phone: 00811980116)'),('root@localhost','2021-03-18 23:01:14','insert','users',86,'Donny Marvin (Email: rtrantow@example.net, Phone: +34(2)6904981993)'),('root@localhost','2021-03-18 23:01:14','insert','users',87,'Bradford Greenholt (Email: jayson34@example.org, Phone: 677-981-1861x857)'),('root@localhost','2021-03-18 23:01:14','insert','users',88,'Michel Abshire (Email: mtromp@example.net, Phone: 097-665-0079x185)'),('root@localhost','2021-03-18 23:01:14','insert','users',89,'Isabell Kuhn (Email: kirstin54@example.org, Phone: 352.008.5668x88277)'),('root@localhost','2021-03-18 23:01:14','insert','users',90,'Adam McKenzie (Email: josue88@example.com, Phone: 1-931-882-7116x124)'),('root@localhost','2021-03-18 23:01:14','insert','users',91,'Franco Rempel (Email: rebekah.murphy@example.net, Phone: 1-599-043-9640x48047)'),('root@localhost','2021-03-18 23:01:14','insert','users',92,'Rossie Lindgren (Email: ibergstrom@example.com, Phone: (521)752-8528)'),('root@localhost','2021-03-18 23:01:14','insert','users',93,'Sister Wolff (Email: judy.wunsch@example.net, Phone: 1-365-805-8501x199)'),('root@localhost','2021-03-18 23:01:14','insert','users',94,'Antonia Dicki (Email: dare.ella@example.com, Phone: (619)107-6391x66020)'),('root@localhost','2021-03-18 23:01:14','insert','users',95,'April Adams (Email: cesar71@example.org, Phone: (859)996-6297)'),('root@localhost','2021-03-18 23:01:14','insert','users',96,'Nicolette Blick (Email: faye75@example.org, Phone: 119-777-0163x1019)'),('root@localhost','2021-03-18 23:01:14','insert','users',97,'Everett Keeling (Email: prosacco.gail@example.org, Phone: 797.865.1501x13911)'),('root@localhost','2021-03-18 23:01:14','insert','users',98,'Loyal Batz (Email: kemmer.dereck@example.com, Phone: +38(1)9559261211)'),('root@localhost','2021-03-18 23:01:14','insert','users',99,'Timmy Schoen (Email: fwalsh@example.com, Phone: 1-266-946-5882)'),('root@localhost','2021-03-18 23:01:14','insert','users',100,'Cesar Ebert (Email: hgleason@example.net, Phone: +16(2)9410641769)'),('root@localhost','2021-03-18 23:01:14','insert','profiles',1,'Пол: M, Дата рождения: 1927-12-30, о себе: Odio sed eveniet sint. Occaecati vel recusandae sapiente eius vitae.'),('root@localhost','2021-03-18 23:01:14','insert','profiles',2,'Пол: F, Дата рождения: 2003-05-21, о себе: Labore explicabo eum iure totam quis. Laboriosam sint autem architecto a molestiae et nostrum. Quo v'),('root@localhost','2021-03-18 23:01:14','insert','profiles',3,'Пол: M, Дата рождения: 1950-01-30, о себе: Hic velit molestias corporis laborum ratione. Mollitia eaque et voluptatibus est ipsam et. Enim dolo'),('root@localhost','2021-03-18 23:01:14','insert','profiles',4,'Пол: F, Дата рождения: 1950-07-25, о себе: Iure in illo aut odio. Natus natus delectus dolores consequuntur illum ratione. Temporibus voluptas '),('root@localhost','2021-03-18 23:01:14','insert','profiles',5,'Пол: M, Дата рождения: 1949-03-23, о себе: Velit rerum et non sequi qui iure. Impedit ullam labore ut voluptatibus facilis et. Aut reprehenderi'),('root@localhost','2021-03-18 23:01:14','insert','profiles',6,'Пол: F, Дата рождения: 1944-09-04, о себе: Quia exercitationem dicta magnam et molestiae pariatur cumque. Id maxime asperiores rerum quaerat ad'),('root@localhost','2021-03-18 23:01:14','insert','profiles',7,'Пол: M, Дата рождения: 1930-02-25, о себе: Aperiam totam non nam voluptate molestiae voluptatum a. Aut vero debitis iusto esse exercitationem q'),('root@localhost','2021-03-18 23:01:14','insert','profiles',8,'Пол: M, Дата рождения: 2019-01-30, о себе: Voluptas autem qui repellat. Recusandae in optio ab minus. Et qui ut voluptatibus quisquam temporibu'),('root@localhost','2021-03-18 23:01:14','insert','profiles',9,'Пол: M, Дата рождения: 1923-09-08, о себе: Voluptas quam mollitia quam dolores autem reiciendis. In distinctio impedit fuga. Voluptatum repudia'),('root@localhost','2021-03-18 23:01:14','insert','profiles',10,'Пол: F, Дата рождения: 1927-09-04, о себе: Sit mollitia commodi aliquam animi. Accusantium voluptas beatae et culpa et rerum rerum. Consequatur'),('root@localhost','2021-03-18 23:01:14','insert','profiles',11,'Пол: M, Дата рождения: 1965-07-08, о себе: Voluptatem reiciendis consequuntur aut quis quos veritatis et. Omnis quia vel fuga. Sed consequatur '),('root@localhost','2021-03-18 23:01:14','insert','profiles',12,'Пол: F, Дата рождения: 1980-12-14, о себе: Corporis omnis similique et. Delectus fugit impedit nam ad. Incidunt aut quibusdam a ad aut soluta s'),('root@localhost','2021-03-18 23:01:14','insert','profiles',13,'Пол: M, Дата рождения: 1988-07-14, о себе: Sunt rerum autem blanditiis magni quibusdam rerum. Sit perferendis et aliquid qui temporibus. Quo od'),('root@localhost','2021-03-18 23:01:14','insert','profiles',14,'Пол: F, Дата рождения: 1990-05-28, о себе: Non quidem iure rerum est illum incidunt dicta. Modi ullam id et ex aut ipsam. Exercitationem minima'),('root@localhost','2021-03-18 23:01:14','insert','profiles',15,'Пол: F, Дата рождения: 1989-09-23, о себе: At officia eum reiciendis ea nihil. Consectetur quia aliquid error. Repellendus voluptatem perspicia'),('root@localhost','2021-03-18 23:01:14','insert','profiles',16,'Пол: F, Дата рождения: 2014-06-05, о себе: Repellat minus facilis nam delectus omnis assumenda eos earum. Aut architecto sapiente nihil volupta'),('root@localhost','2021-03-18 23:01:14','insert','profiles',17,'Пол: F, Дата рождения: 2009-08-01, о себе: Vel quo possimus eius. Ut qui facere ut corrupti consequatur id. Adipisci non recusandae molestiae d'),('root@localhost','2021-03-18 23:01:14','insert','profiles',18,'Пол: F, Дата рождения: 1923-12-20, о себе: Et occaecati aut minima. Non porro earum veniam. Ea in cum harum et est.'),('root@localhost','2021-03-18 23:01:14','insert','profiles',19,'Пол: M, Дата рождения: 1922-11-30, о себе: Iure quibusdam odit dignissimos modi suscipit nesciunt. Ut mollitia eos est eum. Et enim incidunt ul'),('root@localhost','2021-03-18 23:01:14','insert','profiles',20,'Пол: M, Дата рождения: 1961-05-23, о себе: Id itaque consequuntur veniam molestiae nihil voluptas. Fugit facilis totam qui et et iure possimus.'),('root@localhost','2021-03-18 23:01:14','insert','profiles',21,'Пол: F, Дата рождения: 1977-11-26, о себе: Soluta architecto vel eveniet exercitationem. Ut quidem corrupti ut necessitatibus nihil omnis dolor'),('root@localhost','2021-03-18 23:01:14','insert','profiles',22,'Пол: M, Дата рождения: 1976-11-23, о себе: Quam natus vel et vel ipsum. Iste qui hic saepe asperiores a nostrum quia. Velit sunt doloribus reru'),('root@localhost','2021-03-18 23:01:14','insert','profiles',23,'Пол: F, Дата рождения: 1937-03-01, о себе: Odit quisquam dolores cupiditate rerum assumenda et voluptas. Nihil qui veritatis et sint error modi'),('root@localhost','2021-03-18 23:01:14','insert','profiles',24,'Пол: F, Дата рождения: 1931-07-26, о себе: Dolorum ab iste sit dolorem. Quia sequi rerum iure perferendis molestiae molestiae asperiores. Velit'),('root@localhost','2021-03-18 23:01:14','insert','profiles',25,'Пол: M, Дата рождения: 1971-03-21, о себе: Repellat est facere qui eos voluptates velit vel. Qui est provident in eaque numquam.'),('root@localhost','2021-03-18 23:01:14','insert','profiles',26,'Пол: F, Дата рождения: 1950-11-23, о себе: Ullam ducimus saepe doloribus accusantium sed. Voluptates esse quas rerum. Sed enim harum ea dolorum'),('root@localhost','2021-03-18 23:01:14','insert','profiles',27,'Пол: M, Дата рождения: 2017-09-18, о себе: A temporibus ducimus sed quod dolore. Soluta corporis quo nobis quas. Facilis provident cumque corru'),('root@localhost','2021-03-18 23:01:14','insert','profiles',28,'Пол: F, Дата рождения: 1991-07-21, о себе: Laudantium omnis maxime vel quod molestiae labore rerum. Id in eum illo sed autem. Similique omnis i'),('root@localhost','2021-03-18 23:01:14','insert','profiles',29,'Пол: M, Дата рождения: 2003-12-26, о себе: Dolorum perferendis fuga molestias eaque illum vero natus. Sit vel quia ut quisquam eligendi sapient'),('root@localhost','2021-03-18 23:01:14','insert','profiles',30,'Пол: F, Дата рождения: 1937-09-06, о себе: Modi numquam itaque rerum molestiae. Facere et alias adipisci.'),('root@localhost','2021-03-18 23:01:14','insert','profiles',31,'Пол: F, Дата рождения: 1924-10-10, о себе: Corrupti sapiente dolorum facilis accusantium quidem deleniti. Quidem nemo harum error delectus aspe'),('root@localhost','2021-03-18 23:01:14','insert','profiles',32,'Пол: M, Дата рождения: 1993-06-28, о себе: Omnis rerum fugiat expedita rerum ab error est facilis. Pariatur sed occaecati quis qui maiores arch'),('root@localhost','2021-03-18 23:01:14','insert','profiles',33,'Пол: M, Дата рождения: 1966-11-15, о себе: Voluptatem veniam veritatis delectus autem. Ipsum error cumque corporis quidem et sapiente ullam. Co'),('root@localhost','2021-03-18 23:01:14','insert','profiles',34,'Пол: M, Дата рождения: 1973-10-09, о себе: Reiciendis impedit dignissimos maxime ipsa ea iusto id blanditiis. Eveniet nisi itaque quod laborum '),('root@localhost','2021-03-18 23:01:14','insert','profiles',35,'Пол: M, Дата рождения: 2013-08-10, о себе: Quas accusantium pariatur ea cumque rerum. Quis adipisci architecto assumenda itaque totam vitae eli'),('root@localhost','2021-03-18 23:01:14','insert','profiles',36,'Пол: M, Дата рождения: 1995-08-25, о себе: Rerum nemo non veritatis fuga. Deleniti odit ipsum autem occaecati magnam reprehenderit. Et et porro'),('root@localhost','2021-03-18 23:01:14','insert','profiles',37,'Пол: M, Дата рождения: 1982-01-07, о себе: Repellat non ea sequi doloribus facere sint quia explicabo. Dolore vel ipsum id. Non ut eos nesciunt'),('root@localhost','2021-03-18 23:01:14','insert','profiles',38,'Пол: M, Дата рождения: 2005-04-03, о себе: Qui illo repellat necessitatibus accusamus sapiente. Ut voluptas a quod quis in.'),('root@localhost','2021-03-18 23:01:14','insert','profiles',39,'Пол: F, Дата рождения: 1936-01-23, о себе: Non quis quaerat beatae neque et adipisci suscipit possimus. Et vel excepturi beatae sint. Illo sed '),('root@localhost','2021-03-18 23:01:14','insert','profiles',40,'Пол: M, Дата рождения: 1923-05-27, о себе: Eos eos reiciendis eveniet et. Et amet quos enim velit. Magni quibusdam quisquam consequatur pariatu'),('root@localhost','2021-03-18 23:01:14','insert','profiles',41,'Пол: M, Дата рождения: 1930-10-22, о себе: Qui dolorum et aut ad error libero. Nihil in illo maiores et. Nihil ab earum rerum odio.'),('root@localhost','2021-03-18 23:01:14','insert','profiles',42,'Пол: F, Дата рождения: 1978-03-15, о себе: Non et eveniet omnis. Velit saepe et numquam non nemo maxime. Quia consequatur et esse natus est.'),('root@localhost','2021-03-18 23:01:14','insert','profiles',43,'Пол: F, Дата рождения: 1939-12-19, о себе: Temporibus error enim dignissimos amet temporibus voluptates recusandae. Molestiae blanditiis qui as'),('root@localhost','2021-03-18 23:01:14','insert','profiles',44,'Пол: F, Дата рождения: 1935-02-21, о себе: Illo nihil sit libero repudiandae laudantium. Tempora quia soluta iure quo omnis. Modi non explicabo'),('root@localhost','2021-03-18 23:01:14','insert','profiles',45,'Пол: M, Дата рождения: 1952-12-03, о себе: Dolorem voluptas dolor est quo. Voluptatem nisi maxime error. Delectus delectus mollitia alias sed. '),('root@localhost','2021-03-18 23:01:14','insert','profiles',46,'Пол: F, Дата рождения: 1954-07-17, о себе: Accusantium occaecati adipisci magni praesentium exercitationem et. Quis quia voluptatem consequatur'),('root@localhost','2021-03-18 23:01:14','insert','profiles',47,'Пол: M, Дата рождения: 1932-10-31, о себе: Earum enim deleniti vel quas. Neque qui id temporibus fugiat. Dignissimos doloremque molestiae conse'),('root@localhost','2021-03-18 23:01:14','insert','profiles',48,'Пол: F, Дата рождения: 1967-04-18, о себе: Occaecati perspiciatis et qui amet blanditiis laborum quam. Totam voluptates qui voluptatibus quas. '),('root@localhost','2021-03-18 23:01:14','insert','profiles',49,'Пол: F, Дата рождения: 1964-03-19, о себе: Et consequatur ut est rerum adipisci. Et optio fuga illum.'),('root@localhost','2021-03-18 23:01:14','insert','profiles',50,'Пол: M, Дата рождения: 2006-06-18, о себе: Natus eius molestias vitae enim sunt voluptatem possimus. Eligendi inventore veniam ratione dolores '),('root@localhost','2021-03-18 23:01:14','insert','profiles',51,'Пол: M, Дата рождения: 1965-03-10, о себе: Est iusto laborum sit commodi culpa. Voluptatem soluta corporis aut est quis. Voluptas eveniet et do'),('root@localhost','2021-03-18 23:01:14','insert','profiles',52,'Пол: M, Дата рождения: 1975-11-14, о себе: Sapiente non omnis maiores odio. Velit dolor quod repellendus error sunt laudantium.'),('root@localhost','2021-03-18 23:01:14','insert','profiles',53,'Пол: F, Дата рождения: 2014-09-20, о себе: Velit quia repellat esse aliquid a et. Et similique iure molestias officia corporis eligendi non. Eo'),('root@localhost','2021-03-18 23:01:14','insert','profiles',54,'Пол: M, Дата рождения: 1988-10-19, о себе: Hic reprehenderit aut dolor illo optio a. Omnis corporis voluptas eos voluptatem voluptate qui conse'),('root@localhost','2021-03-18 23:01:14','insert','profiles',55,'Пол: M, Дата рождения: 2009-07-01, о себе: Sit omnis quis nulla quaerat doloribus quae. Eum voluptas doloremque ullam ex. Molestiae quos eos er'),('root@localhost','2021-03-18 23:01:14','insert','profiles',56,'Пол: F, Дата рождения: 2013-03-03, о себе: Quam veritatis qui ullam est aspernatur tempore excepturi. Accusantium consequatur deleniti ut qui p'),('root@localhost','2021-03-18 23:01:14','insert','profiles',57,'Пол: F, Дата рождения: 1995-03-16, о себе: Et iste distinctio non alias tempora et. Qui nam maiores saepe esse. Non illo sed et sapiente aut.'),('root@localhost','2021-03-18 23:01:14','insert','profiles',58,'Пол: M, Дата рождения: 1983-10-22, о себе: Aut impedit cumque explicabo quam. Rerum repellat ratione itaque non molestias. Numquam nesciunt sit'),('root@localhost','2021-03-18 23:01:14','insert','profiles',59,'Пол: M, Дата рождения: 1927-03-05, о себе: Sint veniam ea qui laborum suscipit commodi. Consequuntur incidunt et et itaque sint impedit. Repreh'),('root@localhost','2021-03-18 23:01:14','insert','profiles',60,'Пол: M, Дата рождения: 1978-07-02, о себе: Pariatur maxime et rerum provident veritatis. Molestiae quos amet ea doloremque. Omnis aspernatur ip'),('root@localhost','2021-03-18 23:01:14','insert','profiles',61,'Пол: M, Дата рождения: 2012-06-25, о себе: Perferendis laboriosam eum unde ut animi. Aut quo natus repellendus numquam laborum. Enim vel eum vo'),('root@localhost','2021-03-18 23:01:14','insert','profiles',62,'Пол: F, Дата рождения: 1934-12-18, о себе: Rerum excepturi possimus est omnis enim quia qui dolor. Doloremque dolores aut odit dolores numquam.'),('root@localhost','2021-03-18 23:01:14','insert','profiles',63,'Пол: M, Дата рождения: 1971-03-09, о себе: Veritatis est qui hic eos omnis delectus. Aspernatur enim labore earum ut quia. Et quam excepturi qu'),('root@localhost','2021-03-18 23:01:14','insert','profiles',64,'Пол: M, Дата рождения: 2017-12-24, о себе: Architecto non laudantium aut maxime iste. Et exercitationem eveniet similique molestias similique h'),('root@localhost','2021-03-18 23:01:14','insert','profiles',65,'Пол: F, Дата рождения: 1927-03-11, о себе: Ut est ratione sit. Ex quia omnis facilis et blanditiis dignissimos. Ducimus et quaerat numquam maxi'),('root@localhost','2021-03-18 23:01:14','insert','profiles',66,'Пол: M, Дата рождения: 1940-02-02, о себе: Mollitia deserunt quae natus vero dolorem ad. Autem animi esse est quod aut est dolor repudiandae. D'),('root@localhost','2021-03-18 23:01:14','insert','profiles',67,'Пол: M, Дата рождения: 1965-04-19, о себе: Dolorem numquam quia rerum consectetur est doloremque. Quaerat dolorem in doloribus ratione at.'),('root@localhost','2021-03-18 23:01:14','insert','profiles',68,'Пол: M, Дата рождения: 2020-10-09, о себе: Laborum porro et non non. Eaque odit illo aut tempora. Nam quibusdam a culpa totam voluptatum aliqua'),('root@localhost','2021-03-18 23:01:14','insert','profiles',69,'Пол: F, Дата рождения: 1954-06-28, о себе: Vel ipsam voluptates quidem nisi aliquam cumque eum. Sunt necessitatibus voluptas placeat. Ad quia u'),('root@localhost','2021-03-18 23:01:14','insert','profiles',70,'Пол: F, Дата рождения: 1979-05-07, о себе: Eos placeat iste molestiae omnis ut nesciunt cumque vero. Doloremque omnis tempore excepturi libero '),('root@localhost','2021-03-18 23:01:14','insert','profiles',71,'Пол: F, Дата рождения: 2019-04-05, о себе: Ipsum expedita dolorem sit rerum voluptatem aut eum. Consequatur id harum porro voluptates quam quis'),('root@localhost','2021-03-18 23:01:14','insert','profiles',72,'Пол: F, Дата рождения: 1945-10-20, о себе: Illo sed ut magni veritatis quia iste omnis sunt. Quos odio ut mollitia. Quidem esse et id repudiand'),('root@localhost','2021-03-18 23:01:14','insert','profiles',73,'Пол: F, Дата рождения: 1939-06-20, о себе: Sit expedita sequi et nihil. Itaque quod maxime et dolorum officia. Saepe sequi eum molestias repell'),('root@localhost','2021-03-18 23:01:14','insert','profiles',74,'Пол: F, Дата рождения: 1999-08-26, о себе: Eveniet dolorem quas voluptas repellendus nemo. Qui deleniti et et itaque optio. Vitae consequatur a'),('root@localhost','2021-03-18 23:01:14','insert','profiles',75,'Пол: M, Дата рождения: 1952-12-14, о себе: Magni omnis itaque vitae numquam. Sunt consectetur fugiat ipsum quo est et. Sunt sit nemo ex beatae '),('root@localhost','2021-03-18 23:01:14','insert','profiles',76,'Пол: F, Дата рождения: 1958-07-29, о себе: Tempore deleniti aspernatur adipisci. Voluptas dolorum ut porro vel nulla. Iusto sunt blanditiis ame'),('root@localhost','2021-03-18 23:01:14','insert','profiles',77,'Пол: F, Дата рождения: 1932-08-22, о себе: Tempora magnam dolores voluptatum eligendi quam facilis explicabo. Vero beatae dolorem ut dolor vita'),('root@localhost','2021-03-18 23:01:14','insert','profiles',78,'Пол: M, Дата рождения: 1957-04-14, о себе: Quos et est magnam excepturi. Nostrum tenetur alias explicabo. Saepe voluptas voluptatem aut sapient'),('root@localhost','2021-03-18 23:01:14','insert','profiles',79,'Пол: M, Дата рождения: 1930-03-14, о себе: Recusandae atque natus ab pariatur. Enim sed fugiat fugit eum sint. Maiores nulla possimus velit err'),('root@localhost','2021-03-18 23:01:14','insert','profiles',80,'Пол: F, Дата рождения: 1928-02-01, о себе: Sunt voluptatem consequatur maiores. Non laborum iure ratione non saepe mollitia. Sit sed animi adip'),('root@localhost','2021-03-18 23:01:14','insert','profiles',81,'Пол: F, Дата рождения: 1974-11-18, о себе: Aut blanditiis suscipit quo voluptatem aut dolorum ab. Sint blanditiis fugit ut aut dolor velit quis'),('root@localhost','2021-03-18 23:01:14','insert','profiles',82,'Пол: F, Дата рождения: 1943-10-01, о себе: Nulla qui culpa qui vel. Ratione voluptatem eligendi deleniti non. Eum itaque ea aut nihil odit et m'),('root@localhost','2021-03-18 23:01:14','insert','profiles',83,'Пол: F, Дата рождения: 1995-12-08, о себе: Cum sed modi adipisci. Laudantium ipsa harum quos quos quibusdam eligendi.'),('root@localhost','2021-03-18 23:01:14','insert','profiles',84,'Пол: M, Дата рождения: 1968-04-13, о себе: Nemo ea dignissimos dolor non laboriosam nesciunt est. Excepturi quia non error consectetur. Dicta e'),('root@localhost','2021-03-18 23:01:14','insert','profiles',85,'Пол: M, Дата рождения: 1967-11-06, о себе: Occaecati quibusdam maxime velit harum alias delectus pariatur. Est labore et consequuntur id unde o'),('root@localhost','2021-03-18 23:01:14','insert','profiles',86,'Пол: F, Дата рождения: 1931-10-22, о себе: Provident et architecto esse voluptatem assumenda iure natus. Voluptate delectus et est aut unde sae'),('root@localhost','2021-03-18 23:01:14','insert','profiles',87,'Пол: F, Дата рождения: 1962-03-05, о себе: Harum qui rerum corrupti. Aspernatur ducimus et veniam deserunt deserunt quasi. Esse provident est s'),('root@localhost','2021-03-18 23:01:14','insert','profiles',88,'Пол: F, Дата рождения: 1957-03-13, о себе: Id perspiciatis eum distinctio inventore ut quia. Consequuntur qui in necessitatibus amet. Quisquam '),('root@localhost','2021-03-18 23:01:14','insert','profiles',89,'Пол: F, Дата рождения: 1946-11-04, о себе: Velit id sunt debitis sit. Veritatis aliquam tenetur et magnam recusandae consequuntur. Modi et moll'),('root@localhost','2021-03-18 23:01:14','insert','profiles',90,'Пол: F, Дата рождения: 1932-01-24, о себе: Enim vel quis accusantium quasi occaecati illum sed. Quia excepturi ipsam accusantium consequuntur p'),('root@localhost','2021-03-18 23:01:14','insert','profiles',91,'Пол: F, Дата рождения: 1996-02-03, о себе: Quia expedita officiis id quidem perferendis eveniet distinctio. Qui sequi omnis et ut excepturi. Op'),('root@localhost','2021-03-18 23:01:14','insert','profiles',92,'Пол: M, Дата рождения: 2016-11-05, о себе: Exercitationem architecto minus quae nihil. Nemo ut maxime nihil eum delectus et quibusdam et. Vel a'),('root@localhost','2021-03-18 23:01:14','insert','profiles',93,'Пол: F, Дата рождения: 1941-05-06, о себе: Qui perspiciatis quae alias doloribus. Dolor atque voluptates eveniet error placeat sequi. Est simil'),('root@localhost','2021-03-18 23:01:14','insert','profiles',94,'Пол: M, Дата рождения: 1922-11-11, о себе: Exercitationem rerum nobis esse explicabo. Voluptatem voluptatem ut dignissimos in non ea est. Enim '),('root@localhost','2021-03-18 23:01:14','insert','profiles',95,'Пол: F, Дата рождения: 1977-11-11, о себе: Quaerat aut fugiat veritatis facilis eos iste similique ipsum. Saepe provident odit id odit exceptur'),('root@localhost','2021-03-18 23:01:14','insert','profiles',96,'Пол: M, Дата рождения: 1939-09-11, о себе: Ex quam accusamus nemo sunt omnis voluptas. Possimus asperiores rerum quidem harum accusamus. Dolori'),('root@localhost','2021-03-18 23:01:14','insert','profiles',97,'Пол: F, Дата рождения: 1970-12-16, о себе: Rerum eos architecto dolor. Officiis qui possimus a magni. Velit sit quos consequatur ratione corrup'),('root@localhost','2021-03-18 23:01:14','insert','profiles',98,'Пол: F, Дата рождения: 1928-04-16, о себе: Delectus expedita ut et est reprehenderit maiores quas. Totam corporis aut aut molestias sequi. Maxi'),('root@localhost','2021-03-18 23:01:14','insert','profiles',99,'Пол: M, Дата рождения: 2009-02-01, о себе: Omnis ducimus quos animi consequatur qui delectus exercitationem. Laboriosam id exercitationem recus'),('root@localhost','2021-03-18 23:01:14','insert','profiles',100,'Пол: F, Дата рождения: 1970-07-21, о себе: Quo et deserunt dolorem in ut velit. Quod sit voluptas qui totam reiciendis.'),('root@localhost','2021-03-18 23:01:14','insert','passwords',1,'Пароль: 762*******, Активен: 0'),('root@localhost','2021-03-18 23:01:14','insert','passwords',2,'Пароль: e4b*******, Активен: 0'),('root@localhost','2021-03-18 23:01:14','insert','passwords',3,'Пароль: c98*******, Активен: 1'),('root@localhost','2021-03-18 23:01:14','insert','passwords',4,'Пароль: 2f7*******, Активен: 0'),('root@localhost','2021-03-18 23:01:14','insert','passwords',5,'Пароль: 117*******, Активен: 0'),('root@localhost','2021-03-18 23:01:14','insert','passwords',6,'Пароль: 741*******, Активен: 1'),('root@localhost','2021-03-18 23:01:14','insert','passwords',7,'Пароль: 1a9*******, Активен: 0'),('root@localhost','2021-03-18 23:01:14','insert','passwords',8,'Пароль: fd5*******, Активен: 0'),('root@localhost','2021-03-18 23:01:14','insert','passwords',9,'Пароль: e99*******, Активен: 1'),('root@localhost','2021-03-18 23:01:14','insert','passwords',10,'Пароль: a8f*******, Активен: 1'),('root@localhost','2021-03-18 23:01:14','insert','passwords',11,'Пароль: 2d4*******, Активен: 0'),('root@localhost','2021-03-18 23:01:14','insert','passwords',12,'Пароль: a05*******, Активен: 0'),('root@localhost','2021-03-18 23:01:14','insert','passwords',13,'Пароль: b88*******, Активен: 1'),('root@localhost','2021-03-18 23:01:14','insert','passwords',14,'Пароль: 2a9*******, Активен: 1'),('root@localhost','2021-03-18 23:01:14','insert','passwords',15,'Пароль: 0b2*******, Активен: 0'),('root@localhost','2021-03-18 23:01:14','insert','passwords',16,'Пароль: 644*******, Активен: 0'),('root@localhost','2021-03-18 23:01:14','insert','passwords',17,'Пароль: 7c3*******, Активен: 0'),('root@localhost','2021-03-18 23:01:14','insert','passwords',18,'Пароль: c8f*******, Активен: 1'),('root@localhost','2021-03-18 23:01:14','insert','passwords',19,'Пароль: c2a*******, Активен: 1'),('root@localhost','2021-03-18 23:01:14','insert','passwords',20,'Пароль: d4f*******, Активен: 1'),('root@localhost','2021-03-18 23:01:14','insert','passwords',21,'Пароль: 3de*******, Активен: 0'),('root@localhost','2021-03-18 23:01:14','insert','passwords',22,'Пароль: f47*******, Активен: 0'),('root@localhost','2021-03-18 23:01:14','insert','passwords',23,'Пароль: cd4*******, Активен: 1'),('root@localhost','2021-03-18 23:01:14','insert','passwords',24,'Пароль: d7f*******, Активен: 1'),('root@localhost','2021-03-18 23:01:14','insert','passwords',25,'Пароль: 057*******, Активен: 0'),('root@localhost','2021-03-18 23:01:14','insert','passwords',26,'Пароль: 5f3*******, Активен: 0'),('root@localhost','2021-03-18 23:01:14','insert','passwords',27,'Пароль: df1*******, Активен: 0'),('root@localhost','2021-03-18 23:01:14','insert','passwords',28,'Пароль: c82*******, Активен: 0'),('root@localhost','2021-03-18 23:01:14','insert','passwords',29,'Пароль: 0b5*******, Активен: 1'),('root@localhost','2021-03-18 23:01:14','insert','passwords',30,'Пароль: 8df*******, Активен: 0'),('root@localhost','2021-03-18 23:01:14','insert','passwords',31,'Пароль: f47*******, Активен: 0'),('root@localhost','2021-03-18 23:01:14','insert','passwords',32,'Пароль: c7e*******, Активен: 1'),('root@localhost','2021-03-18 23:01:14','insert','passwords',33,'Пароль: aea*******, Активен: 1'),('root@localhost','2021-03-18 23:01:14','insert','passwords',34,'Пароль: e19*******, Активен: 0'),('root@localhost','2021-03-18 23:01:14','insert','passwords',35,'Пароль: 8c8*******, Активен: 0'),('root@localhost','2021-03-18 23:01:14','insert','passwords',36,'Пароль: 54c*******, Активен: 0'),('root@localhost','2021-03-18 23:01:14','insert','passwords',37,'Пароль: 3bc*******, Активен: 1'),('root@localhost','2021-03-18 23:01:14','insert','passwords',38,'Пароль: 53c*******, Активен: 1'),('root@localhost','2021-03-18 23:01:14','insert','passwords',39,'Пароль: 19c*******, Активен: 1'),('root@localhost','2021-03-18 23:01:14','insert','passwords',40,'Пароль: 615*******, Активен: 1'),('root@localhost','2021-03-18 23:01:14','insert','passwords',41,'Пароль: 653*******, Активен: 1'),('root@localhost','2021-03-18 23:01:14','insert','passwords',42,'Пароль: c1b*******, Активен: 1'),('root@localhost','2021-03-18 23:01:14','insert','passwords',43,'Пароль: d20*******, Активен: 1'),('root@localhost','2021-03-18 23:01:14','insert','passwords',44,'Пароль: 808*******, Активен: 1'),('root@localhost','2021-03-18 23:01:14','insert','passwords',45,'Пароль: 20b*******, Активен: 0'),('root@localhost','2021-03-18 23:01:14','insert','passwords',46,'Пароль: ff9*******, Активен: 0'),('root@localhost','2021-03-18 23:01:14','insert','passwords',47,'Пароль: 5a5*******, Активен: 0'),('root@localhost','2021-03-18 23:01:14','insert','passwords',48,'Пароль: 325*******, Активен: 1'),('root@localhost','2021-03-18 23:01:14','insert','passwords',49,'Пароль: 78e*******, Активен: 0'),('root@localhost','2021-03-18 23:01:14','insert','passwords',50,'Пароль: 95c*******, Активен: 0'),('root@localhost','2021-03-18 23:01:14','insert','passwords',51,'Пароль: 79e*******, Активен: 1'),('root@localhost','2021-03-18 23:01:14','insert','passwords',52,'Пароль: b37*******, Активен: 1'),('root@localhost','2021-03-18 23:01:14','insert','passwords',53,'Пароль: cf2*******, Активен: 1'),('root@localhost','2021-03-18 23:01:14','insert','passwords',54,'Пароль: eda*******, Активен: 0'),('root@localhost','2021-03-18 23:01:14','insert','passwords',55,'Пароль: 638*******, Активен: 1'),('root@localhost','2021-03-18 23:01:14','insert','passwords',56,'Пароль: 272*******, Активен: 0'),('root@localhost','2021-03-18 23:01:14','insert','passwords',57,'Пароль: 7f5*******, Активен: 1'),('root@localhost','2021-03-18 23:01:14','insert','passwords',58,'Пароль: 6bc*******, Активен: 1'),('root@localhost','2021-03-18 23:01:14','insert','passwords',59,'Пароль: 8cc*******, Активен: 1'),('root@localhost','2021-03-18 23:01:14','insert','passwords',60,'Пароль: aaa*******, Активен: 0'),('root@localhost','2021-03-18 23:01:14','insert','passwords',61,'Пароль: faa*******, Активен: 1'),('root@localhost','2021-03-18 23:01:14','insert','passwords',62,'Пароль: 6a0*******, Активен: 1'),('root@localhost','2021-03-18 23:01:14','insert','passwords',63,'Пароль: 01f*******, Активен: 1'),('root@localhost','2021-03-18 23:01:14','insert','passwords',64,'Пароль: 785*******, Активен: 1'),('root@localhost','2021-03-18 23:01:14','insert','passwords',65,'Пароль: 595*******, Активен: 1'),('root@localhost','2021-03-18 23:01:14','insert','passwords',66,'Пароль: c13*******, Активен: 0'),('root@localhost','2021-03-18 23:01:14','insert','passwords',67,'Пароль: 6e3*******, Активен: 1'),('root@localhost','2021-03-18 23:01:14','insert','passwords',68,'Пароль: 6b2*******, Активен: 1'),('root@localhost','2021-03-18 23:01:14','insert','passwords',69,'Пароль: 2d2*******, Активен: 1'),('root@localhost','2021-03-18 23:01:14','insert','passwords',70,'Пароль: 012*******, Активен: 0'),('root@localhost','2021-03-18 23:01:14','insert','passwords',71,'Пароль: 7ef*******, Активен: 1'),('root@localhost','2021-03-18 23:01:14','insert','passwords',72,'Пароль: a9c*******, Активен: 1'),('root@localhost','2021-03-18 23:01:14','insert','passwords',73,'Пароль: f98*******, Активен: 0'),('root@localhost','2021-03-18 23:01:14','insert','passwords',74,'Пароль: a0f*******, Активен: 1'),('root@localhost','2021-03-18 23:01:14','insert','passwords',75,'Пароль: f57*******, Активен: 1'),('root@localhost','2021-03-18 23:01:14','insert','passwords',76,'Пароль: 6cc*******, Активен: 1'),('root@localhost','2021-03-18 23:01:14','insert','passwords',77,'Пароль: 330*******, Активен: 0'),('root@localhost','2021-03-18 23:01:14','insert','passwords',78,'Пароль: 95e*******, Активен: 1'),('root@localhost','2021-03-18 23:01:14','insert','passwords',79,'Пароль: 348*******, Активен: 1'),('root@localhost','2021-03-18 23:01:14','insert','passwords',80,'Пароль: 875*******, Активен: 0'),('root@localhost','2021-03-18 23:01:14','insert','passwords',81,'Пароль: 608*******, Активен: 1'),('root@localhost','2021-03-18 23:01:14','insert','passwords',82,'Пароль: f97*******, Активен: 1'),('root@localhost','2021-03-18 23:01:14','insert','passwords',83,'Пароль: 8d5*******, Активен: 1'),('root@localhost','2021-03-18 23:01:14','insert','passwords',84,'Пароль: bfe*******, Активен: 1'),('root@localhost','2021-03-18 23:01:14','insert','passwords',85,'Пароль: 082*******, Активен: 1'),('root@localhost','2021-03-18 23:01:14','insert','passwords',86,'Пароль: a04*******, Активен: 0'),('root@localhost','2021-03-18 23:01:14','insert','passwords',87,'Пароль: 8e7*******, Активен: 0'),('root@localhost','2021-03-18 23:01:14','insert','passwords',88,'Пароль: 50d*******, Активен: 0'),('root@localhost','2021-03-18 23:01:14','insert','passwords',89,'Пароль: 950*******, Активен: 0'),('root@localhost','2021-03-18 23:01:14','insert','passwords',90,'Пароль: bb8*******, Активен: 1'),('root@localhost','2021-03-18 23:01:14','insert','passwords',91,'Пароль: 5ef*******, Активен: 0'),('root@localhost','2021-03-18 23:01:14','insert','passwords',92,'Пароль: 0f7*******, Активен: 0'),('root@localhost','2021-03-18 23:01:14','insert','passwords',93,'Пароль: 861*******, Активен: 0'),('root@localhost','2021-03-18 23:01:14','insert','passwords',94,'Пароль: 2f1*******, Активен: 0'),('root@localhost','2021-03-18 23:01:14','insert','passwords',95,'Пароль: d4b*******, Активен: 0'),('root@localhost','2021-03-18 23:01:14','insert','passwords',96,'Пароль: a78*******, Активен: 1'),('root@localhost','2021-03-18 23:01:14','insert','passwords',97,'Пароль: 595*******, Активен: 0'),('root@localhost','2021-03-18 23:01:14','insert','passwords',98,'Пароль: 20e*******, Активен: 1'),('root@localhost','2021-03-18 23:01:14','insert','passwords',99,'Пароль: d49*******, Активен: 1'),('root@localhost','2021-03-18 23:01:14','insert','passwords',100,'Пароль: af5*******, Активен: 1'),('root@localhost','2021-03-18 23:01:14','insert','passwords',1,'Пароль: 7f8*******, Активен: 0'),('root@localhost','2021-03-18 23:01:14','insert','passwords',2,'Пароль: 762*******, Активен: 1'),('root@localhost','2021-03-18 23:01:14','insert','passwords',3,'Пароль: 093*******, Активен: 0'),('root@localhost','2021-03-18 23:01:14','insert','passwords',4,'Пароль: d42*******, Активен: 0'),('root@localhost','2021-03-18 23:01:14','insert','passwords',5,'Пароль: ea5*******, Активен: 0'),('root@localhost','2021-03-18 23:01:14','insert','passwords',6,'Пароль: 919*******, Активен: 0'),('root@localhost','2021-03-18 23:01:14','insert','passwords',7,'Пароль: 566*******, Активен: 1'),('root@localhost','2021-03-18 23:01:14','insert','passwords',8,'Пароль: dbe*******, Активен: 0'),('root@localhost','2021-03-18 23:01:14','insert','passwords',9,'Пароль: a9d*******, Активен: 0'),('root@localhost','2021-03-18 23:01:14','insert','passwords',10,'Пароль: 24c*******, Активен: 0'),('root@localhost','2021-03-18 23:01:14','insert','passwords',11,'Пароль: 942*******, Активен: 0'),('root@localhost','2021-03-18 23:01:14','insert','passwords',12,'Пароль: fbd*******, Активен: 1'),('root@localhost','2021-03-18 23:01:14','insert','passwords',13,'Пароль: 970*******, Активен: 1'),('root@localhost','2021-03-18 23:01:14','insert','passwords',14,'Пароль: 8a0*******, Активен: 0'),('root@localhost','2021-03-18 23:01:14','insert','passwords',15,'Пароль: 21f*******, Активен: 0'),('root@localhost','2021-03-18 23:01:14','insert','passwords',16,'Пароль: 990*******, Активен: 0'),('root@localhost','2021-03-18 23:01:14','insert','passwords',17,'Пароль: 3f7*******, Активен: 0'),('root@localhost','2021-03-18 23:01:14','insert','passwords',18,'Пароль: 876*******, Активен: 0'),('root@localhost','2021-03-18 23:01:14','insert','passwords',19,'Пароль: d06*******, Активен: 0'),('root@localhost','2021-03-18 23:01:14','insert','passwords',20,'Пароль: e71*******, Активен: 0'),('root@localhost','2021-03-18 23:01:14','insert','passwords',21,'Пароль: 835*******, Активен: 1'),('root@localhost','2021-03-18 23:01:14','insert','passwords',22,'Пароль: 78e*******, Активен: 1'),('root@localhost','2021-03-18 23:01:14','insert','passwords',23,'Пароль: 540*******, Активен: 0'),('root@localhost','2021-03-18 23:01:14','insert','passwords',24,'Пароль: fb7*******, Активен: 0'),('root@localhost','2021-03-18 23:01:14','insert','passwords',25,'Пароль: d73*******, Активен: 1'),('root@localhost','2021-03-18 23:01:14','insert','passwords',26,'Пароль: 945*******, Активен: 1'),('root@localhost','2021-03-18 23:01:14','insert','passwords',27,'Пароль: 621*******, Активен: 0'),('root@localhost','2021-03-18 23:01:14','insert','passwords',28,'Пароль: da6*******, Активен: 0'),('root@localhost','2021-03-18 23:01:14','insert','passwords',29,'Пароль: a15*******, Активен: 1'),('root@localhost','2021-03-18 23:01:14','insert','passwords',30,'Пароль: a9e*******, Активен: 0'),('root@localhost','2021-03-18 23:01:14','insert','passwords',31,'Пароль: 2a6*******, Активен: 1'),('root@localhost','2021-03-18 23:01:14','insert','passwords',32,'Пароль: b38*******, Активен: 0'),('root@localhost','2021-03-18 23:01:14','insert','passwords',33,'Пароль: 4a7*******, Активен: 1'),('root@localhost','2021-03-18 23:01:14','insert','passwords',34,'Пароль: 644*******, Активен: 0'),('root@localhost','2021-03-18 23:01:14','insert','passwords',35,'Пароль: 493*******, Активен: 1'),('root@localhost','2021-03-18 23:01:14','insert','passwords',36,'Пароль: efb*******, Активен: 1'),('root@localhost','2021-03-18 23:01:14','insert','passwords',37,'Пароль: a14*******, Активен: 0'),('root@localhost','2021-03-18 23:01:14','insert','passwords',38,'Пароль: ddd*******, Активен: 1'),('root@localhost','2021-03-18 23:01:14','insert','passwords',39,'Пароль: 08a*******, Активен: 1'),('root@localhost','2021-03-18 23:01:14','insert','passwords',40,'Пароль: 20f*******, Активен: 0'),('root@localhost','2021-03-18 23:01:14','insert','passwords',41,'Пароль: 941*******, Активен: 1'),('root@localhost','2021-03-18 23:01:14','insert','passwords',42,'Пароль: 1be*******, Активен: 0'),('root@localhost','2021-03-18 23:01:14','insert','passwords',43,'Пароль: 738*******, Активен: 0'),('root@localhost','2021-03-18 23:01:14','insert','passwords',44,'Пароль: a99*******, Активен: 0'),('root@localhost','2021-03-18 23:01:14','insert','passwords',45,'Пароль: 8f7*******, Активен: 1'),('root@localhost','2021-03-18 23:01:14','insert','passwords',46,'Пароль: 160*******, Активен: 0'),('root@localhost','2021-03-18 23:01:14','insert','passwords',47,'Пароль: 612*******, Активен: 0'),('root@localhost','2021-03-18 23:01:14','insert','passwords',48,'Пароль: f42*******, Активен: 1'),('root@localhost','2021-03-18 23:01:14','insert','passwords',49,'Пароль: e87*******, Активен: 1'),('root@localhost','2021-03-18 23:01:14','insert','passwords',50,'Пароль: d07*******, Активен: 0'),('root@localhost','2021-03-18 23:01:14','insert','passwords',51,'Пароль: 272*******, Активен: 1'),('root@localhost','2021-03-18 23:01:14','insert','passwords',52,'Пароль: 76a*******, Активен: 0'),('root@localhost','2021-03-18 23:01:14','insert','passwords',53,'Пароль: ea7*******, Активен: 1'),('root@localhost','2021-03-18 23:01:14','insert','passwords',54,'Пароль: 90a*******, Активен: 0'),('root@localhost','2021-03-18 23:01:14','insert','passwords',55,'Пароль: bee*******, Активен: 0'),('root@localhost','2021-03-18 23:01:14','insert','passwords',56,'Пароль: f61*******, Активен: 1'),('root@localhost','2021-03-18 23:01:14','insert','passwords',57,'Пароль: 021*******, Активен: 1'),('root@localhost','2021-03-18 23:01:14','insert','passwords',58,'Пароль: e45*******, Активен: 1'),('root@localhost','2021-03-18 23:01:14','insert','passwords',59,'Пароль: bb4*******, Активен: 0'),('root@localhost','2021-03-18 23:01:14','insert','passwords',60,'Пароль: 57f*******, Активен: 1'),('root@localhost','2021-03-18 23:01:14','insert','passwords',61,'Пароль: 097*******, Активен: 1'),('root@localhost','2021-03-18 23:01:14','insert','passwords',62,'Пароль: 89d*******, Активен: 1'),('root@localhost','2021-03-18 23:01:14','insert','passwords',63,'Пароль: 7b7*******, Активен: 1'),('root@localhost','2021-03-18 23:01:14','insert','passwords',64,'Пароль: 1ea*******, Активен: 0'),('root@localhost','2021-03-18 23:01:14','insert','passwords',65,'Пароль: 1d6*******, Активен: 0'),('root@localhost','2021-03-18 23:01:14','insert','passwords',66,'Пароль: 3e9*******, Активен: 1'),('root@localhost','2021-03-18 23:01:14','insert','passwords',67,'Пароль: 3df*******, Активен: 0'),('root@localhost','2021-03-18 23:01:14','insert','passwords',68,'Пароль: d74*******, Активен: 1'),('root@localhost','2021-03-18 23:01:14','insert','passwords',69,'Пароль: fe3*******, Активен: 1'),('root@localhost','2021-03-18 23:01:14','insert','passwords',70,'Пароль: ba9*******, Активен: 1'),('root@localhost','2021-03-18 23:01:14','insert','passwords',71,'Пароль: fee*******, Активен: 1'),('root@localhost','2021-03-18 23:01:14','insert','passwords',72,'Пароль: 4ff*******, Активен: 0'),('root@localhost','2021-03-18 23:01:14','insert','passwords',73,'Пароль: 07d*******, Активен: 1'),('root@localhost','2021-03-18 23:01:14','insert','passwords',74,'Пароль: a1c*******, Активен: 0'),('root@localhost','2021-03-18 23:01:14','insert','passwords',75,'Пароль: fff*******, Активен: 1'),('root@localhost','2021-03-18 23:01:14','insert','passwords',76,'Пароль: 55a*******, Активен: 1'),('root@localhost','2021-03-18 23:01:14','insert','passwords',77,'Пароль: 86c*******, Активен: 1'),('root@localhost','2021-03-18 23:01:14','insert','passwords',78,'Пароль: 6d2*******, Активен: 1'),('root@localhost','2021-03-18 23:01:14','insert','passwords',79,'Пароль: 186*******, Активен: 1'),('root@localhost','2021-03-18 23:01:14','insert','passwords',80,'Пароль: 1bd*******, Активен: 1'),('root@localhost','2021-03-18 23:01:14','insert','passwords',81,'Пароль: d38*******, Активен: 1'),('root@localhost','2021-03-18 23:01:14','insert','passwords',82,'Пароль: 27d*******, Активен: 1'),('root@localhost','2021-03-18 23:01:14','insert','passwords',83,'Пароль: f22*******, Активен: 1'),('root@localhost','2021-03-18 23:01:14','insert','passwords',84,'Пароль: bf4*******, Активен: 0'),('root@localhost','2021-03-18 23:01:14','insert','passwords',85,'Пароль: b32*******, Активен: 0'),('root@localhost','2021-03-18 23:01:14','insert','passwords',86,'Пароль: 82c*******, Активен: 0'),('root@localhost','2021-03-18 23:01:14','insert','passwords',87,'Пароль: 4c8*******, Активен: 0'),('root@localhost','2021-03-18 23:01:14','insert','passwords',88,'Пароль: ca8*******, Активен: 1'),('root@localhost','2021-03-18 23:01:14','insert','passwords',89,'Пароль: 17b*******, Активен: 1'),('root@localhost','2021-03-18 23:01:14','insert','passwords',90,'Пароль: e53*******, Активен: 1'),('root@localhost','2021-03-18 23:01:14','insert','passwords',91,'Пароль: f22*******, Активен: 1'),('root@localhost','2021-03-18 23:01:14','insert','passwords',92,'Пароль: 647*******, Активен: 1'),('root@localhost','2021-03-18 23:01:14','insert','passwords',93,'Пароль: 36a*******, Активен: 0'),('root@localhost','2021-03-18 23:01:14','insert','passwords',94,'Пароль: d5b*******, Активен: 0'),('root@localhost','2021-03-18 23:01:14','insert','passwords',95,'Пароль: 812*******, Активен: 1'),('root@localhost','2021-03-18 23:01:14','insert','passwords',96,'Пароль: 90f*******, Активен: 0'),('root@localhost','2021-03-18 23:01:14','insert','passwords',97,'Пароль: c8f*******, Активен: 0'),('root@localhost','2021-03-18 23:01:14','insert','passwords',98,'Пароль: cff*******, Активен: 1'),('root@localhost','2021-03-18 23:01:14','insert','passwords',99,'Пароль: d6b*******, Активен: 0'),('root@localhost','2021-03-18 23:01:14','insert','passwords',100,'Пароль: 6f1*******, Активен: 0'),('root@localhost','2021-03-18 23:01:14','insert','passwords',1,'Пароль: 7bc*******, Активен: 0'),('root@localhost','2021-03-18 23:01:14','insert','passwords',2,'Пароль: 6df*******, Активен: 0'),('root@localhost','2021-03-18 23:01:14','insert','passwords',3,'Пароль: 9fc*******, Активен: 1'),('root@localhost','2021-03-18 23:01:14','insert','passwords',4,'Пароль: db1*******, Активен: 0'),('root@localhost','2021-03-18 23:01:14','insert','passwords',5,'Пароль: af3*******, Активен: 0'),('root@localhost','2021-03-18 23:01:14','insert','passwords',6,'Пароль: f7f*******, Активен: 0'),('root@localhost','2021-03-18 23:01:14','insert','passwords',7,'Пароль: 4cd*******, Активен: 1'),('root@localhost','2021-03-18 23:01:14','insert','passwords',8,'Пароль: 812*******, Активен: 0'),('root@localhost','2021-03-18 23:01:14','insert','passwords',9,'Пароль: 74a*******, Активен: 0'),('root@localhost','2021-03-18 23:01:14','insert','passwords',10,'Пароль: fa9*******, Активен: 0'),('root@localhost','2021-03-18 23:01:14','insert','passwords',11,'Пароль: 92d*******, Активен: 0'),('root@localhost','2021-03-18 23:01:14','insert','passwords',12,'Пароль: bd8*******, Активен: 1'),('root@localhost','2021-03-18 23:01:14','insert','passwords',13,'Пароль: 6bb*******, Активен: 0'),('root@localhost','2021-03-18 23:01:14','insert','passwords',14,'Пароль: 24b*******, Активен: 1'),('root@localhost','2021-03-18 23:01:14','insert','passwords',15,'Пароль: e16*******, Активен: 1'),('root@localhost','2021-03-18 23:01:14','insert','passwords',16,'Пароль: 87c*******, Активен: 0'),('root@localhost','2021-03-18 23:01:14','insert','passwords',17,'Пароль: c4e*******, Активен: 0'),('root@localhost','2021-03-18 23:01:14','insert','passwords',18,'Пароль: 071*******, Активен: 0'),('root@localhost','2021-03-18 23:01:14','insert','passwords',19,'Пароль: 02d*******, Активен: 0'),('root@localhost','2021-03-18 23:01:14','insert','passwords',20,'Пароль: b97*******, Активен: 0'),('root@localhost','2021-03-18 23:01:14','insert','passwords',21,'Пароль: 201*******, Активен: 0'),('root@localhost','2021-03-18 23:01:14','insert','passwords',22,'Пароль: 832*******, Активен: 1'),('root@localhost','2021-03-18 23:01:14','insert','passwords',23,'Пароль: bbb*******, Активен: 0'),('root@localhost','2021-03-18 23:01:14','insert','passwords',24,'Пароль: 03d*******, Активен: 1'),('root@localhost','2021-03-18 23:01:14','insert','passwords',25,'Пароль: 329*******, Активен: 0'),('root@localhost','2021-03-18 23:01:14','insert','passwords',26,'Пароль: 9f4*******, Активен: 0'),('root@localhost','2021-03-18 23:01:14','insert','passwords',27,'Пароль: 7cb*******, Активен: 0'),('root@localhost','2021-03-18 23:01:14','insert','passwords',28,'Пароль: cff*******, Активен: 1'),('root@localhost','2021-03-18 23:01:14','insert','passwords',29,'Пароль: 2d3*******, Активен: 0'),('root@localhost','2021-03-18 23:01:14','insert','passwords',30,'Пароль: c1d*******, Активен: 1'),('root@localhost','2021-03-18 23:01:14','insert','passwords',31,'Пароль: 13e*******, Активен: 1'),('root@localhost','2021-03-18 23:01:14','insert','passwords',32,'Пароль: 495*******, Активен: 0'),('root@localhost','2021-03-18 23:01:14','insert','passwords',33,'Пароль: 95e*******, Активен: 0'),('root@localhost','2021-03-18 23:01:14','insert','passwords',34,'Пароль: 5a8*******, Активен: 0'),('root@localhost','2021-03-18 23:01:14','insert','passwords',35,'Пароль: 64d*******, Активен: 1'),('root@localhost','2021-03-18 23:01:14','insert','passwords',36,'Пароль: ac1*******, Активен: 1'),('root@localhost','2021-03-18 23:01:14','insert','passwords',37,'Пароль: 22d*******, Активен: 0'),('root@localhost','2021-03-18 23:01:14','insert','passwords',38,'Пароль: 0d9*******, Активен: 0'),('root@localhost','2021-03-18 23:01:14','insert','passwords',39,'Пароль: 2fb*******, Активен: 1'),('root@localhost','2021-03-18 23:01:14','insert','passwords',40,'Пароль: 0d1*******, Активен: 1'),('root@localhost','2021-03-18 23:01:14','insert','passwords',41,'Пароль: 1d5*******, Активен: 1'),('root@localhost','2021-03-18 23:01:14','insert','passwords',42,'Пароль: 218*******, Активен: 1'),('root@localhost','2021-03-18 23:01:14','insert','passwords',43,'Пароль: 15d*******, Активен: 1'),('root@localhost','2021-03-18 23:01:14','insert','passwords',44,'Пароль: 33a*******, Активен: 1'),('root@localhost','2021-03-18 23:01:14','insert','passwords',45,'Пароль: af4*******, Активен: 1'),('root@localhost','2021-03-18 23:01:14','insert','passwords',46,'Пароль: 216*******, Активен: 1'),('root@localhost','2021-03-18 23:01:14','insert','passwords',47,'Пароль: 7e1*******, Активен: 1'),('root@localhost','2021-03-18 23:01:14','insert','passwords',48,'Пароль: f4a*******, Активен: 1'),('root@localhost','2021-03-18 23:01:14','insert','passwords',49,'Пароль: 8ec*******, Активен: 1'),('root@localhost','2021-03-18 23:01:14','insert','passwords',50,'Пароль: 07f*******, Активен: 1'),('root@localhost','2021-03-18 23:01:14','insert','passwords',51,'Пароль: add*******, Активен: 0'),('root@localhost','2021-03-18 23:01:14','insert','passwords',52,'Пароль: 20d*******, Активен: 1'),('root@localhost','2021-03-18 23:01:14','insert','passwords',53,'Пароль: ef4*******, Активен: 0'),('root@localhost','2021-03-18 23:01:14','insert','passwords',54,'Пароль: aae*******, Активен: 1'),('root@localhost','2021-03-18 23:01:14','insert','passwords',55,'Пароль: d44*******, Активен: 1'),('root@localhost','2021-03-18 23:01:14','insert','passwords',56,'Пароль: 6b3*******, Активен: 0'),('root@localhost','2021-03-18 23:01:14','insert','passwords',57,'Пароль: 023*******, Активен: 1'),('root@localhost','2021-03-18 23:01:14','insert','passwords',58,'Пароль: 56f*******, Активен: 0'),('root@localhost','2021-03-18 23:01:14','insert','passwords',59,'Пароль: eb1*******, Активен: 0'),('root@localhost','2021-03-18 23:01:14','insert','passwords',60,'Пароль: 21f*******, Активен: 0'),('root@localhost','2021-03-18 23:01:14','insert','passwords',61,'Пароль: f82*******, Активен: 0'),('root@localhost','2021-03-18 23:01:14','insert','passwords',62,'Пароль: 087*******, Активен: 1'),('root@localhost','2021-03-18 23:01:14','insert','passwords',63,'Пароль: 9db*******, Активен: 0'),('root@localhost','2021-03-18 23:01:14','insert','passwords',64,'Пароль: 15a*******, Активен: 1'),('root@localhost','2021-03-18 23:01:14','insert','passwords',65,'Пароль: ea0*******, Активен: 0'),('root@localhost','2021-03-18 23:01:14','insert','passwords',66,'Пароль: 649*******, Активен: 1'),('root@localhost','2021-03-18 23:01:14','insert','passwords',67,'Пароль: 0ba*******, Активен: 0'),('root@localhost','2021-03-18 23:01:14','insert','passwords',68,'Пароль: 6b9*******, Активен: 0'),('root@localhost','2021-03-18 23:01:14','insert','passwords',69,'Пароль: a0b*******, Активен: 1'),('root@localhost','2021-03-18 23:01:14','insert','passwords',70,'Пароль: 3b6*******, Активен: 0'),('root@localhost','2021-03-18 23:01:14','insert','passwords',71,'Пароль: dda*******, Активен: 0'),('root@localhost','2021-03-18 23:01:14','insert','passwords',72,'Пароль: 592*******, Активен: 1'),('root@localhost','2021-03-18 23:01:14','insert','passwords',73,'Пароль: 5d0*******, Активен: 1'),('root@localhost','2021-03-18 23:01:14','insert','passwords',74,'Пароль: 810*******, Активен: 1'),('root@localhost','2021-03-18 23:01:14','insert','passwords',75,'Пароль: b6f*******, Активен: 0'),('root@localhost','2021-03-18 23:01:14','insert','passwords',76,'Пароль: f45*******, Активен: 0'),('root@localhost','2021-03-18 23:01:14','insert','passwords',77,'Пароль: a5d*******, Активен: 1'),('root@localhost','2021-03-18 23:01:14','insert','passwords',78,'Пароль: 874*******, Активен: 1'),('root@localhost','2021-03-18 23:01:14','insert','passwords',79,'Пароль: 6a1*******, Активен: 1'),('root@localhost','2021-03-18 23:01:14','insert','passwords',80,'Пароль: f36*******, Активен: 0'),('root@localhost','2021-03-18 23:01:14','insert','passwords',81,'Пароль: cb6*******, Активен: 0'),('root@localhost','2021-03-18 23:01:14','insert','passwords',82,'Пароль: 3a8*******, Активен: 0'),('root@localhost','2021-03-18 23:01:14','insert','passwords',83,'Пароль: 352*******, Активен: 1'),('root@localhost','2021-03-18 23:01:14','insert','passwords',84,'Пароль: fe6*******, Активен: 1'),('root@localhost','2021-03-18 23:01:14','insert','passwords',85,'Пароль: 005*******, Активен: 0'),('root@localhost','2021-03-18 23:01:14','insert','passwords',86,'Пароль: 820*******, Активен: 0'),('root@localhost','2021-03-18 23:01:14','insert','passwords',87,'Пароль: 80f*******, Активен: 0'),('root@localhost','2021-03-18 23:01:14','insert','passwords',88,'Пароль: a41*******, Активен: 1'),('root@localhost','2021-03-18 23:01:14','insert','passwords',89,'Пароль: 88a*******, Активен: 1'),('root@localhost','2021-03-18 23:01:14','insert','passwords',90,'Пароль: 39d*******, Активен: 1'),('root@localhost','2021-03-18 23:01:14','insert','passwords',91,'Пароль: fd7*******, Активен: 1'),('root@localhost','2021-03-18 23:01:14','insert','passwords',92,'Пароль: ba6*******, Активен: 1'),('root@localhost','2021-03-18 23:01:14','insert','passwords',93,'Пароль: caa*******, Активен: 1'),('root@localhost','2021-03-18 23:01:14','insert','passwords',94,'Пароль: 646*******, Активен: 1'),('root@localhost','2021-03-18 23:01:14','insert','passwords',95,'Пароль: 990*******, Активен: 1'),('root@localhost','2021-03-18 23:01:14','insert','passwords',96,'Пароль: 30f*******, Активен: 0'),('root@localhost','2021-03-18 23:01:14','insert','passwords',97,'Пароль: 36e*******, Активен: 1'),('root@localhost','2021-03-18 23:01:14','insert','passwords',98,'Пароль: 621*******, Активен: 1'),('root@localhost','2021-03-18 23:01:14','insert','passwords',99,'Пароль: f3f*******, Активен: 1'),('root@localhost','2021-03-18 23:01:14','insert','passwords',100,'Пароль: d3d*******, Активен: 0'),('root@localhost','2021-03-18 23:01:30','update','users',3,'(Adam-->Adam) (Bogisich-->Bogisich)) (Email: ian.kovacek@example.org-->ian.kovacek@example.org) (Phone: 191-100-7772x0978-->191-100-7772x0978)'),('root@localhost','2021-03-18 23:01:30','update','users',4,'(Loyce-->Loyce) (Becker-->Becker)) (Email: considine.herta@example.com-->considine.herta@example.com) (Phone: +15(1)6570006871-->+15(1)6570006871)'),('root@localhost','2021-03-18 23:01:30','update','users',5,'(Brook-->Brook) (McCullough-->McCullough)) (Email: jon69@example.com-->jon69@example.com) (Phone: +55(2)8987911833-->+55(2)8987911833)'),('root@localhost','2021-03-18 23:01:30','update','users',6,'(Madge-->Madge) (Haley-->Haley)) (Email: modesta08@example.org-->modesta08@example.org) (Phone: 1-184-768-5390-->1-184-768-5390)'),('root@localhost','2021-03-18 23:01:30','update','users',7,'(Norberto-->Norberto) (Lakin-->Lakin)) (Email: hterry@example.org-->hterry@example.org) (Phone: 394-829-3793x61244-->394-829-3793x61244)'),('root@localhost','2021-03-18 23:01:30','update','users',8,'(Travis-->Travis) (Kiehn-->Kiehn)) (Email: astamm@example.net-->astamm@example.net) (Phone: 120.161.0558-->120.161.0558)'),('root@localhost','2021-03-18 23:01:30','update','users',11,'(Laurine-->Laurine) (Boyer-->Boyer)) (Email: csmitham@example.net-->csmitham@example.net) (Phone: 1-346-521-7069x9081-->1-346-521-7069x9081)'),('root@localhost','2021-03-18 23:01:30','update','users',13,'(Mabelle-->Mabelle) (Heidenreich-->Heidenreich)) (Email: tremayne.mcclure@example.org-->tremayne.mcclure@example.org) (Phone: 635.909.5801x851-->635.909.5801x851)'),('root@localhost','2021-03-18 23:01:30','update','users',18,'(Hulda-->Hulda) (Pollich-->Pollich)) (Email: fleta.ledner@example.org-->fleta.ledner@example.org) (Phone: 960.569.5465-->960.569.5465)'),('root@localhost','2021-03-18 23:01:30','update','users',19,'(Demario-->Demario) (Nitzsche-->Nitzsche)) (Email: dietrich.amalia@example.net-->dietrich.amalia@example.net) (Phone: 1-031-339-3115-->1-031-339-3115)'),('root@localhost','2021-03-18 23:01:30','update','users',20,'(Herminia-->Herminia) (Hessel-->Hessel)) (Email: florian.williamson@example.org-->florian.williamson@example.org) (Phone: 1-413-010-5506x408-->1-413-010-5506x408)'),('root@localhost','2021-03-18 23:01:30','update','users',22,'(Ana-->Ana) (Bogan-->Bogan)) (Email: daija.leannon@example.net-->daija.leannon@example.net) (Phone: 675.388.3215x6421-->675.388.3215x6421)'),('root@localhost','2021-03-18 23:01:30','update','users',23,'(Loyce-->Loyce) (Daniel-->Daniel)) (Email: bernardo.rohan@example.com-->bernardo.rohan@example.com) (Phone: (400)148-0048x91712-->(400)148-0048x91712)'),('root@localhost','2021-03-18 23:01:30','update','users',25,'(Una-->Una) (King-->King)) (Email: sabrina.rippin@example.com-->sabrina.rippin@example.com) (Phone: 945.339.8528-->945.339.8528)'),('root@localhost','2021-03-18 23:01:30','update','users',28,'(Luigi-->Luigi) (VonRueden-->VonRueden)) (Email: zboncak.malachi@example.com-->zboncak.malachi@example.com) (Phone: 083-516-0569x9311-->083-516-0569x9311)'),('root@localhost','2021-03-18 23:01:30','update','users',33,'(Tamara-->Tamara) (Reinger-->Reinger)) (Email: hershel.schinner@example.com-->hershel.schinner@example.com) (Phone: 372-555-5324x71998-->372-555-5324x71998)'),('root@localhost','2021-03-18 23:01:30','update','users',38,'(Roger-->Roger) (Rice-->Rice)) (Email: rosalinda63@example.org-->rosalinda63@example.org) (Phone: 04133487185-->04133487185)'),('root@localhost','2021-03-18 23:01:30','update','users',40,'(Justus-->Justus) (Lynch-->Lynch)) (Email: ghauck@example.net-->ghauck@example.net) (Phone: 247.488.1201-->247.488.1201)'),('root@localhost','2021-03-18 23:01:30','update','users',42,'(Cora-->Cora) (Ledner-->Ledner)) (Email: elise.kovacek@example.org-->elise.kovacek@example.org) (Phone: +95(5)0133447480-->+95(5)0133447480)'),('root@localhost','2021-03-18 23:01:30','update','users',46,'(Ansley-->Ansley) (Parker-->Parker)) (Email: jannie05@example.com-->jannie05@example.com) (Phone: 1-780-325-7142-->1-780-325-7142)'),('root@localhost','2021-03-18 23:01:30','update','users',51,'(Nikita-->Nikita) (Marvin-->Marvin)) (Email: rudolph.russel@example.net-->rudolph.russel@example.net) (Phone: (264)958-2678x1275-->(264)958-2678x1275)'),('root@localhost','2021-03-18 23:01:30','update','users',52,'(Jerome-->Jerome) (Feil-->Feil)) (Email: sauer.marielle@example.com-->sauer.marielle@example.com) (Phone: +46(3)7801591311-->+46(3)7801591311)'),('root@localhost','2021-03-18 23:01:30','update','users',55,'(Raquel-->Raquel) (Kling-->Kling)) (Email: jermey26@example.net-->jermey26@example.net) (Phone: 707-258-7539x44973-->707-258-7539x44973)'),('root@localhost','2021-03-18 23:01:30','update','users',56,'(Priscilla-->Priscilla) (Lowe-->Lowe)) (Email: oberbrunner.arely@example.net-->oberbrunner.arely@example.net) (Phone: (714)473-3516-->(714)473-3516)'),('root@localhost','2021-03-18 23:01:30','update','users',60,'(Xander-->Xander) (Morar-->Morar)) (Email: magdalena.kris@example.com-->magdalena.kris@example.com) (Phone: +82(3)0191188962-->+82(3)0191188962)'),('root@localhost','2021-03-18 23:01:30','update','users',62,'(Hal-->Hal) (Kihn-->Kihn)) (Email: adalberto.fritsch@example.org-->adalberto.fritsch@example.org) (Phone: 797-252-1600x708-->797-252-1600x708)'),('root@localhost','2021-03-18 23:01:30','update','users',63,'(Vallie-->Vallie) (Rau-->Rau)) (Email: mschinner@example.org-->mschinner@example.org) (Phone: (716)189-1923-->(716)189-1923)'),('root@localhost','2021-03-18 23:01:30','update','users',64,'(Faye-->Faye) (Glover-->Glover)) (Email: bria17@example.com-->bria17@example.com) (Phone: 588-829-3440x60309-->588-829-3440x60309)'),('root@localhost','2021-03-18 23:01:30','update','users',66,'(Janet-->Janet) (Crona-->Crona)) (Email: emma.cronin@example.com-->emma.cronin@example.com) (Phone: 1-121-189-1811x2359-->1-121-189-1811x2359)'),('root@localhost','2021-03-18 23:01:30','update','users',70,'(Zakary-->Zakary) (Wiegand-->Wiegand)) (Email: bogan.gage@example.com-->bogan.gage@example.com) (Phone: +36(7)5489439436-->+36(7)5489439436)'),('root@localhost','2021-03-18 23:01:30','update','users',72,'(Jabari-->Jabari) (Kling-->Kling)) (Email: hweimann@example.org-->hweimann@example.org) (Phone: 1-386-644-2602x1592-->1-386-644-2602x1592)'),('root@localhost','2021-03-18 23:01:30','update','users',73,'(Kennedy-->Kennedy) (Lueilwitz-->Lueilwitz)) (Email: hdibbert@example.com-->hdibbert@example.com) (Phone: 08802168882-->08802168882)'),('root@localhost','2021-03-18 23:01:30','update','users',75,'(Americo-->Americo) (DuBuque-->DuBuque)) (Email: shermann@example.net-->shermann@example.net) (Phone: 02751336496-->02751336496)'),('root@localhost','2021-03-18 23:01:30','update','users',76,'(Franco-->Franco) (Marquardt-->Marquardt)) (Email: sabina03@example.com-->sabina03@example.com) (Phone: 709-345-7891x21037-->709-345-7891x21037)'),('root@localhost','2021-03-18 23:01:30','update','users',79,'(Magdalen-->Magdalen) (Denesik-->Denesik)) (Email: oreichel@example.net-->oreichel@example.net) (Phone: (795)332-6195x225-->(795)332-6195x225)'),('root@localhost','2021-03-18 23:01:30','update','users',83,'(Jessy-->Jessy) (Morar-->Morar)) (Email: berge.berneice@example.org-->berge.berneice@example.org) (Phone: 288.051.0660x6511-->288.051.0660x6511)'),('root@localhost','2021-03-18 23:01:30','update','users',85,'(Reina-->Reina) (Glover-->Glover)) (Email: amir.schneider@example.net-->amir.schneider@example.net) (Phone: 00811980116-->00811980116)'),('root@localhost','2021-03-18 23:01:30','update','users',86,'(Donny-->Donny) (Marvin-->Marvin)) (Email: rtrantow@example.net-->rtrantow@example.net) (Phone: +34(2)6904981993-->+34(2)6904981993)'),('root@localhost','2021-03-18 23:01:30','update','users',88,'(Michel-->Michel) (Abshire-->Abshire)) (Email: mtromp@example.net-->mtromp@example.net) (Phone: 097-665-0079x185-->097-665-0079x185)'),('root@localhost','2021-03-18 23:01:30','update','users',89,'(Isabell-->Isabell) (Kuhn-->Kuhn)) (Email: kirstin54@example.org-->kirstin54@example.org) (Phone: 352.008.5668x88277-->352.008.5668x88277)'),('root@localhost','2021-03-18 23:01:30','update','users',90,'(Adam-->Adam) (McKenzie-->McKenzie)) (Email: josue88@example.com-->josue88@example.com) (Phone: 1-931-882-7116x124-->1-931-882-7116x124)'),('root@localhost','2021-03-18 23:01:30','update','users',91,'(Franco-->Franco) (Rempel-->Rempel)) (Email: rebekah.murphy@example.net-->rebekah.murphy@example.net) (Phone: 1-599-043-9640x48047-->1-599-043-9640x48047)'),('root@localhost','2021-03-18 23:01:30','update','users',92,'(Rossie-->Rossie) (Lindgren-->Lindgren)) (Email: ibergstrom@example.com-->ibergstrom@example.com) (Phone: (521)752-8528-->(521)752-8528)'),('root@localhost','2021-03-18 23:01:30','update','users',96,'(Nicolette-->Nicolette) (Blick-->Blick)) (Email: faye75@example.org-->faye75@example.org) (Phone: 119-777-0163x1019-->119-777-0163x1019)'),('root@localhost','2021-03-18 23:01:30','update','profiles',1,'Пол: M, Дата рождения: 1927-12-30, о себе: Odio sed eveniet sint. Occaecati vel recusandae sapiente eius vitae.'),('root@localhost','2021-03-18 23:01:30','update','profiles',2,'Пол: F, Дата рождения: 2003-05-21, о себе: Labore explicabo eum iure totam quis. Laboriosam sint autem architecto a molestiae et nostrum. Quo v'),('root@localhost','2021-03-18 23:01:30','update','profiles',3,'Пол: M, Дата рождения: 1950-01-30, о себе: Hic velit molestias corporis laborum ratione. Mollitia eaque et voluptatibus est ipsam et. Enim dolo'),('root@localhost','2021-03-18 23:01:30','update','profiles',4,'Пол: F, Дата рождения: 1950-07-25, о себе: Iure in illo aut odio. Natus natus delectus dolores consequuntur illum ratione. Temporibus voluptas '),('root@localhost','2021-03-18 23:01:30','update','profiles',5,'Пол: M, Дата рождения: 1949-03-23, о себе: Velit rerum et non sequi qui iure. Impedit ullam labore ut voluptatibus facilis et. Aut reprehenderi'),('root@localhost','2021-03-18 23:01:30','update','profiles',6,'Пол: F, Дата рождения: 1944-09-04, о себе: Quia exercitationem dicta magnam et molestiae pariatur cumque. Id maxime asperiores rerum quaerat ad'),('root@localhost','2021-03-18 23:01:30','update','profiles',7,'Пол: M, Дата рождения: 1930-02-25, о себе: Aperiam totam non nam voluptate molestiae voluptatum a. Aut vero debitis iusto esse exercitationem q'),('root@localhost','2021-03-18 23:01:30','update','profiles',8,'Пол: M, Дата рождения: 2019-01-30, о себе: Voluptas autem qui repellat. Recusandae in optio ab minus. Et qui ut voluptatibus quisquam temporibu'),('root@localhost','2021-03-18 23:01:30','update','profiles',9,'Пол: M, Дата рождения: 1923-09-08, о себе: Voluptas quam mollitia quam dolores autem reiciendis. In distinctio impedit fuga. Voluptatum repudia'),('root@localhost','2021-03-18 23:01:30','update','profiles',10,'Пол: F, Дата рождения: 1927-09-04, о себе: Sit mollitia commodi aliquam animi. Accusantium voluptas beatae et culpa et rerum rerum. Consequatur'),('root@localhost','2021-03-18 23:01:30','update','profiles',11,'Пол: M, Дата рождения: 1965-07-08, о себе: Voluptatem reiciendis consequuntur aut quis quos veritatis et. Omnis quia vel fuga. Sed consequatur '),('root@localhost','2021-03-18 23:01:30','update','profiles',12,'Пол: F, Дата рождения: 1980-12-14, о себе: Corporis omnis similique et. Delectus fugit impedit nam ad. Incidunt aut quibusdam a ad aut soluta s'),('root@localhost','2021-03-18 23:01:30','update','profiles',13,'Пол: M, Дата рождения: 1988-07-14, о себе: Sunt rerum autem blanditiis magni quibusdam rerum. Sit perferendis et aliquid qui temporibus. Quo od'),('root@localhost','2021-03-18 23:01:30','update','profiles',14,'Пол: F, Дата рождения: 1990-05-28, о себе: Non quidem iure rerum est illum incidunt dicta. Modi ullam id et ex aut ipsam. Exercitationem minima'),('root@localhost','2021-03-18 23:01:30','update','profiles',15,'Пол: F, Дата рождения: 1989-09-23, о себе: At officia eum reiciendis ea nihil. Consectetur quia aliquid error. Repellendus voluptatem perspicia'),('root@localhost','2021-03-18 23:01:30','update','profiles',16,'Пол: F, Дата рождения: 2014-06-05, о себе: Repellat minus facilis nam delectus omnis assumenda eos earum. Aut architecto sapiente nihil volupta'),('root@localhost','2021-03-18 23:01:30','update','profiles',17,'Пол: F, Дата рождения: 2009-08-01, о себе: Vel quo possimus eius. Ut qui facere ut corrupti consequatur id. Adipisci non recusandae molestiae d'),('root@localhost','2021-03-18 23:01:30','update','profiles',18,'Пол: F, Дата рождения: 1923-12-20, о себе: Et occaecati aut minima. Non porro earum veniam. Ea in cum harum et est.'),('root@localhost','2021-03-18 23:01:30','update','profiles',19,'Пол: M, Дата рождения: 1922-11-30, о себе: Iure quibusdam odit dignissimos modi suscipit nesciunt. Ut mollitia eos est eum. Et enim incidunt ul'),('root@localhost','2021-03-18 23:01:30','update','profiles',20,'Пол: M, Дата рождения: 1961-05-23, о себе: Id itaque consequuntur veniam molestiae nihil voluptas. Fugit facilis totam qui et et iure possimus.'),('root@localhost','2021-03-18 23:01:30','update','profiles',21,'Пол: F, Дата рождения: 1977-11-26, о себе: Soluta architecto vel eveniet exercitationem. Ut quidem corrupti ut necessitatibus nihil omnis dolor'),('root@localhost','2021-03-18 23:01:30','update','profiles',22,'Пол: M, Дата рождения: 1976-11-23, о себе: Quam natus vel et vel ipsum. Iste qui hic saepe asperiores a nostrum quia. Velit sunt doloribus reru'),('root@localhost','2021-03-18 23:01:30','update','profiles',23,'Пол: F, Дата рождения: 1937-03-01, о себе: Odit quisquam dolores cupiditate rerum assumenda et voluptas. Nihil qui veritatis et sint error modi'),('root@localhost','2021-03-18 23:01:30','update','profiles',24,'Пол: F, Дата рождения: 1931-07-26, о себе: Dolorum ab iste sit dolorem. Quia sequi rerum iure perferendis molestiae molestiae asperiores. Velit'),('root@localhost','2021-03-18 23:01:30','update','profiles',25,'Пол: M, Дата рождения: 1971-03-21, о себе: Repellat est facere qui eos voluptates velit vel. Qui est provident in eaque numquam.'),('root@localhost','2021-03-18 23:01:30','update','profiles',26,'Пол: F, Дата рождения: 1950-11-23, о себе: Ullam ducimus saepe doloribus accusantium sed. Voluptates esse quas rerum. Sed enim harum ea dolorum'),('root@localhost','2021-03-18 23:01:30','update','profiles',27,'Пол: M, Дата рождения: 2017-09-18, о себе: A temporibus ducimus sed quod dolore. Soluta corporis quo nobis quas. Facilis provident cumque corru'),('root@localhost','2021-03-18 23:01:30','update','profiles',28,'Пол: F, Дата рождения: 1991-07-21, о себе: Laudantium omnis maxime vel quod molestiae labore rerum. Id in eum illo sed autem. Similique omnis i'),('root@localhost','2021-03-18 23:01:30','update','profiles',29,'Пол: M, Дата рождения: 2003-12-26, о себе: Dolorum perferendis fuga molestias eaque illum vero natus. Sit vel quia ut quisquam eligendi sapient'),('root@localhost','2021-03-18 23:01:30','update','profiles',30,'Пол: F, Дата рождения: 1937-09-06, о себе: Modi numquam itaque rerum molestiae. Facere et alias adipisci.'),('root@localhost','2021-03-18 23:01:30','update','profiles',31,'Пол: F, Дата рождения: 1924-10-10, о себе: Corrupti sapiente dolorum facilis accusantium quidem deleniti. Quidem nemo harum error delectus aspe'),('root@localhost','2021-03-18 23:01:30','update','profiles',32,'Пол: M, Дата рождения: 1993-06-28, о себе: Omnis rerum fugiat expedita rerum ab error est facilis. Pariatur sed occaecati quis qui maiores arch'),('root@localhost','2021-03-18 23:01:30','update','profiles',33,'Пол: M, Дата рождения: 1966-11-15, о себе: Voluptatem veniam veritatis delectus autem. Ipsum error cumque corporis quidem et sapiente ullam. Co'),('root@localhost','2021-03-18 23:01:30','update','profiles',34,'Пол: M, Дата рождения: 1973-10-09, о себе: Reiciendis impedit dignissimos maxime ipsa ea iusto id blanditiis. Eveniet nisi itaque quod laborum '),('root@localhost','2021-03-18 23:01:30','update','profiles',35,'Пол: M, Дата рождения: 2013-08-10, о себе: Quas accusantium pariatur ea cumque rerum. Quis adipisci architecto assumenda itaque totam vitae eli'),('root@localhost','2021-03-18 23:01:30','update','profiles',36,'Пол: M, Дата рождения: 1995-08-25, о себе: Rerum nemo non veritatis fuga. Deleniti odit ipsum autem occaecati magnam reprehenderit. Et et porro'),('root@localhost','2021-03-18 23:01:30','update','profiles',37,'Пол: M, Дата рождения: 1982-01-07, о себе: Repellat non ea sequi doloribus facere sint quia explicabo. Dolore vel ipsum id. Non ut eos nesciunt'),('root@localhost','2021-03-18 23:01:30','update','profiles',38,'Пол: M, Дата рождения: 2005-04-03, о себе: Qui illo repellat necessitatibus accusamus sapiente. Ut voluptas a quod quis in.'),('root@localhost','2021-03-18 23:01:30','update','profiles',39,'Пол: F, Дата рождения: 1936-01-23, о себе: Non quis quaerat beatae neque et adipisci suscipit possimus. Et vel excepturi beatae sint. Illo sed '),('root@localhost','2021-03-18 23:01:30','update','profiles',40,'Пол: M, Дата рождения: 1923-05-27, о себе: Eos eos reiciendis eveniet et. Et amet quos enim velit. Magni quibusdam quisquam consequatur pariatu'),('root@localhost','2021-03-18 23:01:30','update','profiles',41,'Пол: M, Дата рождения: 1930-10-22, о себе: Qui dolorum et aut ad error libero. Nihil in illo maiores et. Nihil ab earum rerum odio.'),('root@localhost','2021-03-18 23:01:30','update','profiles',42,'Пол: F, Дата рождения: 1978-03-15, о себе: Non et eveniet omnis. Velit saepe et numquam non nemo maxime. Quia consequatur et esse natus est.'),('root@localhost','2021-03-18 23:01:30','update','profiles',43,'Пол: F, Дата рождения: 1939-12-19, о себе: Temporibus error enim dignissimos amet temporibus voluptates recusandae. Molestiae blanditiis qui as'),('root@localhost','2021-03-18 23:01:30','update','profiles',44,'Пол: F, Дата рождения: 1935-02-21, о себе: Illo nihil sit libero repudiandae laudantium. Tempora quia soluta iure quo omnis. Modi non explicabo'),('root@localhost','2021-03-18 23:01:30','update','profiles',45,'Пол: M, Дата рождения: 1952-12-03, о себе: Dolorem voluptas dolor est quo. Voluptatem nisi maxime error. Delectus delectus mollitia alias sed. '),('root@localhost','2021-03-18 23:01:30','update','profiles',46,'Пол: F, Дата рождения: 1954-07-17, о себе: Accusantium occaecati adipisci magni praesentium exercitationem et. Quis quia voluptatem consequatur'),('root@localhost','2021-03-18 23:01:30','update','profiles',47,'Пол: M, Дата рождения: 1932-10-31, о себе: Earum enim deleniti vel quas. Neque qui id temporibus fugiat. Dignissimos doloremque molestiae conse'),('root@localhost','2021-03-18 23:01:30','update','profiles',48,'Пол: F, Дата рождения: 1967-04-18, о себе: Occaecati perspiciatis et qui amet blanditiis laborum quam. Totam voluptates qui voluptatibus quas. '),('root@localhost','2021-03-18 23:01:30','update','profiles',49,'Пол: F, Дата рождения: 1964-03-19, о себе: Et consequatur ut est rerum adipisci. Et optio fuga illum.'),('root@localhost','2021-03-18 23:01:30','update','profiles',50,'Пол: M, Дата рождения: 2006-06-18, о себе: Natus eius molestias vitae enim sunt voluptatem possimus. Eligendi inventore veniam ratione dolores '),('root@localhost','2021-03-18 23:01:30','update','profiles',51,'Пол: M, Дата рождения: 1965-03-10, о себе: Est iusto laborum sit commodi culpa. Voluptatem soluta corporis aut est quis. Voluptas eveniet et do'),('root@localhost','2021-03-18 23:01:30','update','profiles',52,'Пол: M, Дата рождения: 1975-11-14, о себе: Sapiente non omnis maiores odio. Velit dolor quod repellendus error sunt laudantium.'),('root@localhost','2021-03-18 23:01:30','update','profiles',53,'Пол: F, Дата рождения: 2014-09-20, о себе: Velit quia repellat esse aliquid a et. Et similique iure molestias officia corporis eligendi non. Eo'),('root@localhost','2021-03-18 23:01:30','update','profiles',54,'Пол: M, Дата рождения: 1988-10-19, о себе: Hic reprehenderit aut dolor illo optio a. Omnis corporis voluptas eos voluptatem voluptate qui conse'),('root@localhost','2021-03-18 23:01:30','update','profiles',55,'Пол: M, Дата рождения: 2009-07-01, о себе: Sit omnis quis nulla quaerat doloribus quae. Eum voluptas doloremque ullam ex. Molestiae quos eos er'),('root@localhost','2021-03-18 23:01:30','update','profiles',56,'Пол: F, Дата рождения: 2013-03-03, о себе: Quam veritatis qui ullam est aspernatur tempore excepturi. Accusantium consequatur deleniti ut qui p'),('root@localhost','2021-03-18 23:01:30','update','profiles',57,'Пол: F, Дата рождения: 1995-03-16, о себе: Et iste distinctio non alias tempora et. Qui nam maiores saepe esse. Non illo sed et sapiente aut.'),('root@localhost','2021-03-18 23:01:30','update','profiles',58,'Пол: M, Дата рождения: 1983-10-22, о себе: Aut impedit cumque explicabo quam. Rerum repellat ratione itaque non molestias. Numquam nesciunt sit'),('root@localhost','2021-03-18 23:01:30','update','profiles',59,'Пол: M, Дата рождения: 1927-03-05, о себе: Sint veniam ea qui laborum suscipit commodi. Consequuntur incidunt et et itaque sint impedit. Repreh'),('root@localhost','2021-03-18 23:01:30','update','profiles',60,'Пол: M, Дата рождения: 1978-07-02, о себе: Pariatur maxime et rerum provident veritatis. Molestiae quos amet ea doloremque. Omnis aspernatur ip'),('root@localhost','2021-03-18 23:01:30','update','profiles',61,'Пол: M, Дата рождения: 2012-06-25, о себе: Perferendis laboriosam eum unde ut animi. Aut quo natus repellendus numquam laborum. Enim vel eum vo'),('root@localhost','2021-03-18 23:01:30','update','profiles',62,'Пол: F, Дата рождения: 1934-12-18, о себе: Rerum excepturi possimus est omnis enim quia qui dolor. Doloremque dolores aut odit dolores numquam.'),('root@localhost','2021-03-18 23:01:30','update','profiles',63,'Пол: M, Дата рождения: 1971-03-09, о себе: Veritatis est qui hic eos omnis delectus. Aspernatur enim labore earum ut quia. Et quam excepturi qu'),('root@localhost','2021-03-18 23:01:30','update','profiles',64,'Пол: M, Дата рождения: 2017-12-24, о себе: Architecto non laudantium aut maxime iste. Et exercitationem eveniet similique molestias similique h'),('root@localhost','2021-03-18 23:01:30','update','profiles',65,'Пол: F, Дата рождения: 1927-03-11, о себе: Ut est ratione sit. Ex quia omnis facilis et blanditiis dignissimos. Ducimus et quaerat numquam maxi'),('root@localhost','2021-03-18 23:01:30','update','profiles',66,'Пол: M, Дата рождения: 1940-02-02, о себе: Mollitia deserunt quae natus vero dolorem ad. Autem animi esse est quod aut est dolor repudiandae. D'),('root@localhost','2021-03-18 23:01:30','update','profiles',67,'Пол: M, Дата рождения: 1965-04-19, о себе: Dolorem numquam quia rerum consectetur est doloremque. Quaerat dolorem in doloribus ratione at.'),('root@localhost','2021-03-18 23:01:30','update','profiles',68,'Пол: M, Дата рождения: 2020-10-09, о себе: Laborum porro et non non. Eaque odit illo aut tempora. Nam quibusdam a culpa totam voluptatum aliqua'),('root@localhost','2021-03-18 23:01:30','update','profiles',69,'Пол: F, Дата рождения: 1954-06-28, о себе: Vel ipsam voluptates quidem nisi aliquam cumque eum. Sunt necessitatibus voluptas placeat. Ad quia u'),('root@localhost','2021-03-18 23:01:30','update','profiles',70,'Пол: F, Дата рождения: 1979-05-07, о себе: Eos placeat iste molestiae omnis ut nesciunt cumque vero. Doloremque omnis tempore excepturi libero '),('root@localhost','2021-03-18 23:01:30','update','profiles',71,'Пол: F, Дата рождения: 2019-04-05, о себе: Ipsum expedita dolorem sit rerum voluptatem aut eum. Consequatur id harum porro voluptates quam quis'),('root@localhost','2021-03-18 23:01:30','update','profiles',72,'Пол: F, Дата рождения: 1945-10-20, о себе: Illo sed ut magni veritatis quia iste omnis sunt. Quos odio ut mollitia. Quidem esse et id repudiand'),('root@localhost','2021-03-18 23:01:30','update','profiles',73,'Пол: F, Дата рождения: 1939-06-20, о себе: Sit expedita sequi et nihil. Itaque quod maxime et dolorum officia. Saepe sequi eum molestias repell'),('root@localhost','2021-03-18 23:01:30','update','profiles',74,'Пол: F, Дата рождения: 1999-08-26, о себе: Eveniet dolorem quas voluptas repellendus nemo. Qui deleniti et et itaque optio. Vitae consequatur a'),('root@localhost','2021-03-18 23:01:30','update','profiles',75,'Пол: M, Дата рождения: 1952-12-14, о себе: Magni omnis itaque vitae numquam. Sunt consectetur fugiat ipsum quo est et. Sunt sit nemo ex beatae '),('root@localhost','2021-03-18 23:01:30','update','profiles',76,'Пол: F, Дата рождения: 1958-07-29, о себе: Tempore deleniti aspernatur adipisci. Voluptas dolorum ut porro vel nulla. Iusto sunt blanditiis ame'),('root@localhost','2021-03-18 23:01:30','update','profiles',77,'Пол: F, Дата рождения: 1932-08-22, о себе: Tempora magnam dolores voluptatum eligendi quam facilis explicabo. Vero beatae dolorem ut dolor vita'),('root@localhost','2021-03-18 23:01:30','update','profiles',78,'Пол: M, Дата рождения: 1957-04-14, о себе: Quos et est magnam excepturi. Nostrum tenetur alias explicabo. Saepe voluptas voluptatem aut sapient'),('root@localhost','2021-03-18 23:01:30','update','profiles',79,'Пол: M, Дата рождения: 1930-03-14, о себе: Recusandae atque natus ab pariatur. Enim sed fugiat fugit eum sint. Maiores nulla possimus velit err'),('root@localhost','2021-03-18 23:01:30','update','profiles',80,'Пол: F, Дата рождения: 1928-02-01, о себе: Sunt voluptatem consequatur maiores. Non laborum iure ratione non saepe mollitia. Sit sed animi adip'),('root@localhost','2021-03-18 23:01:30','update','profiles',81,'Пол: F, Дата рождения: 1974-11-18, о себе: Aut blanditiis suscipit quo voluptatem aut dolorum ab. Sint blanditiis fugit ut aut dolor velit quis'),('root@localhost','2021-03-18 23:01:30','update','profiles',82,'Пол: F, Дата рождения: 1943-10-01, о себе: Nulla qui culpa qui vel. Ratione voluptatem eligendi deleniti non. Eum itaque ea aut nihil odit et m'),('root@localhost','2021-03-18 23:01:30','update','profiles',83,'Пол: F, Дата рождения: 1995-12-08, о себе: Cum sed modi adipisci. Laudantium ipsa harum quos quos quibusdam eligendi.'),('root@localhost','2021-03-18 23:01:30','update','profiles',84,'Пол: M, Дата рождения: 1968-04-13, о себе: Nemo ea dignissimos dolor non laboriosam nesciunt est. Excepturi quia non error consectetur. Dicta e'),('root@localhost','2021-03-18 23:01:30','update','profiles',85,'Пол: M, Дата рождения: 1967-11-06, о себе: Occaecati quibusdam maxime velit harum alias delectus pariatur. Est labore et consequuntur id unde o'),('root@localhost','2021-03-18 23:01:30','update','profiles',86,'Пол: F, Дата рождения: 1931-10-22, о себе: Provident et architecto esse voluptatem assumenda iure natus. Voluptate delectus et est aut unde sae'),('root@localhost','2021-03-18 23:01:30','update','profiles',87,'Пол: F, Дата рождения: 1962-03-05, о себе: Harum qui rerum corrupti. Aspernatur ducimus et veniam deserunt deserunt quasi. Esse provident est s'),('root@localhost','2021-03-18 23:01:30','update','profiles',88,'Пол: F, Дата рождения: 1957-03-13, о себе: Id perspiciatis eum distinctio inventore ut quia. Consequuntur qui in necessitatibus amet. Quisquam '),('root@localhost','2021-03-18 23:01:30','update','profiles',89,'Пол: F, Дата рождения: 1946-11-04, о себе: Velit id sunt debitis sit. Veritatis aliquam tenetur et magnam recusandae consequuntur. Modi et moll'),('root@localhost','2021-03-18 23:01:30','update','profiles',90,'Пол: F, Дата рождения: 1932-01-24, о себе: Enim vel quis accusantium quasi occaecati illum sed. Quia excepturi ipsam accusantium consequuntur p'),('root@localhost','2021-03-18 23:01:30','update','profiles',91,'Пол: F, Дата рождения: 1996-02-03, о себе: Quia expedita officiis id quidem perferendis eveniet distinctio. Qui sequi omnis et ut excepturi. Op'),('root@localhost','2021-03-18 23:01:30','update','profiles',92,'Пол: M, Дата рождения: 2016-11-05, о себе: Exercitationem architecto minus quae nihil. Nemo ut maxime nihil eum delectus et quibusdam et. Vel a'),('root@localhost','2021-03-18 23:01:30','update','profiles',93,'Пол: F, Дата рождения: 1941-05-06, о себе: Qui perspiciatis quae alias doloribus. Dolor atque voluptates eveniet error placeat sequi. Est simil'),('root@localhost','2021-03-18 23:01:30','update','profiles',94,'Пол: M, Дата рождения: 1922-11-11, о себе: Exercitationem rerum nobis esse explicabo. Voluptatem voluptatem ut dignissimos in non ea est. Enim '),('root@localhost','2021-03-18 23:01:30','update','profiles',95,'Пол: F, Дата рождения: 1977-11-11, о себе: Quaerat aut fugiat veritatis facilis eos iste similique ipsum. Saepe provident odit id odit exceptur'),('root@localhost','2021-03-18 23:01:30','update','profiles',96,'Пол: M, Дата рождения: 1939-09-11, о себе: Ex quam accusamus nemo sunt omnis voluptas. Possimus asperiores rerum quidem harum accusamus. Dolori'),('root@localhost','2021-03-18 23:01:30','update','profiles',97,'Пол: F, Дата рождения: 1970-12-16, о себе: Rerum eos architecto dolor. Officiis qui possimus a magni. Velit sit quos consequatur ratione corrup'),('root@localhost','2021-03-18 23:01:30','update','profiles',98,'Пол: F, Дата рождения: 1928-04-16, о себе: Delectus expedita ut et est reprehenderit maiores quas. Totam corporis aut aut molestias sequi. Maxi'),('root@localhost','2021-03-18 23:01:30','update','profiles',99,'Пол: M, Дата рождения: 2009-02-01, о себе: Omnis ducimus quos animi consequatur qui delectus exercitationem. Laboriosam id exercitationem recus'),('root@localhost','2021-03-18 23:01:30','update','profiles',100,'Пол: F, Дата рождения: 1970-07-21, о себе: Quo et deserunt dolorem in ut velit. Quod sit voluptas qui totam reiciendis.');
/*!40000 ALTER TABLE `logs` ENABLE KEYS */;
UNLOCK TABLES;

--
-- Table structure for table `media`
--

DROP TABLE IF EXISTS `media`;
/*!40101 SET @saved_cs_client     = @@character_set_client */;
/*!50503 SET character_set_client = utf8mb4 */;
CREATE TABLE `media` (
  `id` bigint unsigned NOT NULL AUTO_INCREMENT COMMENT 'Идентификатор строки',
  `user_id` bigint unsigned NOT NULL COMMENT 'Ссылка на пользователя, который загрузил файл',
  `filename` varchar(255) NOT NULL COMMENT 'Путь к файлу',
  `size` int NOT NULL COMMENT 'Размер файла',
  `metadata` json DEFAULT NULL COMMENT 'Метаданные файла',
  `media_type_id` bigint unsigned NOT NULL COMMENT 'Ссылка на тип контента',
  `created_at` datetime DEFAULT CURRENT_TIMESTAMP COMMENT 'Время создания строки',
  `updated_at` datetime DEFAULT CURRENT_TIMESTAMP ON UPDATE CURRENT_TIMESTAMP COMMENT 'Время обновления строки',
  PRIMARY KEY (`id`),
  UNIQUE KEY `id` (`id`),
  KEY `user_id` (`user_id`),
  KEY `media_type_id` (`media_type_id`),
  CONSTRAINT `media_ibfk_1` FOREIGN KEY (`user_id`) REFERENCES `users` (`id`),
  CONSTRAINT `media_ibfk_2` FOREIGN KEY (`media_type_id`) REFERENCES `media_types` (`id`)
) ENGINE=InnoDB AUTO_INCREMENT=501 DEFAULT CHARSET=utf8mb4 COLLATE=utf8mb4_0900_ai_ci COMMENT='Медиафайлы';
/*!40101 SET character_set_client = @saved_cs_client */;

--
-- Dumping data for table `media`
--

LOCK TABLES `media` WRITE;
/*!40000 ALTER TABLE `media` DISABLE KEYS */;
INSERT INTO `media` VALUES (1,79,'https://dropbox.com/vk/video/vnd.fvt.mpeg',10332,'{\"owner\": \"Magdalen Denesik\"}',3,'2015-03-07 01:32:34','2021-03-18 23:01:31'),(2,84,'https://dropbox.com/vk/application/vnd.sus-calendar.avi',27179,'{\"owner\": \"Brian Jones\"}',2,'2020-03-04 19:07:56','2021-03-18 23:01:31'),(3,73,'https://dropbox.com/vk/text/plain.wav',13884,'{\"owner\": \"Kennedy Lueilwitz\"}',1,'2012-12-01 04:44:01','2021-03-18 23:01:31'),(4,9,'https://dropbox.com/vk/text/vnd.curl.png',19252,'{\"owner\": \"Caroline Bernhard\"}',3,'2015-06-15 19:54:09','2021-03-18 23:01:31'),(5,75,'https://dropbox.com/vk/application/vnd.ms-excel.sheet.macroenabled.12.mpeg',18048,'{\"owner\": \"Americo DuBuque\"}',3,'2014-10-04 10:54:35','2021-03-18 23:01:31'),(6,23,'https://dropbox.com/vk/application/x-gramps-xml.mpeg',26679,'{\"owner\": \"Loyce Daniel\"}',3,'2015-12-17 08:58:10','2021-03-18 23:01:31'),(7,34,'https://dropbox.com/vk/application/javascript.jpeg',10357,'{\"owner\": \"Richmond Kris\"}',3,'2013-08-18 04:59:10','2021-03-18 23:01:31'),(8,72,'https://dropbox.com/vk/image/x-portable-pixmap.avi',28844,'{\"owner\": \"Jabari Kling\"}',2,'2020-09-10 08:34:26','2021-03-18 23:01:31'),(9,7,'https://dropbox.com/vk/application/vnd.simtech-mindmapper.avi',29213,'{\"owner\": \"Norberto Lakin\"}',2,'2014-01-12 12:52:14','2021-03-18 23:01:31'),(10,36,'https://dropbox.com/vk/application/vnd.dna.wav',16805,'{\"owner\": \"Amber Will\"}',1,'2020-01-17 14:56:21','2021-03-18 23:01:31'),(11,11,'https://dropbox.com/vk/application/vnd.ms-excel.template.macroenabled.12.wav',24892,'{\"owner\": \"Laurine Boyer\"}',1,'2014-06-01 15:37:16','2021-03-18 23:01:31'),(12,20,'https://dropbox.com/vk/application/vnd.oasis.opendocument.graphics-template.wav',17513,'{\"owner\": \"Herminia Hessel\"}',1,'2019-07-12 23:39:04','2021-03-18 23:01:31'),(13,91,'https://dropbox.com/vk/application/vnd.fluxtime.clip.wav',23041,'{\"owner\": \"Franco Rempel\"}',1,'2014-04-10 10:37:04','2021-03-18 23:01:31'),(14,89,'https://dropbox.com/vk/application/vnd.xfdl.mpeg',24512,'{\"owner\": \"Isabell Kuhn\"}',3,'2016-01-14 21:24:46','2021-03-18 23:01:31'),(15,74,'https://dropbox.com/vk/image/webp.wav',29069,'{\"owner\": \"Ethel Quigley\"}',1,'2021-02-20 05:08:05','2021-03-18 23:01:31'),(16,80,'https://dropbox.com/vk/application/xslt+xml.wav',25078,'{\"owner\": \"Herbert Hermiston\"}',1,'2014-03-02 05:21:53','2021-03-18 23:01:31'),(17,42,'https://dropbox.com/vk/application/vnd.dna.png',18809,'{\"owner\": \"Cora Ledner\"}',3,'2016-11-24 02:23:25','2021-03-18 23:01:31'),(18,63,'https://dropbox.com/vk/application/x-cpio.png',27359,'{\"owner\": \"Vallie Rau\"}',3,'2012-03-29 12:06:04','2021-03-18 23:01:31'),(19,11,'https://dropbox.com/vk/application/x-ms-application.mpeg',25896,'{\"owner\": \"Laurine Boyer\"}',3,'2018-07-23 19:47:00','2021-03-18 23:01:31'),(20,54,'https://dropbox.com/vk/audio/mpeg.avi',28918,'{\"owner\": \"Miles Pfeffer\"}',2,'2016-02-22 08:12:53','2021-03-18 23:01:31'),(21,94,'https://dropbox.com/vk/application/vnd.mozilla.xul+xml.mpeg',17598,'{\"owner\": \"Antonia Dicki\"}',3,'2017-07-08 13:52:24','2021-03-18 23:01:31'),(22,37,'https://dropbox.com/vk/application/vnd.dreamfactory.png',18543,'{\"owner\": \"Elaina Bode\"}',3,'2017-12-06 04:06:34','2021-03-18 23:01:31'),(23,53,'https://dropbox.com/vk/application/vnd.ds-keypoint.jpeg',26557,'{\"owner\": \"Myrtis Shanahan\"}',3,'2017-01-20 17:54:49','2021-03-18 23:01:31'),(24,12,'https://dropbox.com/vk/application/x-xfig.jpeg',22585,'{\"owner\": \"Abigail Flatley\"}',3,'2016-12-04 05:31:44','2021-03-18 23:01:31'),(25,12,'https://dropbox.com/vk/application/wspolicy+xml.wav',20134,'{\"owner\": \"Abigail Flatley\"}',1,'2013-04-26 22:57:34','2021-03-18 23:01:31'),(26,46,'https://dropbox.com/vk/video/vnd.mpegurl.png',23047,'{\"owner\": \"Ansley Parker\"}',3,'2012-08-07 14:07:30','2021-03-18 23:01:31'),(27,88,'https://dropbox.com/vk/application/vnd.tcpdump.pcap.mpeg',20512,'{\"owner\": \"Michel Abshire\"}',3,'2013-05-15 12:04:54','2021-03-18 23:01:31'),(28,79,'https://dropbox.com/vk/video/x-ms-wm.jpeg',24384,'{\"owner\": \"Magdalen Denesik\"}',3,'2012-08-07 10:49:39','2021-03-18 23:01:31'),(29,99,'https://dropbox.com/vk/application/json.jpeg',25886,'{\"owner\": \"Timmy Schoen\"}',3,'2015-05-03 19:35:39','2021-03-18 23:01:31'),(30,2,'https://dropbox.com/vk/video/x-ms-wvx.wav',23708,'{\"owner\": \"Samara Kulas\"}',1,'2015-05-07 00:41:05','2021-03-18 23:01:31'),(31,85,'https://dropbox.com/vk/video/3gpp2.jpeg',15832,'{\"owner\": \"Reina Glover\"}',3,'2011-06-22 11:01:18','2021-03-18 23:01:31'),(32,90,'https://dropbox.com/vk/application/vnd.ms-wpl.wav',29072,'{\"owner\": \"Adam McKenzie\"}',1,'2016-05-26 18:41:08','2021-03-18 23:01:31'),(33,73,'https://dropbox.com/vk/application/x-cdlink.wav',12610,'{\"owner\": \"Kennedy Lueilwitz\"}',1,'2021-03-11 15:26:37','2021-03-18 23:01:31'),(34,9,'https://dropbox.com/vk/application/vnd.oasis.opendocument.image-template.avi',19613,'{\"owner\": \"Caroline Bernhard\"}',2,'2020-09-30 06:01:50','2021-03-18 23:01:31'),(35,64,'https://dropbox.com/vk/application/vnd.oasis.opendocument.database.png',21548,'{\"owner\": \"Faye Glover\"}',3,'2017-07-31 10:23:43','2021-03-18 23:01:31'),(36,93,'https://dropbox.com/vk/video/mp4.wav',13393,'{\"owner\": \"Sister Wolff\"}',1,'2012-05-29 03:50:01','2021-03-18 23:01:31'),(37,4,'https://dropbox.com/vk/application/vnd.mozilla.xul+xml.mpeg',26354,'{\"owner\": \"Loyce Becker\"}',3,'2011-07-17 03:42:14','2021-03-18 23:01:31'),(38,94,'https://dropbox.com/vk/application/vnd.oasis.opendocument.image.avi',25266,'{\"owner\": \"Antonia Dicki\"}',2,'2013-11-24 22:53:31','2021-03-18 23:01:31'),(39,73,'https://dropbox.com/vk/application/rtf.jpeg',26394,'{\"owner\": \"Kennedy Lueilwitz\"}',3,'2013-05-04 13:32:49','2021-03-18 23:01:31'),(40,86,'https://dropbox.com/vk/text/vcard.avi',17156,'{\"owner\": \"Donny Marvin\"}',2,'2013-12-20 09:40:03','2021-03-18 23:01:31'),(41,75,'https://dropbox.com/vk/text/turtle.mpeg',26271,'{\"owner\": \"Americo DuBuque\"}',3,'2012-03-13 05:38:32','2021-03-18 23:01:31'),(42,25,'https://dropbox.com/vk/application/vnd.ms-lrm.wav',23577,'{\"owner\": \"Una King\"}',1,'2015-05-06 13:08:13','2021-03-18 23:01:31'),(43,92,'https://dropbox.com/vk/video/x-ms-wvx.jpeg',14953,'{\"owner\": \"Rossie Lindgren\"}',3,'2015-04-14 18:34:18','2021-03-18 23:01:31'),(44,81,'https://dropbox.com/vk/application/vnd.vcx.mpeg',18070,'{\"owner\": \"Edd Schultz\"}',3,'2020-08-15 15:41:30','2021-03-18 23:01:31'),(45,34,'https://dropbox.com/vk/application/vnd.ms-powerpoint.slide.macroenabled.12.wav',21225,'{\"owner\": \"Richmond Kris\"}',1,'2012-08-14 17:11:42','2021-03-18 23:01:31'),(46,15,'https://dropbox.com/vk/application/vnd.oasis.opendocument.presentation-template.png',12778,'{\"owner\": \"Annalise Cruickshank\"}',3,'2012-03-23 08:16:36','2021-03-18 23:01:31'),(47,60,'https://dropbox.com/vk/model/vnd.gtw.png',29302,'{\"owner\": \"Xander Morar\"}',3,'2019-11-12 04:47:29','2021-03-18 23:01:31'),(48,96,'https://dropbox.com/vk/image/vnd.adobe.photoshop.wav',21406,'{\"owner\": \"Nicolette Blick\"}',1,'2014-07-20 03:46:51','2021-03-18 23:01:31'),(49,72,'https://dropbox.com/vk/image/bmp.wav',11602,'{\"owner\": \"Jabari Kling\"}',1,'2018-08-17 09:53:54','2021-03-18 23:01:31'),(50,46,'https://dropbox.com/vk/application/xspf+xml.png',22360,'{\"owner\": \"Ansley Parker\"}',3,'2016-06-16 23:33:09','2021-03-18 23:01:31'),(51,3,'https://dropbox.com/vk/application/vnd.sun.xml.impress.template.mpeg',10829,'{\"owner\": \"Adam Bogisich\"}',3,'2013-06-19 21:12:38','2021-03-18 23:01:31'),(52,94,'https://dropbox.com/vk/application/x-font-woff.avi',17124,'{\"owner\": \"Antonia Dicki\"}',2,'2020-03-16 21:30:23','2021-03-18 23:01:31'),(53,57,'https://dropbox.com/vk/application/vnd.ms-project.mpeg',19295,'{\"owner\": \"Mittie Jast\"}',3,'2019-08-14 04:27:45','2021-03-18 23:01:31'),(54,98,'https://dropbox.com/vk/application/vnd.hydrostatix.sof-data.avi',20002,'{\"owner\": \"Loyal Batz\"}',2,'2014-08-18 21:16:13','2021-03-18 23:01:31'),(55,34,'https://dropbox.com/vk/application/x-xz.wav',10656,'{\"owner\": \"Richmond Kris\"}',1,'2019-10-08 00:17:03','2021-03-18 23:01:31'),(56,88,'https://dropbox.com/vk/application/vnd.sailingtracker.track.jpeg',16275,'{\"owner\": \"Michel Abshire\"}',3,'2012-04-28 11:49:34','2021-03-18 23:01:31'),(57,66,'https://dropbox.com/vk/application/pkix-pkipath.wav',23128,'{\"owner\": \"Janet Crona\"}',1,'2017-08-17 15:01:28','2021-03-18 23:01:31'),(58,20,'https://dropbox.com/vk/audio/webm.wav',28847,'{\"owner\": \"Herminia Hessel\"}',1,'2014-09-16 03:43:42','2021-03-18 23:01:31'),(59,99,'https://dropbox.com/vk/video/jpeg.jpeg',22638,'{\"owner\": \"Timmy Schoen\"}',3,'2016-11-07 10:51:21','2021-03-18 23:01:31'),(60,77,'https://dropbox.com/vk/application/x-chat.mpeg',25621,'{\"owner\": \"Sedrick Kohler\"}',3,'2017-08-25 07:08:51','2021-03-18 23:01:31'),(61,24,'https://dropbox.com/vk/video/x-fli.avi',24342,'{\"owner\": \"Kevin Considine\"}',2,'2015-12-30 06:23:33','2021-03-18 23:01:31'),(62,41,'https://dropbox.com/vk/text/vnd.fmi.flexstor.jpeg',23733,'{\"owner\": \"Gerardo Hamill\"}',3,'2019-02-25 14:33:30','2021-03-18 23:01:31'),(63,15,'https://dropbox.com/vk/application/vnd.dece.zip.wav',19827,'{\"owner\": \"Annalise Cruickshank\"}',1,'2018-01-28 23:36:20','2021-03-18 23:01:31'),(64,15,'https://dropbox.com/vk/text/prs.lines.tag.avi',22687,'{\"owner\": \"Annalise Cruickshank\"}',2,'2018-10-29 23:03:39','2021-03-18 23:01:31'),(65,88,'https://dropbox.com/vk/audio/x-aiff.wav',28956,'{\"owner\": \"Michel Abshire\"}',1,'2020-11-28 00:19:31','2021-03-18 23:01:31'),(66,2,'https://dropbox.com/vk/application/x-cpio.jpeg',14243,'{\"owner\": \"Samara Kulas\"}',3,'2011-05-01 13:45:06','2021-03-18 23:01:31'),(67,62,'https://dropbox.com/vk/text/html.wav',27926,'{\"owner\": \"Hal Kihn\"}',1,'2012-05-20 15:17:23','2021-03-18 23:01:31'),(68,91,'https://dropbox.com/vk/application/vnd.seemail.avi',20270,'{\"owner\": \"Franco Rempel\"}',2,'2011-12-17 01:40:49','2021-03-18 23:01:31'),(69,2,'https://dropbox.com/vk/application/vnd.openxmlformats-officedocument.wordprocessingml.document.avi',26621,'{\"owner\": \"Samara Kulas\"}',2,'2016-03-26 03:58:59','2021-03-18 23:01:31'),(70,97,'https://dropbox.com/vk/application/vnd.ezpix-album.wav',28731,'{\"owner\": \"Everett Keeling\"}',1,'2014-04-29 00:49:11','2021-03-18 23:01:31'),(71,54,'https://dropbox.com/vk/application/widget.mpeg',19938,'{\"owner\": \"Miles Pfeffer\"}',3,'2014-11-18 18:07:39','2021-03-18 23:01:31'),(72,48,'https://dropbox.com/vk/video/x-ms-wvx.mpeg',17572,'{\"owner\": \"Sedrick Kozey\"}',3,'2016-05-31 02:17:45','2021-03-18 23:01:31'),(73,38,'https://dropbox.com/vk/application/vnd.kde.kformula.png',14152,'{\"owner\": \"Roger Rice\"}',3,'2016-03-10 00:27:46','2021-03-18 23:01:31'),(74,38,'https://dropbox.com/vk/image/svg+xml.jpeg',15662,'{\"owner\": \"Roger Rice\"}',3,'2016-03-21 21:37:45','2021-03-18 23:01:31'),(75,85,'https://dropbox.com/vk/application/vnd.ms-xpsdocument.avi',12767,'{\"owner\": \"Reina Glover\"}',2,'2018-03-31 03:20:24','2021-03-18 23:01:31'),(76,28,'https://dropbox.com/vk/text/n3.wav',24299,'{\"owner\": \"Luigi VonRueden\"}',1,'2017-08-31 14:29:02','2021-03-18 23:01:31'),(77,83,'https://dropbox.com/vk/image/prs.btif.png',20505,'{\"owner\": \"Jessy Morar\"}',3,'2012-05-05 23:41:21','2021-03-18 23:01:31'),(78,44,'https://dropbox.com/vk/application/emma+xml.mpeg',29317,'{\"owner\": \"Roscoe Williamson\"}',3,'2015-06-16 07:11:00','2021-03-18 23:01:31'),(79,58,'https://dropbox.com/vk/application/pdf.png',29628,'{\"owner\": \"Madaline Prosacco\"}',3,'2019-05-03 02:20:32','2021-03-18 23:01:31'),(80,34,'https://dropbox.com/vk/application/vnd.symbian.install.mpeg',23417,'{\"owner\": \"Richmond Kris\"}',3,'2014-05-09 07:39:02','2021-03-18 23:01:31'),(81,20,'https://dropbox.com/vk/application/vnd.dece.ttml+xml.png',19036,'{\"owner\": \"Herminia Hessel\"}',3,'2017-10-29 07:40:06','2021-03-18 23:01:31'),(82,6,'https://dropbox.com/vk/application/vnd.ms-powerpoint.mpeg',10709,'{\"owner\": \"Madge Haley\"}',3,'2012-06-13 01:34:26','2021-03-18 23:01:31'),(83,28,'https://dropbox.com/vk/application/vnd.semd.avi',19587,'{\"owner\": \"Luigi VonRueden\"}',2,'2012-03-28 06:29:00','2021-03-18 23:01:31'),(84,12,'https://dropbox.com/vk/application/pdf.jpeg',11587,'{\"owner\": \"Abigail Flatley\"}',3,'2018-12-31 19:48:21','2021-03-18 23:01:31'),(85,98,'https://dropbox.com/vk/application/x-7z-compressed.wav',18249,'{\"owner\": \"Loyal Batz\"}',1,'2016-11-10 09:46:07','2021-03-18 23:01:31'),(86,64,'https://dropbox.com/vk/video/vnd.dece.pd.png',17221,'{\"owner\": \"Faye Glover\"}',3,'2016-03-16 13:33:12','2021-03-18 23:01:31'),(87,22,'https://dropbox.com/vk/image/vnd.xiff.png',10027,'{\"owner\": \"Ana Bogan\"}',3,'2018-07-09 01:53:00','2021-03-18 23:01:31'),(88,61,'https://dropbox.com/vk/application/vnd.ms-officetheme.avi',11139,'{\"owner\": \"Hershel Rogahn\"}',2,'2021-01-12 09:45:56','2021-03-18 23:01:31'),(89,32,'https://dropbox.com/vk/image/vnd.ms-modi.wav',16370,'{\"owner\": \"Hoyt Rosenbaum\"}',1,'2019-05-14 16:13:28','2021-03-18 23:01:31'),(90,42,'https://dropbox.com/vk/video/x-m4v.jpeg',23549,'{\"owner\": \"Cora Ledner\"}',3,'2019-08-05 18:09:34','2021-03-18 23:01:31'),(91,35,'https://dropbox.com/vk/audio/mp4.avi',13936,'{\"owner\": \"Ethelyn Rau\"}',2,'2011-06-29 12:14:15','2021-03-18 23:01:31'),(92,10,'https://dropbox.com/vk/application/x-csh.wav',26905,'{\"owner\": \"Keara Heathcote\"}',1,'2012-11-15 09:53:18','2021-03-18 23:01:31'),(93,88,'https://dropbox.com/vk/model/vnd.collada+xml.avi',23977,'{\"owner\": \"Michel Abshire\"}',2,'2011-12-15 19:14:45','2021-03-18 23:01:31'),(94,2,'https://dropbox.com/vk/application/vnd.las.las+xml.wav',27070,'{\"owner\": \"Samara Kulas\"}',1,'2019-04-16 08:11:30','2021-03-18 23:01:31'),(95,95,'https://dropbox.com/vk/application/x-install-instructions.wav',15576,'{\"owner\": \"April Adams\"}',1,'2014-06-02 05:52:50','2021-03-18 23:01:31'),(96,68,'https://dropbox.com/vk/image/x-cmu-raster.wav',10089,'{\"owner\": \"Herminia Williamson\"}',1,'2018-12-06 05:38:47','2021-03-18 23:01:31'),(97,13,'https://dropbox.com/vk/video/x-sgi-movie.mpeg',15062,'{\"owner\": \"Mabelle Heidenreich\"}',3,'2019-01-24 04:25:50','2021-03-18 23:01:31'),(98,52,'https://dropbox.com/vk/application/x-glulx.wav',29354,'{\"owner\": \"Jerome Feil\"}',1,'2017-12-07 07:54:53','2021-03-18 23:01:31'),(99,83,'https://dropbox.com/vk/video/h264.png',18653,'{\"owner\": \"Jessy Morar\"}',3,'2013-09-06 06:10:26','2021-03-18 23:01:31'),(100,96,'https://dropbox.com/vk/application/x-blorb.avi',16854,'{\"owner\": \"Nicolette Blick\"}',2,'2016-09-25 22:09:24','2021-03-18 23:01:31'),(101,49,'https://dropbox.com/vk/text/x-opml.mpeg',23956,'{\"owner\": \"Jaycee Kunze\"}',3,'2014-06-21 02:21:15','2021-03-18 23:01:31'),(102,67,'https://dropbox.com/vk/application/xop+xml.wav',28855,'{\"owner\": \"Will Gislason\"}',1,'2020-02-27 19:49:39','2021-03-18 23:01:31'),(103,85,'https://dropbox.com/vk/application/yang.wav',12459,'{\"owner\": \"Reina Glover\"}',1,'2020-04-09 10:09:03','2021-03-18 23:01:31'),(104,37,'https://dropbox.com/vk/application/vnd.ecowin.chart.wav',25253,'{\"owner\": \"Elaina Bode\"}',1,'2013-11-27 09:19:54','2021-03-18 23:01:31'),(105,58,'https://dropbox.com/vk/application/lost+xml.png',18117,'{\"owner\": \"Madaline Prosacco\"}',3,'2011-07-24 23:34:42','2021-03-18 23:01:31'),(106,64,'https://dropbox.com/vk/application/vnd.ms-project.wav',10566,'{\"owner\": \"Faye Glover\"}',1,'2016-07-01 01:44:35','2021-03-18 23:01:31'),(107,27,'https://dropbox.com/vk/model/iges.png',18925,'{\"owner\": \"Laurel Braun\"}',3,'2014-06-08 04:50:36','2021-03-18 23:01:31'),(108,38,'https://dropbox.com/vk/application/vnd.iccprofile.png',23875,'{\"owner\": \"Roger Rice\"}',3,'2011-12-09 17:58:14','2021-03-18 23:01:31'),(109,78,'https://dropbox.com/vk/text/vnd.graphviz.jpeg',22789,'{\"owner\": \"Jacinto Nitzsche\"}',3,'2019-01-05 22:54:13','2021-03-18 23:01:31'),(110,60,'https://dropbox.com/vk/application/vnd.ms-powerpoint.mpeg',15590,'{\"owner\": \"Xander Morar\"}',3,'2016-12-28 00:13:00','2021-03-18 23:01:31'),(111,17,'https://dropbox.com/vk/application/atom+xml.jpeg',10619,'{\"owner\": \"Edmund Klein\"}',3,'2012-04-07 21:15:31','2021-03-18 23:01:31'),(112,4,'https://dropbox.com/vk/application/vnd.kde.kontour.jpeg',21421,'{\"owner\": \"Loyce Becker\"}',3,'2014-08-25 13:37:14','2021-03-18 23:01:31'),(113,71,'https://dropbox.com/vk/application/mods+xml.mpeg',17228,'{\"owner\": \"Haylee Ebert\"}',3,'2013-10-12 21:00:14','2021-03-18 23:01:31'),(114,6,'https://dropbox.com/vk/application/x-mscardfile.avi',29748,'{\"owner\": \"Madge Haley\"}',2,'2015-08-21 03:05:53','2021-03-18 23:01:31'),(115,5,'https://dropbox.com/vk/text/vnd.dvb.subtitle.wav',16966,'{\"owner\": \"Brook McCullough\"}',1,'2015-05-14 09:09:12','2021-03-18 23:01:31'),(116,85,'https://dropbox.com/vk/application/vnd.ibm.minipay.avi',20865,'{\"owner\": \"Reina Glover\"}',2,'2016-11-12 15:51:51','2021-03-18 23:01:31'),(117,34,'https://dropbox.com/vk/application/vnd.dvb.service.wav',26990,'{\"owner\": \"Richmond Kris\"}',1,'2013-06-07 05:24:11','2021-03-18 23:01:31'),(118,80,'https://dropbox.com/vk/model/x3d+binary.mpeg',13630,'{\"owner\": \"Herbert Hermiston\"}',3,'2015-01-04 11:03:21','2021-03-18 23:01:31'),(119,70,'https://dropbox.com/vk/application/vnd.ibm.secure-container.jpeg',14578,'{\"owner\": \"Zakary Wiegand\"}',3,'2015-04-20 01:42:26','2021-03-18 23:01:31'),(120,19,'https://dropbox.com/vk/application/x-cpio.jpeg',25222,'{\"owner\": \"Demario Nitzsche\"}',3,'2011-11-03 12:58:56','2021-03-18 23:01:31'),(121,44,'https://dropbox.com/vk/application/vnd.openxmlformats-officedocument.presentationml.slide.avi',10565,'{\"owner\": \"Roscoe Williamson\"}',2,'2020-10-23 08:24:04','2021-03-18 23:01:31'),(122,37,'https://dropbox.com/vk/application/vnd.lotus-freelance.png',14927,'{\"owner\": \"Elaina Bode\"}',3,'2014-08-19 10:47:58','2021-03-18 23:01:31'),(123,74,'https://dropbox.com/vk/application/xhtml+xml.avi',29658,'{\"owner\": \"Ethel Quigley\"}',2,'2020-09-15 21:56:57','2021-03-18 23:01:31'),(124,52,'https://dropbox.com/vk/application/vnd.lotus-1-2-3.mpeg',24668,'{\"owner\": \"Jerome Feil\"}',3,'2015-08-13 11:26:37','2021-03-18 23:01:31'),(125,3,'https://dropbox.com/vk/audio/x-ms-wma.wav',17723,'{\"owner\": \"Adam Bogisich\"}',1,'2016-06-19 21:56:48','2021-03-18 23:01:31'),(126,86,'https://dropbox.com/vk/application/vnd.symbian.install.wav',10613,'{\"owner\": \"Donny Marvin\"}',1,'2017-10-09 11:08:27','2021-03-18 23:01:31'),(127,76,'https://dropbox.com/vk/model/vnd.vtu.wav',23733,'{\"owner\": \"Franco Marquardt\"}',1,'2017-07-09 10:59:06','2021-03-18 23:01:31'),(128,74,'https://dropbox.com/vk/application/vnd.trid.tpt.mpeg',14325,'{\"owner\": \"Ethel Quigley\"}',3,'2018-12-07 02:43:10','2021-03-18 23:01:31'),(129,72,'https://dropbox.com/vk/image/prs.btif.wav',28698,'{\"owner\": \"Jabari Kling\"}',1,'2020-03-27 14:21:04','2021-03-18 23:01:31'),(130,81,'https://dropbox.com/vk/audio/x-mpegurl.jpeg',24451,'{\"owner\": \"Edd Schultz\"}',3,'2013-02-27 14:17:18','2021-03-18 23:01:31'),(131,66,'https://dropbox.com/vk/text/x-java-source.wav',14467,'{\"owner\": \"Janet Crona\"}',1,'2014-01-02 14:06:39','2021-03-18 23:01:31'),(132,40,'https://dropbox.com/vk/application/vnd.vcx.png',13769,'{\"owner\": \"Justus Lynch\"}',3,'2019-06-17 09:11:31','2021-03-18 23:01:31'),(133,67,'https://dropbox.com/vk/application/vnd.uoml+xml.mpeg',20828,'{\"owner\": \"Will Gislason\"}',3,'2016-10-09 20:12:50','2021-03-18 23:01:31'),(134,42,'https://dropbox.com/vk/application/x-silverlight-app.jpeg',17330,'{\"owner\": \"Cora Ledner\"}',3,'2015-09-26 21:29:08','2021-03-18 23:01:31'),(135,31,'https://dropbox.com/vk/application/xhtml+xml.avi',19871,'{\"owner\": \"Renee Dibbert\"}',2,'2020-11-02 15:06:53','2021-03-18 23:01:31'),(136,71,'https://dropbox.com/vk/application/x-font-ttf.wav',26982,'{\"owner\": \"Haylee Ebert\"}',1,'2013-03-16 03:07:05','2021-03-18 23:01:31'),(137,36,'https://dropbox.com/vk/application/vnd.vcx.avi',11558,'{\"owner\": \"Amber Will\"}',2,'2015-10-20 22:41:37','2021-03-18 23:01:31'),(138,10,'https://dropbox.com/vk/model/x3d+binary.png',10837,'{\"owner\": \"Keara Heathcote\"}',3,'2020-03-20 16:50:03','2021-03-18 23:01:31'),(139,94,'https://dropbox.com/vk/video/x-fli.png',29696,'{\"owner\": \"Antonia Dicki\"}',3,'2016-12-30 23:39:14','2021-03-18 23:01:31'),(140,40,'https://dropbox.com/vk/application/vnd.ms-lrm.mpeg',29011,'{\"owner\": \"Justus Lynch\"}',3,'2015-10-02 19:26:18','2021-03-18 23:01:31'),(141,33,'https://dropbox.com/vk/application/vnd.kde.kontour.png',29574,'{\"owner\": \"Tamara Reinger\"}',3,'2015-02-26 17:00:08','2021-03-18 23:01:31'),(142,2,'https://dropbox.com/vk/application/x-msclip.wav',28761,'{\"owner\": \"Samara Kulas\"}',1,'2020-12-18 06:53:20','2021-03-18 23:01:31'),(143,73,'https://dropbox.com/vk/model/x3d+binary.wav',27321,'{\"owner\": \"Kennedy Lueilwitz\"}',1,'2014-07-05 16:42:10','2021-03-18 23:01:31'),(144,99,'https://dropbox.com/vk/video/mpeg.png',13846,'{\"owner\": \"Timmy Schoen\"}',3,'2015-10-01 09:15:02','2021-03-18 23:01:31'),(145,22,'https://dropbox.com/vk/application/x-ustar.mpeg',17580,'{\"owner\": \"Ana Bogan\"}',3,'2019-10-01 09:05:46','2021-03-18 23:01:31'),(146,23,'https://dropbox.com/vk/image/vnd.dwg.avi',29218,'{\"owner\": \"Loyce Daniel\"}',2,'2012-03-23 18:19:00','2021-03-18 23:01:31'),(147,63,'https://dropbox.com/vk/application/mathml+xml.jpeg',10580,'{\"owner\": \"Vallie Rau\"}',3,'2018-09-30 16:39:24','2021-03-18 23:01:31'),(148,25,'https://dropbox.com/vk/application/vnd.ms-works.mpeg',25075,'{\"owner\": \"Una King\"}',3,'2020-06-01 18:35:51','2021-03-18 23:01:31'),(149,60,'https://dropbox.com/vk/application/x-mscardfile.png',23933,'{\"owner\": \"Xander Morar\"}',3,'2020-04-03 02:26:18','2021-03-18 23:01:31'),(150,65,'https://dropbox.com/vk/application/mathml+xml.avi',28207,'{\"owner\": \"Sigurd Anderson\"}',2,'2011-12-27 07:54:13','2021-03-18 23:01:31'),(151,82,'https://dropbox.com/vk/application/vnd.oasis.opendocument.formula-template.avi',23731,'{\"owner\": \"Ryley Corwin\"}',2,'2020-07-14 04:58:10','2021-03-18 23:01:31'),(152,60,'https://dropbox.com/vk/video/x-msvideo.mpeg',23960,'{\"owner\": \"Xander Morar\"}',3,'2017-02-23 02:00:55','2021-03-18 23:01:31'),(153,37,'https://dropbox.com/vk/application/vnd.ms-artgalry.avi',23440,'{\"owner\": \"Elaina Bode\"}',2,'2021-01-16 05:58:14','2021-03-18 23:01:31'),(154,54,'https://dropbox.com/vk/application/x-msdownload.wav',25749,'{\"owner\": \"Miles Pfeffer\"}',1,'2015-05-02 22:11:20','2021-03-18 23:01:31'),(155,98,'https://dropbox.com/vk/application/x-tcl.jpeg',22107,'{\"owner\": \"Loyal Batz\"}',3,'2013-02-10 11:41:57','2021-03-18 23:01:31'),(156,99,'https://dropbox.com/vk/audio/xm.wav',28225,'{\"owner\": \"Timmy Schoen\"}',1,'2015-07-31 03:49:34','2021-03-18 23:01:31'),(157,49,'https://dropbox.com/vk/application/vnd.ahead.space.png',26428,'{\"owner\": \"Jaycee Kunze\"}',3,'2014-09-26 04:19:28','2021-03-18 23:01:31'),(158,46,'https://dropbox.com/vk/application/vnd.ms-powerpoint.addin.macroenabled.12.avi',23549,'{\"owner\": \"Ansley Parker\"}',2,'2015-12-25 11:13:27','2021-03-18 23:01:31'),(159,46,'https://dropbox.com/vk/application/vnd.ibm.minipay.png',12445,'{\"owner\": \"Ansley Parker\"}',3,'2013-03-08 10:19:10','2021-03-18 23:01:31'),(160,2,'https://dropbox.com/vk/application/vnd.data-vision.rdz.png',26651,'{\"owner\": \"Samara Kulas\"}',3,'2013-10-28 11:21:35','2021-03-18 23:01:31'),(161,64,'https://dropbox.com/vk/text/x-opml.png',27275,'{\"owner\": \"Faye Glover\"}',3,'2014-02-19 04:00:24','2021-03-18 23:01:31'),(162,99,'https://dropbox.com/vk/video/webm.avi',21934,'{\"owner\": \"Timmy Schoen\"}',2,'2011-08-20 11:58:37','2021-03-18 23:01:31'),(163,37,'https://dropbox.com/vk/application/x-msbinder.mpeg',20495,'{\"owner\": \"Elaina Bode\"}',3,'2016-09-14 16:43:33','2021-03-18 23:01:31'),(164,90,'https://dropbox.com/vk/application/vnd.ms-word.template.macroenabled.12.avi',18526,'{\"owner\": \"Adam McKenzie\"}',2,'2011-10-22 16:08:28','2021-03-18 23:01:31'),(165,17,'https://dropbox.com/vk/application/x-msdownload.png',13174,'{\"owner\": \"Edmund Klein\"}',3,'2015-05-04 06:46:23','2021-03-18 23:01:31'),(166,15,'https://dropbox.com/vk/image/gif.avi',17422,'{\"owner\": \"Annalise Cruickshank\"}',2,'2014-01-11 21:39:01','2021-03-18 23:01:31'),(167,84,'https://dropbox.com/vk/text/x-opml.wav',27261,'{\"owner\": \"Brian Jones\"}',1,'2017-03-14 16:24:48','2021-03-18 23:01:31'),(168,94,'https://dropbox.com/vk/application/vnd.ecowin.chart.avi',29145,'{\"owner\": \"Antonia Dicki\"}',2,'2017-09-14 23:31:14','2021-03-18 23:01:31'),(169,78,'https://dropbox.com/vk/video/3gpp2.wav',18668,'{\"owner\": \"Jacinto Nitzsche\"}',1,'2020-07-02 14:15:43','2021-03-18 23:01:31'),(170,43,'https://dropbox.com/vk/application/vnd.oasis.opendocument.text-template.jpeg',13932,'{\"owner\": \"Quincy Gibson\"}',3,'2013-05-15 05:26:02','2021-03-18 23:01:31'),(171,57,'https://dropbox.com/vk/audio/mpeg.jpeg',18545,'{\"owner\": \"Mittie Jast\"}',3,'2015-07-24 20:29:06','2021-03-18 23:01:31'),(172,25,'https://dropbox.com/vk/video/vnd.ms-playready.media.pyv.avi',11803,'{\"owner\": \"Una King\"}',2,'2014-08-17 22:47:04','2021-03-18 23:01:31'),(173,84,'https://dropbox.com/vk/application/vnd.lotus-organizer.wav',24823,'{\"owner\": \"Brian Jones\"}',1,'2011-03-25 12:36:39','2021-03-18 23:01:31'),(174,11,'https://dropbox.com/vk/text/vcard.avi',25664,'{\"owner\": \"Laurine Boyer\"}',2,'2018-10-03 21:23:23','2021-03-18 23:01:31'),(175,47,'https://dropbox.com/vk/application/x-tex.wav',23425,'{\"owner\": \"Alexandro Ortiz\"}',1,'2017-04-03 08:23:15','2021-03-18 23:01:31'),(176,18,'https://dropbox.com/vk/application/x-subrip.wav',10778,'{\"owner\": \"Hulda Pollich\"}',1,'2018-11-12 04:26:34','2021-03-18 23:01:31'),(177,58,'https://dropbox.com/vk/application/widget.jpeg',11982,'{\"owner\": \"Madaline Prosacco\"}',3,'2018-07-22 16:49:55','2021-03-18 23:01:31'),(178,29,'https://dropbox.com/vk/application/vnd.ezpix-package.png',21112,'{\"owner\": \"Kellen Senger\"}',3,'2016-03-11 12:32:38','2021-03-18 23:01:31'),(179,65,'https://dropbox.com/vk/application/winhlp.wav',17593,'{\"owner\": \"Sigurd Anderson\"}',1,'2018-03-23 18:10:37','2021-03-18 23:01:31'),(180,52,'https://dropbox.com/vk/application/pskc+xml.mpeg',19817,'{\"owner\": \"Jerome Feil\"}',3,'2020-04-21 01:44:44','2021-03-18 23:01:31'),(181,82,'https://dropbox.com/vk/video/vnd.dece.sd.png',27934,'{\"owner\": \"Ryley Corwin\"}',3,'2020-08-27 21:27:12','2021-03-18 23:01:31'),(182,26,'https://dropbox.com/vk/model/mesh.wav',22571,'{\"owner\": \"Sabryna Ondricka\"}',1,'2018-10-02 20:30:05','2021-03-18 23:01:31'),(183,2,'https://dropbox.com/vk/application/vnd.adobe.air-application-installer-package+zip.wav',22600,'{\"owner\": \"Samara Kulas\"}',1,'2017-09-08 18:12:25','2021-03-18 23:01:31'),(184,65,'https://dropbox.com/vk/video/vnd.mpegurl.avi',29077,'{\"owner\": \"Sigurd Anderson\"}',2,'2013-03-16 02:57:05','2021-03-18 23:01:31'),(185,27,'https://dropbox.com/vk/application/vnd.openxmlformats-officedocument.spreadsheetml.template.wav',27985,'{\"owner\": \"Laurel Braun\"}',1,'2015-09-27 15:40:04','2021-03-18 23:01:31'),(186,93,'https://dropbox.com/vk/application/vnd.oasis.opendocument.image-template.png',20548,'{\"owner\": \"Sister Wolff\"}',3,'2016-10-23 15:03:20','2021-03-18 23:01:31'),(187,49,'https://dropbox.com/vk/text/richtext.mpeg',22920,'{\"owner\": \"Jaycee Kunze\"}',3,'2016-01-12 16:58:01','2021-03-18 23:01:31'),(188,37,'https://dropbox.com/vk/audio/mp4.mpeg',14018,'{\"owner\": \"Elaina Bode\"}',3,'2019-06-05 00:27:42','2021-03-18 23:01:31'),(189,32,'https://dropbox.com/vk/application/vnd.dvb.ait.png',29004,'{\"owner\": \"Hoyt Rosenbaum\"}',3,'2015-10-11 14:51:15','2021-03-18 23:01:31'),(190,91,'https://dropbox.com/vk/audio/x-aiff.mpeg',13172,'{\"owner\": \"Franco Rempel\"}',3,'2017-10-05 22:56:56','2021-03-18 23:01:31'),(191,53,'https://dropbox.com/vk/text/vnd.in3d.3dml.mpeg',14923,'{\"owner\": \"Myrtis Shanahan\"}',3,'2015-06-25 05:20:34','2021-03-18 23:01:31'),(192,94,'https://dropbox.com/vk/application/vnd.oasis.opendocument.image-template.png',22262,'{\"owner\": \"Antonia Dicki\"}',3,'2015-07-20 08:54:49','2021-03-18 23:01:31'),(193,38,'https://dropbox.com/vk/application/vnd.sun.xml.writer.global.png',23469,'{\"owner\": \"Roger Rice\"}',3,'2014-05-20 12:05:02','2021-03-18 23:01:31'),(194,68,'https://dropbox.com/vk/application/vnd.dece.zip.wav',20396,'{\"owner\": \"Herminia Williamson\"}',1,'2020-01-01 06:57:18','2021-03-18 23:01:31'),(195,79,'https://dropbox.com/vk/application/javascript.avi',25504,'{\"owner\": \"Magdalen Denesik\"}',2,'2019-12-17 03:02:16','2021-03-18 23:01:31'),(196,100,'https://dropbox.com/vk/application/vnd.sun.xml.calc.template.mpeg',16986,'{\"owner\": \"Cesar Ebert\"}',3,'2019-08-05 07:15:29','2021-03-18 23:01:31'),(197,80,'https://dropbox.com/vk/application/vnd.rn-realmedia.jpeg',19125,'{\"owner\": \"Herbert Hermiston\"}',3,'2020-04-13 10:27:24','2021-03-18 23:01:31'),(198,43,'https://dropbox.com/vk/application/x-ms-wmz.png',13424,'{\"owner\": \"Quincy Gibson\"}',3,'2019-08-14 09:07:27','2021-03-18 23:01:31'),(199,82,'https://dropbox.com/vk/application/vnd.sus-calendar.wav',28565,'{\"owner\": \"Ryley Corwin\"}',1,'2018-06-28 13:58:58','2021-03-18 23:01:31'),(200,99,'https://dropbox.com/vk/application/vnd.ibm.secure-container.wav',18817,'{\"owner\": \"Timmy Schoen\"}',1,'2013-11-23 01:13:15','2021-03-18 23:01:31'),(201,18,'https://dropbox.com/vk/image/cgm.avi',19109,'{\"owner\": \"Hulda Pollich\"}',2,'2014-12-20 16:04:24','2021-03-18 23:01:31'),(202,21,'https://dropbox.com/vk/application/x-chess-pgn.jpeg',10806,'{\"owner\": \"Gregorio Stiedemann\"}',3,'2020-02-02 16:01:39','2021-03-18 23:01:31'),(203,87,'https://dropbox.com/vk/image/bmp.mpeg',28399,'{\"owner\": \"Bradford Greenholt\"}',3,'2019-01-03 10:21:29','2021-03-18 23:01:31'),(204,53,'https://dropbox.com/vk/application/vnd.openxmlformats-officedocument.presentationml.template.png',18000,'{\"owner\": \"Myrtis Shanahan\"}',3,'2015-09-28 20:58:46','2021-03-18 23:01:31'),(205,8,'https://dropbox.com/vk/video/ogg.png',24539,'{\"owner\": \"Travis Kiehn\"}',3,'2014-10-22 16:27:02','2021-03-18 23:01:31'),(206,95,'https://dropbox.com/vk/application/vnd.syncml.dm+wbxml.mpeg',11928,'{\"owner\": \"April Adams\"}',3,'2012-06-10 20:00:06','2021-03-18 23:01:31'),(207,7,'https://dropbox.com/vk/video/x-ms-wmx.mpeg',18187,'{\"owner\": \"Norberto Lakin\"}',3,'2020-01-16 16:14:11','2021-03-18 23:01:31'),(208,93,'https://dropbox.com/vk/application/vnd.llamagraphics.life-balance.exchange+xml.mpeg',19289,'{\"owner\": \"Sister Wolff\"}',3,'2020-05-08 10:29:37','2021-03-18 23:01:31'),(209,1,'https://dropbox.com/vk/application/x-bzip.avi',13630,'{\"owner\": \"Josephine Rohan\"}',2,'2013-03-04 04:07:15','2021-03-18 23:01:31'),(210,38,'https://dropbox.com/vk/audio/basic.avi',14708,'{\"owner\": \"Roger Rice\"}',2,'2020-01-12 17:03:09','2021-03-18 23:01:31'),(211,82,'https://dropbox.com/vk/video/x-fli.wav',27553,'{\"owner\": \"Ryley Corwin\"}',1,'2015-08-13 20:27:20','2021-03-18 23:01:31'),(212,87,'https://dropbox.com/vk/application/pgp-signature.mpeg',16281,'{\"owner\": \"Bradford Greenholt\"}',3,'2020-11-07 16:06:40','2021-03-18 23:01:31'),(213,11,'https://dropbox.com/vk/application/jsonml+json.png',28953,'{\"owner\": \"Laurine Boyer\"}',3,'2011-05-09 19:54:48','2021-03-18 23:01:31'),(214,14,'https://dropbox.com/vk/model/vrml.avi',14763,'{\"owner\": \"Brennan Tromp\"}',2,'2016-12-29 22:45:06','2021-03-18 23:01:31'),(215,72,'https://dropbox.com/vk/application/mets+xml.jpeg',15440,'{\"owner\": \"Jabari Kling\"}',3,'2015-04-16 03:07:38','2021-03-18 23:01:31'),(216,98,'https://dropbox.com/vk/application/java-vm.mpeg',23579,'{\"owner\": \"Loyal Batz\"}',3,'2015-08-19 14:40:15','2021-03-18 23:01:31'),(217,32,'https://dropbox.com/vk/text/x-fortran.png',12154,'{\"owner\": \"Hoyt Rosenbaum\"}',3,'2016-02-15 14:17:29','2021-03-18 23:01:31'),(218,45,'https://dropbox.com/vk/image/x-xwindowdump.png',17484,'{\"owner\": \"Alva Kling\"}',3,'2017-10-22 16:56:38','2021-03-18 23:01:31'),(219,47,'https://dropbox.com/vk/application/x-director.jpeg',25312,'{\"owner\": \"Alexandro Ortiz\"}',3,'2020-09-17 11:02:34','2021-03-18 23:01:31'),(220,28,'https://dropbox.com/vk/application/vnd.shana.informed.formtemplate.wav',10910,'{\"owner\": \"Luigi VonRueden\"}',1,'2018-11-20 21:29:38','2021-03-18 23:01:31'),(221,76,'https://dropbox.com/vk/image/vnd.dece.graphic.png',14006,'{\"owner\": \"Franco Marquardt\"}',3,'2019-12-26 13:56:33','2021-03-18 23:01:31'),(222,23,'https://dropbox.com/vk/application/vnd.smaf.png',23802,'{\"owner\": \"Loyce Daniel\"}',3,'2018-10-07 21:28:27','2021-03-18 23:01:31'),(223,6,'https://dropbox.com/vk/application/x-iso9660-image.mpeg',28764,'{\"owner\": \"Madge Haley\"}',3,'2015-07-26 17:12:51','2021-03-18 23:01:31'),(224,63,'https://dropbox.com/vk/audio/webm.mpeg',21760,'{\"owner\": \"Vallie Rau\"}',3,'2015-08-26 22:20:37','2021-03-18 23:01:31'),(225,73,'https://dropbox.com/vk/video/h263.jpeg',10206,'{\"owner\": \"Kennedy Lueilwitz\"}',3,'2019-03-30 13:06:48','2021-03-18 23:01:31'),(226,17,'https://dropbox.com/vk/application/vnd.rim.cod.png',13907,'{\"owner\": \"Edmund Klein\"}',3,'2013-02-19 21:21:46','2021-03-18 23:01:31'),(227,30,'https://dropbox.com/vk/application/vnd.ms-word.document.macroenabled.12.png',13678,'{\"owner\": \"Ramona Rogahn\"}',3,'2011-10-10 18:33:56','2021-03-18 23:01:31'),(228,10,'https://dropbox.com/vk/application/vnd.iccprofile.mpeg',18295,'{\"owner\": \"Keara Heathcote\"}',3,'2019-05-04 02:22:40','2021-03-18 23:01:31'),(229,65,'https://dropbox.com/vk/application/vnd.realvnc.bed.jpeg',28864,'{\"owner\": \"Sigurd Anderson\"}',3,'2019-05-19 04:35:00','2021-03-18 23:01:31'),(230,95,'https://dropbox.com/vk/application/vnd.oasis.opendocument.chart-template.avi',28350,'{\"owner\": \"April Adams\"}',2,'2014-09-10 18:22:00','2021-03-18 23:01:31'),(231,17,'https://dropbox.com/vk/image/vnd.ms-photo.mpeg',12199,'{\"owner\": \"Edmund Klein\"}',3,'2018-04-13 16:29:41','2021-03-18 23:01:31'),(232,16,'https://dropbox.com/vk/application/vnd.oasis.opendocument.database.wav',12251,'{\"owner\": \"Jedidiah Mann\"}',1,'2017-04-18 10:59:10','2021-03-18 23:01:31'),(233,18,'https://dropbox.com/vk/application/x-tar.jpeg',11624,'{\"owner\": \"Hulda Pollich\"}',3,'2019-11-19 06:59:50','2021-03-18 23:01:31'),(234,100,'https://dropbox.com/vk/application/vnd.shana.informed.formdata.jpeg',27534,'{\"owner\": \"Cesar Ebert\"}',3,'2017-12-02 21:31:38','2021-03-18 23:01:31'),(235,3,'https://dropbox.com/vk/application/x-msmediaview.jpeg',28216,'{\"owner\": \"Adam Bogisich\"}',3,'2015-12-08 16:55:29','2021-03-18 23:01:31'),(236,23,'https://dropbox.com/vk/video/x-f4v.jpeg',11215,'{\"owner\": \"Loyce Daniel\"}',3,'2017-07-21 03:44:44','2021-03-18 23:01:31'),(237,13,'https://dropbox.com/vk/text/prs.lines.tag.png',16858,'{\"owner\": \"Mabelle Heidenreich\"}',3,'2017-09-24 08:43:03','2021-03-18 23:01:31'),(238,92,'https://dropbox.com/vk/application/vnd.openofficeorg.extension.mpeg',15145,'{\"owner\": \"Rossie Lindgren\"}',3,'2014-04-07 00:27:15','2021-03-18 23:01:31'),(239,67,'https://dropbox.com/vk/image/gif.wav',26877,'{\"owner\": \"Will Gislason\"}',1,'2012-08-05 12:00:08','2021-03-18 23:01:31'),(240,20,'https://dropbox.com/vk/audio/x-flac.jpeg',26403,'{\"owner\": \"Herminia Hessel\"}',3,'2015-11-03 20:10:51','2021-03-18 23:01:31'),(241,76,'https://dropbox.com/vk/application/x-t3vm-image.jpeg',28010,'{\"owner\": \"Franco Marquardt\"}',3,'2016-07-01 09:11:30','2021-03-18 23:01:31'),(242,49,'https://dropbox.com/vk/application/vnd.ms-cab-compressed.wav',19487,'{\"owner\": \"Jaycee Kunze\"}',1,'2016-09-14 17:42:13','2021-03-18 23:01:31'),(243,77,'https://dropbox.com/vk/application/vnd.uoml+xml.wav',12054,'{\"owner\": \"Sedrick Kohler\"}',1,'2012-07-07 01:18:52','2021-03-18 23:01:31'),(244,87,'https://dropbox.com/vk/application/pgp-encrypted.png',14722,'{\"owner\": \"Bradford Greenholt\"}',3,'2020-03-16 09:31:37','2021-03-18 23:01:31'),(245,54,'https://dropbox.com/vk/application/vnd.stepmania.stepchart.png',22637,'{\"owner\": \"Miles Pfeffer\"}',3,'2018-11-16 14:14:52','2021-03-18 23:01:31'),(246,58,'https://dropbox.com/vk/application/x-tar.jpeg',19657,'{\"owner\": \"Madaline Prosacco\"}',3,'2020-06-18 07:26:10','2021-03-18 23:01:31'),(247,63,'https://dropbox.com/vk/application/vnd.adobe.xdp+xml.wav',18641,'{\"owner\": \"Vallie Rau\"}',1,'2019-02-04 12:30:18','2021-03-18 23:01:31'),(248,56,'https://dropbox.com/vk/application/vnd.tcpdump.pcap.png',23658,'{\"owner\": \"Priscilla Lowe\"}',3,'2019-12-03 22:21:17','2021-03-18 23:01:31'),(249,73,'https://dropbox.com/vk/image/vnd.dece.graphic.wav',18583,'{\"owner\": \"Kennedy Lueilwitz\"}',1,'2019-12-25 06:59:24','2021-03-18 23:01:31'),(250,26,'https://dropbox.com/vk/application/ecmascript.mpeg',19305,'{\"owner\": \"Sabryna Ondricka\"}',3,'2019-01-14 16:17:42','2021-03-18 23:01:31'),(251,8,'https://dropbox.com/vk/application/vnd.openofficeorg.extension.mpeg',16203,'{\"owner\": \"Travis Kiehn\"}',3,'2013-06-13 10:58:49','2021-03-18 23:01:31'),(252,28,'https://dropbox.com/vk/image/vnd.fujixerox.edmics-mmr.mpeg',23478,'{\"owner\": \"Luigi VonRueden\"}',3,'2016-08-19 12:31:57','2021-03-18 23:01:31'),(253,53,'https://dropbox.com/vk/application/atom+xml.mpeg',14270,'{\"owner\": \"Myrtis Shanahan\"}',3,'2012-06-19 21:17:05','2021-03-18 23:01:31'),(254,49,'https://dropbox.com/vk/application/x-glulx.mpeg',23645,'{\"owner\": \"Jaycee Kunze\"}',3,'2016-11-07 11:58:34','2021-03-18 23:01:31'),(255,82,'https://dropbox.com/vk/audio/basic.png',21009,'{\"owner\": \"Ryley Corwin\"}',3,'2020-06-23 16:40:38','2021-03-18 23:01:31'),(256,100,'https://dropbox.com/vk/text/x-vcalendar.jpeg',18579,'{\"owner\": \"Cesar Ebert\"}',3,'2013-10-31 07:36:34','2021-03-18 23:01:31'),(257,69,'https://dropbox.com/vk/text/vnd.dvb.subtitle.jpeg',29598,'{\"owner\": \"Nettie Tremblay\"}',3,'2012-04-13 08:37:25','2021-03-18 23:01:31'),(258,72,'https://dropbox.com/vk/application/vnd.sema.wav',12358,'{\"owner\": \"Jabari Kling\"}',1,'2014-12-24 10:54:26','2021-03-18 23:01:31'),(259,76,'https://dropbox.com/vk/application/vnd.flographit.wav',26624,'{\"owner\": \"Franco Marquardt\"}',1,'2016-04-13 12:46:03','2021-03-18 23:01:31'),(260,25,'https://dropbox.com/vk/application/vnd.mseq.jpeg',14988,'{\"owner\": \"Una King\"}',3,'2011-08-09 06:25:17','2021-03-18 23:01:31'),(261,81,'https://dropbox.com/vk/application/vnd.sun.xml.draw.template.wav',13719,'{\"owner\": \"Edd Schultz\"}',1,'2017-09-28 00:43:09','2021-03-18 23:01:31'),(262,57,'https://dropbox.com/vk/text/vnd.curl.mcurl.jpeg',12577,'{\"owner\": \"Mittie Jast\"}',3,'2018-09-27 18:31:10','2021-03-18 23:01:31'),(263,90,'https://dropbox.com/vk/application/vnd.ms-excel.sheet.macroenabled.12.mpeg',19302,'{\"owner\": \"Adam McKenzie\"}',3,'2017-02-20 14:23:31','2021-03-18 23:01:31'),(264,33,'https://dropbox.com/vk/application/vnd.svd.mpeg',27340,'{\"owner\": \"Tamara Reinger\"}',3,'2013-10-18 23:00:12','2021-03-18 23:01:31'),(265,71,'https://dropbox.com/vk/application/java-vm.png',18874,'{\"owner\": \"Haylee Ebert\"}',3,'2019-07-29 22:05:38','2021-03-18 23:01:31'),(266,70,'https://dropbox.com/vk/application/zip.jpeg',29216,'{\"owner\": \"Zakary Wiegand\"}',3,'2015-05-31 18:10:23','2021-03-18 23:01:31'),(267,60,'https://dropbox.com/vk/application/x-ms-wmd.wav',15828,'{\"owner\": \"Xander Morar\"}',1,'2021-02-21 21:09:39','2021-03-18 23:01:31'),(268,57,'https://dropbox.com/vk/image/vnd.fastbidsheet.avi',17938,'{\"owner\": \"Mittie Jast\"}',2,'2018-06-30 01:39:33','2021-03-18 23:01:31'),(269,44,'https://dropbox.com/vk/text/csv.mpeg',27322,'{\"owner\": \"Roscoe Williamson\"}',3,'2012-09-15 23:10:07','2021-03-18 23:01:31'),(270,13,'https://dropbox.com/vk/text/troff.avi',25994,'{\"owner\": \"Mabelle Heidenreich\"}',2,'2012-03-31 17:01:56','2021-03-18 23:01:31'),(271,38,'https://dropbox.com/vk/application/x-ms-shortcut.jpeg',19937,'{\"owner\": \"Roger Rice\"}',3,'2020-12-01 05:29:24','2021-03-18 23:01:31'),(272,7,'https://dropbox.com/vk/audio/x-matroska.jpeg',21767,'{\"owner\": \"Norberto Lakin\"}',3,'2019-01-17 04:12:59','2021-03-18 23:01:31'),(273,75,'https://dropbox.com/vk/application/vnd.kde.kspread.jpeg',15434,'{\"owner\": \"Americo DuBuque\"}',3,'2017-06-12 20:16:19','2021-03-18 23:01:31'),(274,74,'https://dropbox.com/vk/application/vnd.dece.ttml+xml.png',11629,'{\"owner\": \"Ethel Quigley\"}',3,'2020-04-12 19:52:32','2021-03-18 23:01:31'),(275,21,'https://dropbox.com/vk/application/msword.wav',21857,'{\"owner\": \"Gregorio Stiedemann\"}',1,'2012-10-28 10:24:26','2021-03-18 23:01:31'),(276,58,'https://dropbox.com/vk/application/vnd.hydrostatix.sof-data.mpeg',28585,'{\"owner\": \"Madaline Prosacco\"}',3,'2013-01-20 20:01:28','2021-03-18 23:01:31'),(277,91,'https://dropbox.com/vk/application/vnd.oasis.opendocument.formula.jpeg',12626,'{\"owner\": \"Franco Rempel\"}',3,'2019-06-30 00:05:32','2021-03-18 23:01:31'),(278,51,'https://dropbox.com/vk/application/vnd.epson.ssf.mpeg',15432,'{\"owner\": \"Nikita Marvin\"}',3,'2012-03-29 03:55:58','2021-03-18 23:01:31'),(279,98,'https://dropbox.com/vk/application/vnd.kodak-descriptor.avi',20971,'{\"owner\": \"Loyal Batz\"}',2,'2012-11-25 14:45:12','2021-03-18 23:01:31'),(280,34,'https://dropbox.com/vk/application/vnd.vcx.jpeg',18958,'{\"owner\": \"Richmond Kris\"}',3,'2016-05-28 04:34:22','2021-03-18 23:01:31'),(281,52,'https://dropbox.com/vk/image/vnd.xiff.mpeg',11511,'{\"owner\": \"Jerome Feil\"}',3,'2016-07-03 23:08:38','2021-03-18 23:01:31'),(282,65,'https://dropbox.com/vk/application/vnd.lotus-screencam.wav',24557,'{\"owner\": \"Sigurd Anderson\"}',1,'2018-05-31 10:15:16','2021-03-18 23:01:31'),(283,56,'https://dropbox.com/vk/application/pkixcmp.mpeg',18289,'{\"owner\": \"Priscilla Lowe\"}',3,'2019-05-02 05:29:20','2021-03-18 23:01:31'),(284,61,'https://dropbox.com/vk/application/epub+zip.mpeg',12561,'{\"owner\": \"Hershel Rogahn\"}',3,'2011-04-23 04:28:16','2021-03-18 23:01:31'),(285,60,'https://dropbox.com/vk/application/x-msclip.wav',20293,'{\"owner\": \"Xander Morar\"}',1,'2018-07-20 22:40:13','2021-03-18 23:01:31'),(286,19,'https://dropbox.com/vk/application/vnd.oasis.opendocument.text.wav',29519,'{\"owner\": \"Demario Nitzsche\"}',1,'2020-11-13 00:50:42','2021-03-18 23:01:31'),(287,20,'https://dropbox.com/vk/application/x-lzh-compressed.mpeg',28049,'{\"owner\": \"Herminia Hessel\"}',3,'2018-06-03 20:54:07','2021-03-18 23:01:31'),(288,93,'https://dropbox.com/vk/application/vnd.dece.unspecified.avi',18769,'{\"owner\": \"Sister Wolff\"}',2,'2014-11-19 11:16:14','2021-03-18 23:01:31'),(289,19,'https://dropbox.com/vk/image/vnd.wap.wbmp.png',23837,'{\"owner\": \"Demario Nitzsche\"}',3,'2019-10-06 14:40:28','2021-03-18 23:01:31'),(290,95,'https://dropbox.com/vk/audio/x-flac.mpeg',15201,'{\"owner\": \"April Adams\"}',3,'2019-08-08 02:59:40','2021-03-18 23:01:31'),(291,28,'https://dropbox.com/vk/application/vnd.sun.xml.writer.template.wav',29672,'{\"owner\": \"Luigi VonRueden\"}',1,'2013-10-13 17:02:39','2021-03-18 23:01:31'),(292,59,'https://dropbox.com/vk/application/x-sv4crc.jpeg',14739,'{\"owner\": \"Gonzalo Ratke\"}',3,'2020-04-12 05:04:06','2021-03-18 23:01:31'),(293,65,'https://dropbox.com/vk/application/vnd.tmobile-livetv.wav',20930,'{\"owner\": \"Sigurd Anderson\"}',1,'2021-01-27 23:43:34','2021-03-18 23:01:31'),(294,52,'https://dropbox.com/vk/audio/vnd.dece.audio.png',17857,'{\"owner\": \"Jerome Feil\"}',3,'2018-12-09 23:22:04','2021-03-18 23:01:31'),(295,4,'https://dropbox.com/vk/application/vnd.trueapp.wav',20724,'{\"owner\": \"Loyce Becker\"}',1,'2019-09-06 07:05:47','2021-03-18 23:01:31'),(296,76,'https://dropbox.com/vk/application/x-wais-source.mpeg',22956,'{\"owner\": \"Franco Marquardt\"}',3,'2011-07-04 10:21:59','2021-03-18 23:01:31'),(297,81,'https://dropbox.com/vk/application/vnd.lotus-1-2-3.png',15674,'{\"owner\": \"Edd Schultz\"}',3,'2014-09-14 12:38:16','2021-03-18 23:01:31'),(298,71,'https://dropbox.com/vk/application/vnd.sun.xml.writer.wav',28654,'{\"owner\": \"Haylee Ebert\"}',1,'2020-11-05 17:01:37','2021-03-18 23:01:31'),(299,23,'https://dropbox.com/vk/video/jpeg.wav',12160,'{\"owner\": \"Loyce Daniel\"}',1,'2015-07-27 05:36:09','2021-03-18 23:01:31'),(300,42,'https://dropbox.com/vk/image/vnd.dxf.jpeg',29970,'{\"owner\": \"Cora Ledner\"}',3,'2013-02-20 02:33:33','2021-03-18 23:01:31'),(301,12,'https://dropbox.com/vk/application/x-ms-shortcut.wav',27632,'{\"owner\": \"Abigail Flatley\"}',1,'2017-09-14 04:46:50','2021-03-18 23:01:31'),(302,43,'https://dropbox.com/vk/application/vnd.sema.wav',29534,'{\"owner\": \"Quincy Gibson\"}',1,'2015-11-29 19:42:20','2021-03-18 23:01:31'),(303,33,'https://dropbox.com/vk/video/jpm.wav',26867,'{\"owner\": \"Tamara Reinger\"}',1,'2019-04-02 19:48:14','2021-03-18 23:01:31'),(304,10,'https://dropbox.com/vk/application/vnd.recordare.musicxml.jpeg',15024,'{\"owner\": \"Keara Heathcote\"}',3,'2017-04-24 14:23:36','2021-03-18 23:01:31'),(305,59,'https://dropbox.com/vk/application/pgp-signature.avi',12612,'{\"owner\": \"Gonzalo Ratke\"}',2,'2018-09-25 15:27:51','2021-03-18 23:01:31'),(306,21,'https://dropbox.com/vk/application/pls+xml.jpeg',28111,'{\"owner\": \"Gregorio Stiedemann\"}',3,'2012-01-05 08:17:38','2021-03-18 23:01:31'),(307,100,'https://dropbox.com/vk/application/x-ms-application.png',29844,'{\"owner\": \"Cesar Ebert\"}',3,'2015-12-09 03:12:00','2021-03-18 23:01:31'),(308,14,'https://dropbox.com/vk/audio/x-ms-wax.avi',25960,'{\"owner\": \"Brennan Tromp\"}',2,'2018-05-24 07:07:09','2021-03-18 23:01:31'),(309,63,'https://dropbox.com/vk/application/wsdl+xml.avi',10477,'{\"owner\": \"Vallie Rau\"}',2,'2017-01-26 18:41:42','2021-03-18 23:01:31'),(310,11,'https://dropbox.com/vk/audio/midi.avi',26450,'{\"owner\": \"Laurine Boyer\"}',2,'2015-04-30 10:25:52','2021-03-18 23:01:31'),(311,45,'https://dropbox.com/vk/application/vnd.ezpix-package.wav',25656,'{\"owner\": \"Alva Kling\"}',1,'2016-08-31 12:40:55','2021-03-18 23:01:31'),(312,28,'https://dropbox.com/vk/audio/x-pn-realaudio-plugin.wav',27516,'{\"owner\": \"Luigi VonRueden\"}',1,'2016-09-22 14:56:25','2021-03-18 23:01:31'),(313,25,'https://dropbox.com/vk/model/vnd.collada+xml.wav',25577,'{\"owner\": \"Una King\"}',1,'2013-10-22 01:57:32','2021-03-18 23:01:31'),(314,14,'https://dropbox.com/vk/application/vnd.epson.salt.png',18236,'{\"owner\": \"Brennan Tromp\"}',3,'2015-04-06 06:08:55','2021-03-18 23:01:31'),(315,71,'https://dropbox.com/vk/video/x-msvideo.jpeg',12241,'{\"owner\": \"Haylee Ebert\"}',3,'2020-06-21 23:37:09','2021-03-18 23:01:31'),(316,64,'https://dropbox.com/vk/application/x-sh.mpeg',19094,'{\"owner\": \"Faye Glover\"}',3,'2012-04-07 14:04:21','2021-03-18 23:01:31'),(317,85,'https://dropbox.com/vk/text/plain.mpeg',20867,'{\"owner\": \"Reina Glover\"}',3,'2012-11-01 06:38:09','2021-03-18 23:01:31'),(318,56,'https://dropbox.com/vk/application/x-conference.avi',27906,'{\"owner\": \"Priscilla Lowe\"}',2,'2012-11-18 08:15:49','2021-03-18 23:01:31'),(319,6,'https://dropbox.com/vk/text/vcard.avi',26850,'{\"owner\": \"Madge Haley\"}',2,'2020-01-30 15:51:15','2021-03-18 23:01:31'),(320,41,'https://dropbox.com/vk/application/vnd.llamagraphics.life-balance.exchange+xml.jpeg',14821,'{\"owner\": \"Gerardo Hamill\"}',3,'2021-01-31 02:43:42','2021-03-18 23:01:31'),(321,66,'https://dropbox.com/vk/application/mp4.avi',22123,'{\"owner\": \"Janet Crona\"}',2,'2011-11-28 02:59:05','2021-03-18 23:01:31'),(322,1,'https://dropbox.com/vk/application/rdf+xml.mpeg',16718,'{\"owner\": \"Josephine Rohan\"}',3,'2018-12-17 03:07:43','2021-03-18 23:01:31'),(323,76,'https://dropbox.com/vk/application/vnd.kde.kchart.wav',12431,'{\"owner\": \"Franco Marquardt\"}',1,'2020-07-17 01:50:54','2021-03-18 23:01:31'),(324,91,'https://dropbox.com/vk/application/vnd.ms-xpsdocument.avi',25524,'{\"owner\": \"Franco Rempel\"}',2,'2016-12-01 17:18:50','2021-03-18 23:01:31'),(325,18,'https://dropbox.com/vk/application/xspf+xml.jpeg',28403,'{\"owner\": \"Hulda Pollich\"}',3,'2019-11-14 03:45:13','2021-03-18 23:01:31'),(326,87,'https://dropbox.com/vk/application/vnd.dece.ttml+xml.png',23190,'{\"owner\": \"Bradford Greenholt\"}',3,'2015-02-12 23:37:11','2021-03-18 23:01:31'),(327,32,'https://dropbox.com/vk/application/vnd.semd.mpeg',28177,'{\"owner\": \"Hoyt Rosenbaum\"}',3,'2017-12-10 17:10:10','2021-03-18 23:01:31'),(328,86,'https://dropbox.com/vk/application/vnd.sun.xml.writer.mpeg',15450,'{\"owner\": \"Donny Marvin\"}',3,'2020-03-20 06:13:00','2021-03-18 23:01:31'),(329,70,'https://dropbox.com/vk/application/x-xfig.avi',10097,'{\"owner\": \"Zakary Wiegand\"}',2,'2019-09-18 08:10:11','2021-03-18 23:01:31'),(330,45,'https://dropbox.com/vk/video/jpeg.mpeg',11213,'{\"owner\": \"Alva Kling\"}',3,'2018-12-02 01:22:42','2021-03-18 23:01:31'),(331,22,'https://dropbox.com/vk/application/vnd.dolby.mlp.jpeg',24254,'{\"owner\": \"Ana Bogan\"}',3,'2017-12-13 14:51:40','2021-03-18 23:01:31'),(332,57,'https://dropbox.com/vk/application/vnd.lotus-freelance.wav',23166,'{\"owner\": \"Mittie Jast\"}',1,'2017-10-19 19:32:08','2021-03-18 23:01:31'),(333,70,'https://dropbox.com/vk/application/vnd.sun.xml.writer.global.avi',25541,'{\"owner\": \"Zakary Wiegand\"}',2,'2018-02-26 15:06:04','2021-03-18 23:01:31'),(334,93,'https://dropbox.com/vk/application/vnd.ms-word.template.macroenabled.12.jpeg',22869,'{\"owner\": \"Sister Wolff\"}',3,'2014-01-20 18:05:23','2021-03-18 23:01:31'),(335,87,'https://dropbox.com/vk/image/x-pict.mpeg',28213,'{\"owner\": \"Bradford Greenholt\"}',3,'2013-02-07 04:13:18','2021-03-18 23:01:31'),(336,6,'https://dropbox.com/vk/application/vnd.ms-powerpoint.presentation.macroenabled.12.jpeg',20983,'{\"owner\": \"Madge Haley\"}',3,'2020-09-20 14:19:50','2021-03-18 23:01:31'),(337,78,'https://dropbox.com/vk/application/vnd.flographit.mpeg',22186,'{\"owner\": \"Jacinto Nitzsche\"}',3,'2013-05-02 08:32:31','2021-03-18 23:01:31'),(338,8,'https://dropbox.com/vk/application/x-dgc-compressed.avi',26360,'{\"owner\": \"Travis Kiehn\"}',2,'2020-12-27 00:42:29','2021-03-18 23:01:31'),(339,93,'https://dropbox.com/vk/application/sbml+xml.wav',26253,'{\"owner\": \"Sister Wolff\"}',1,'2014-06-09 08:17:57','2021-03-18 23:01:31'),(340,30,'https://dropbox.com/vk/application/vnd.dece.unspecified.mpeg',22522,'{\"owner\": \"Ramona Rogahn\"}',3,'2011-06-13 03:25:28','2021-03-18 23:01:31'),(341,34,'https://dropbox.com/vk/application/vnd.wqd.wav',29440,'{\"owner\": \"Richmond Kris\"}',1,'2016-07-01 15:13:50','2021-03-18 23:01:31'),(342,32,'https://dropbox.com/vk/application/vnd.sun.xml.math.png',10792,'{\"owner\": \"Hoyt Rosenbaum\"}',3,'2017-07-16 05:49:07','2021-03-18 23:01:31'),(343,44,'https://dropbox.com/vk/application/x-futuresplash.wav',16536,'{\"owner\": \"Roscoe Williamson\"}',1,'2017-01-26 17:24:48','2021-03-18 23:01:31'),(344,97,'https://dropbox.com/vk/message/rfc822.mpeg',28354,'{\"owner\": \"Everett Keeling\"}',3,'2019-12-31 00:32:45','2021-03-18 23:01:31'),(345,65,'https://dropbox.com/vk/text/vnd.fly.avi',18037,'{\"owner\": \"Sigurd Anderson\"}',2,'2020-06-23 07:52:05','2021-03-18 23:01:31'),(346,14,'https://dropbox.com/vk/application/vnd.ms-powerpoint.slideshow.macroenabled.12.jpeg',27227,'{\"owner\": \"Brennan Tromp\"}',3,'2014-12-21 23:16:16','2021-03-18 23:01:31'),(347,8,'https://dropbox.com/vk/application/winhlp.jpeg',24202,'{\"owner\": \"Travis Kiehn\"}',3,'2011-05-08 18:17:30','2021-03-18 23:01:31'),(348,17,'https://dropbox.com/vk/image/prs.btif.avi',17669,'{\"owner\": \"Edmund Klein\"}',2,'2018-04-04 02:42:47','2021-03-18 23:01:31'),(349,36,'https://dropbox.com/vk/image/svg+xml.jpeg',26839,'{\"owner\": \"Amber Will\"}',3,'2011-04-08 09:14:14','2021-03-18 23:01:31'),(350,86,'https://dropbox.com/vk/application/vnd.svd.mpeg',13705,'{\"owner\": \"Donny Marvin\"}',3,'2015-06-12 05:21:44','2021-03-18 23:01:31'),(351,93,'https://dropbox.com/vk/application/vnd.ms-excel.sheet.macroenabled.12.avi',18240,'{\"owner\": \"Sister Wolff\"}',2,'2013-04-16 16:54:39','2021-03-18 23:01:31'),(352,28,'https://dropbox.com/vk/video/jpm.mpeg',16360,'{\"owner\": \"Luigi VonRueden\"}',3,'2012-04-20 14:09:05','2021-03-18 23:01:31'),(353,71,'https://dropbox.com/vk/image/x-pcx.jpeg',27243,'{\"owner\": \"Haylee Ebert\"}',3,'2020-11-24 00:02:15','2021-03-18 23:01:31'),(354,92,'https://dropbox.com/vk/application/x-zmachine.mpeg',22692,'{\"owner\": \"Rossie Lindgren\"}',3,'2020-09-24 05:08:50','2021-03-18 23:01:31'),(355,15,'https://dropbox.com/vk/application/vnd.ms-xpsdocument.wav',20702,'{\"owner\": \"Annalise Cruickshank\"}',1,'2017-03-01 21:24:32','2021-03-18 23:01:31'),(356,59,'https://dropbox.com/vk/application/vnd.ms-powerpoint.template.macroenabled.12.mpeg',26106,'{\"owner\": \"Gonzalo Ratke\"}',3,'2015-09-06 19:52:38','2021-03-18 23:01:31'),(357,32,'https://dropbox.com/vk/application/x-gtar.avi',11693,'{\"owner\": \"Hoyt Rosenbaum\"}',2,'2017-10-01 09:49:13','2021-03-18 23:01:31'),(358,40,'https://dropbox.com/vk/video/x-ms-wvx.png',25592,'{\"owner\": \"Justus Lynch\"}',3,'2014-10-21 01:15:58','2021-03-18 23:01:31'),(359,55,'https://dropbox.com/vk/application/vnd.visio.avi',29464,'{\"owner\": \"Raquel Kling\"}',2,'2016-05-02 11:01:49','2021-03-18 23:01:31'),(360,50,'https://dropbox.com/vk/video/mj2.mpeg',15150,'{\"owner\": \"Beryl Ward\"}',3,'2017-02-09 16:13:35','2021-03-18 23:01:31'),(361,21,'https://dropbox.com/vk/application/rtf.avi',21969,'{\"owner\": \"Gregorio Stiedemann\"}',2,'2011-04-12 15:00:37','2021-03-18 23:01:31'),(362,13,'https://dropbox.com/vk/application/x-stuffitx.mpeg',11941,'{\"owner\": \"Mabelle Heidenreich\"}',3,'2013-08-02 02:32:01','2021-03-18 23:01:31'),(363,89,'https://dropbox.com/vk/application/vnd.lotus-freelance.jpeg',27962,'{\"owner\": \"Isabell Kuhn\"}',3,'2015-09-20 11:48:10','2021-03-18 23:01:31'),(364,74,'https://dropbox.com/vk/application/vnd.sun.xml.writer.template.mpeg',20898,'{\"owner\": \"Ethel Quigley\"}',3,'2020-05-05 05:22:50','2021-03-18 23:01:31'),(365,4,'https://dropbox.com/vk/application/vnd.quark.quarkxpress.avi',27599,'{\"owner\": \"Loyce Becker\"}',2,'2016-06-28 11:24:50','2021-03-18 23:01:31'),(366,80,'https://dropbox.com/vk/application/x-msclip.png',11372,'{\"owner\": \"Herbert Hermiston\"}',3,'2018-08-24 00:26:04','2021-03-18 23:01:31'),(367,47,'https://dropbox.com/vk/model/vnd.gtw.png',10562,'{\"owner\": \"Alexandro Ortiz\"}',3,'2013-07-19 18:32:19','2021-03-18 23:01:31'),(368,88,'https://dropbox.com/vk/application/vnd.xara.wav',11232,'{\"owner\": \"Michel Abshire\"}',1,'2015-05-31 07:48:57','2021-03-18 23:01:31'),(369,7,'https://dropbox.com/vk/application/vnd.dece.unspecified.mpeg',17423,'{\"owner\": \"Norberto Lakin\"}',3,'2011-10-09 05:35:36','2021-03-18 23:01:31'),(370,22,'https://dropbox.com/vk/text/vnd.curl.mcurl.avi',29717,'{\"owner\": \"Ana Bogan\"}',2,'2012-12-18 08:05:55','2021-03-18 23:01:31'),(371,5,'https://dropbox.com/vk/application/rtf.wav',24911,'{\"owner\": \"Brook McCullough\"}',1,'2016-12-07 01:24:05','2021-03-18 23:01:31'),(372,74,'https://dropbox.com/vk/application/x-hdf.wav',15515,'{\"owner\": \"Ethel Quigley\"}',1,'2014-11-19 03:04:55','2021-03-18 23:01:31'),(373,9,'https://dropbox.com/vk/application/vnd.oasis.opendocument.text.png',22041,'{\"owner\": \"Caroline Bernhard\"}',3,'2015-11-13 00:11:50','2021-03-18 23:01:31'),(374,65,'https://dropbox.com/vk/audio/basic.jpeg',11888,'{\"owner\": \"Sigurd Anderson\"}',3,'2015-02-11 20:44:35','2021-03-18 23:01:31'),(375,51,'https://dropbox.com/vk/text/x-opml.mpeg',27179,'{\"owner\": \"Nikita Marvin\"}',3,'2020-08-08 19:48:53','2021-03-18 23:01:31'),(376,93,'https://dropbox.com/vk/application/vnd.ahead.space.wav',25106,'{\"owner\": \"Sister Wolff\"}',1,'2016-01-12 03:31:15','2021-03-18 23:01:31'),(377,58,'https://dropbox.com/vk/application/java-vm.jpeg',29259,'{\"owner\": \"Madaline Prosacco\"}',3,'2020-08-10 21:14:46','2021-03-18 23:01:31'),(378,15,'https://dropbox.com/vk/video/x-ms-vob.avi',21325,'{\"owner\": \"Annalise Cruickshank\"}',2,'2017-06-11 09:12:27','2021-03-18 23:01:31'),(379,89,'https://dropbox.com/vk/application/vnd.kde.kformula.mpeg',26078,'{\"owner\": \"Isabell Kuhn\"}',3,'2011-09-16 03:11:33','2021-03-18 23:01:31'),(380,20,'https://dropbox.com/vk/application/emma+xml.wav',23736,'{\"owner\": \"Herminia Hessel\"}',1,'2018-11-10 18:40:47','2021-03-18 23:01:31'),(381,74,'https://dropbox.com/vk/application/vnd.openxmlformats-officedocument.wordprocessingml.template.avi',11540,'{\"owner\": \"Ethel Quigley\"}',2,'2016-09-21 02:58:10','2021-03-18 23:01:31'),(382,22,'https://dropbox.com/vk/image/png.mpeg',19450,'{\"owner\": \"Ana Bogan\"}',3,'2015-06-26 21:09:45','2021-03-18 23:01:31'),(383,14,'https://dropbox.com/vk/application/vnd.oasis.opendocument.text-template.wav',20614,'{\"owner\": \"Brennan Tromp\"}',1,'2017-05-13 06:42:55','2021-03-18 23:01:31'),(384,27,'https://dropbox.com/vk/application/mathml+xml.png',10635,'{\"owner\": \"Laurel Braun\"}',3,'2011-08-15 12:05:28','2021-03-18 23:01:31'),(385,92,'https://dropbox.com/vk/video/x-flv.avi',11051,'{\"owner\": \"Rossie Lindgren\"}',2,'2017-08-11 11:05:35','2021-03-18 23:01:31'),(386,74,'https://dropbox.com/vk/application/mets+xml.mpeg',28889,'{\"owner\": \"Ethel Quigley\"}',3,'2018-04-07 23:02:46','2021-03-18 23:01:31'),(387,80,'https://dropbox.com/vk/application/xcap-diff+xml.jpeg',25672,'{\"owner\": \"Herbert Hermiston\"}',3,'2018-05-28 12:35:48','2021-03-18 23:01:31'),(388,88,'https://dropbox.com/vk/application/vnd.openxmlformats-officedocument.wordprocessingml.template.avi',17888,'{\"owner\": \"Michel Abshire\"}',2,'2020-08-14 00:30:44','2021-03-18 23:01:31'),(389,33,'https://dropbox.com/vk/application/vnd.ms-word.template.macroenabled.12.png',23209,'{\"owner\": \"Tamara Reinger\"}',3,'2020-09-30 23:51:24','2021-03-18 23:01:31'),(390,39,'https://dropbox.com/vk/application/vnd.trid.tpt.jpeg',16825,'{\"owner\": \"Elissa Adams\"}',3,'2018-05-21 01:38:45','2021-03-18 23:01:31'),(391,3,'https://dropbox.com/vk/application/pkix-pkipath.jpeg',18420,'{\"owner\": \"Adam Bogisich\"}',3,'2017-09-28 11:59:09','2021-03-18 23:01:31'),(392,39,'https://dropbox.com/vk/application/java-vm.wav',20929,'{\"owner\": \"Elissa Adams\"}',1,'2018-11-30 03:22:16','2021-03-18 23:01:31'),(393,93,'https://dropbox.com/vk/application/vnd.enliven.avi',24000,'{\"owner\": \"Sister Wolff\"}',2,'2017-08-21 03:00:49','2021-03-18 23:01:31'),(394,10,'https://dropbox.com/vk/application/vnd.rig.cryptonote.mpeg',15333,'{\"owner\": \"Keara Heathcote\"}',3,'2017-05-23 03:51:00','2021-03-18 23:01:31'),(395,10,'https://dropbox.com/vk/application/vnd.oma.dd2+xml.png',15750,'{\"owner\": \"Keara Heathcote\"}',3,'2012-03-31 21:38:54','2021-03-18 23:01:31'),(396,56,'https://dropbox.com/vk/application/x-x509-ca-cert.mpeg',15888,'{\"owner\": \"Priscilla Lowe\"}',3,'2017-11-13 10:36:51','2021-03-18 23:01:31'),(397,66,'https://dropbox.com/vk/video/mpeg.jpeg',21558,'{\"owner\": \"Janet Crona\"}',3,'2013-02-16 10:06:03','2021-03-18 23:01:31'),(398,97,'https://dropbox.com/vk/text/cache-manifest.wav',22665,'{\"owner\": \"Everett Keeling\"}',1,'2018-08-13 19:44:55','2021-03-18 23:01:31'),(399,3,'https://dropbox.com/vk/application/vnd.route66.link66+xml.png',15459,'{\"owner\": \"Adam Bogisich\"}',3,'2018-12-27 16:42:04','2021-03-18 23:01:31'),(400,28,'https://dropbox.com/vk/application/vnd.triscape.mxs.avi',16315,'{\"owner\": \"Luigi VonRueden\"}',2,'2020-09-17 14:04:18','2021-03-18 23:01:31'),(401,85,'https://dropbox.com/vk/application/xcap-diff+xml.png',14010,'{\"owner\": \"Reina Glover\"}',3,'2011-05-01 07:09:25','2021-03-18 23:01:31'),(402,6,'https://dropbox.com/vk/application/x-font-type1.avi',23742,'{\"owner\": \"Madge Haley\"}',2,'2013-10-17 15:49:42','2021-03-18 23:01:31'),(403,59,'https://dropbox.com/vk/application/ogg.png',29700,'{\"owner\": \"Gonzalo Ratke\"}',3,'2014-07-17 03:03:10','2021-03-18 23:01:31'),(404,42,'https://dropbox.com/vk/image/webp.wav',14018,'{\"owner\": \"Cora Ledner\"}',1,'2011-05-22 03:30:06','2021-03-18 23:01:31'),(405,25,'https://dropbox.com/vk/image/x-rgb.avi',26664,'{\"owner\": \"Una King\"}',2,'2011-12-06 21:07:22','2021-03-18 23:01:31'),(406,29,'https://dropbox.com/vk/text/vnd.wap.wml.avi',21629,'{\"owner\": \"Kellen Senger\"}',2,'2013-09-22 08:50:49','2021-03-18 23:01:31'),(407,12,'https://dropbox.com/vk/application/x-silverlight-app.wav',23465,'{\"owner\": \"Abigail Flatley\"}',1,'2020-09-16 20:43:43','2021-03-18 23:01:31'),(408,33,'https://dropbox.com/vk/application/vnd.quark.quarkxpress.avi',12602,'{\"owner\": \"Tamara Reinger\"}',2,'2019-04-07 23:25:46','2021-03-18 23:01:31'),(409,86,'https://dropbox.com/vk/video/vnd.dece.hd.mpeg',19376,'{\"owner\": \"Donny Marvin\"}',3,'2020-04-29 04:04:46','2021-03-18 23:01:31'),(410,23,'https://dropbox.com/vk/model/x3d+binary.jpeg',10027,'{\"owner\": \"Loyce Daniel\"}',3,'2018-02-07 20:52:29','2021-03-18 23:01:31'),(411,90,'https://dropbox.com/vk/application/vnd.epson.quickanime.png',24049,'{\"owner\": \"Adam McKenzie\"}',3,'2012-02-20 02:55:57','2021-03-18 23:01:31'),(412,94,'https://dropbox.com/vk/application/vnd.shana.informed.package.png',22884,'{\"owner\": \"Antonia Dicki\"}',3,'2014-04-17 02:21:30','2021-03-18 23:01:31'),(413,79,'https://dropbox.com/vk/application/jsonml+json.mpeg',29775,'{\"owner\": \"Magdalen Denesik\"}',3,'2016-07-17 20:48:12','2021-03-18 23:01:31'),(414,39,'https://dropbox.com/vk/application/vnd.xara.mpeg',15302,'{\"owner\": \"Elissa Adams\"}',3,'2014-04-11 07:00:02','2021-03-18 23:01:31'),(415,92,'https://dropbox.com/vk/application/vnd.ezpix-package.mpeg',24802,'{\"owner\": \"Rossie Lindgren\"}',3,'2017-02-23 07:09:54','2021-03-18 23:01:31'),(416,58,'https://dropbox.com/vk/audio/ogg.avi',28784,'{\"owner\": \"Madaline Prosacco\"}',2,'2018-05-04 08:08:49','2021-03-18 23:01:31'),(417,4,'https://dropbox.com/vk/application/pgp-signature.avi',27705,'{\"owner\": \"Loyce Becker\"}',2,'2017-06-09 15:47:00','2021-03-18 23:01:31'),(418,100,'https://dropbox.com/vk/application/vnd.ms-excel.sheet.macroenabled.12.mpeg',27378,'{\"owner\": \"Cesar Ebert\"}',3,'2018-12-06 01:51:09','2021-03-18 23:01:31'),(419,91,'https://dropbox.com/vk/application/x-csh.avi',16332,'{\"owner\": \"Franco Rempel\"}',2,'2019-08-31 00:02:34','2021-03-18 23:01:31'),(420,35,'https://dropbox.com/vk/application/xproc+xml.jpeg',18035,'{\"owner\": \"Ethelyn Rau\"}',3,'2020-11-10 17:23:11','2021-03-18 23:01:31'),(421,9,'https://dropbox.com/vk/video/vnd.mpegurl.avi',24648,'{\"owner\": \"Caroline Bernhard\"}',2,'2017-04-14 12:24:06','2021-03-18 23:01:31'),(422,7,'https://dropbox.com/vk/application/vnd.ms-officetheme.jpeg',28944,'{\"owner\": \"Norberto Lakin\"}',3,'2017-03-10 19:45:45','2021-03-18 23:01:31'),(423,84,'https://dropbox.com/vk/application/x-tar.mpeg',18642,'{\"owner\": \"Brian Jones\"}',3,'2012-08-12 15:46:45','2021-03-18 23:01:31'),(424,81,'https://dropbox.com/vk/application/vnd.oasis.opendocument.chart.mpeg',14657,'{\"owner\": \"Edd Schultz\"}',3,'2021-01-06 17:26:02','2021-03-18 23:01:31'),(425,29,'https://dropbox.com/vk/application/vnd.hydrostatix.sof-data.avi',27680,'{\"owner\": \"Kellen Senger\"}',2,'2015-05-16 06:32:34','2021-03-18 23:01:31'),(426,68,'https://dropbox.com/vk/text/vnd.curl.mcurl.mpeg',19043,'{\"owner\": \"Herminia Williamson\"}',3,'2014-06-09 07:42:55','2021-03-18 23:01:31'),(427,96,'https://dropbox.com/vk/application/vnd.mseq.jpeg',28885,'{\"owner\": \"Nicolette Blick\"}',3,'2012-12-15 17:37:22','2021-03-18 23:01:31'),(428,99,'https://dropbox.com/vk/application/vnd.sun.xml.draw.template.avi',17882,'{\"owner\": \"Timmy Schoen\"}',2,'2016-06-24 01:43:10','2021-03-18 23:01:31'),(429,54,'https://dropbox.com/vk/audio/basic.wav',15447,'{\"owner\": \"Miles Pfeffer\"}',1,'2018-05-25 19:18:49','2021-03-18 23:01:31'),(430,75,'https://dropbox.com/vk/application/vnd.kidspiration.png',26095,'{\"owner\": \"Americo DuBuque\"}',3,'2014-03-21 20:17:38','2021-03-18 23:01:31'),(431,38,'https://dropbox.com/vk/application/vnd.sun.xml.draw.template.avi',15435,'{\"owner\": \"Roger Rice\"}',2,'2020-03-09 00:46:41','2021-03-18 23:01:31'),(432,56,'https://dropbox.com/vk/text/vnd.fly.wav',22359,'{\"owner\": \"Priscilla Lowe\"}',1,'2012-04-19 20:53:01','2021-03-18 23:01:31'),(433,11,'https://dropbox.com/vk/application/vnd.openxmlformats-officedocument.wordprocessingml.document.mpeg',11450,'{\"owner\": \"Laurine Boyer\"}',3,'2012-10-12 15:15:56','2021-03-18 23:01:31'),(434,90,'https://dropbox.com/vk/application/x-chess-pgn.mpeg',22422,'{\"owner\": \"Adam McKenzie\"}',3,'2015-03-14 06:24:11','2021-03-18 23:01:31'),(435,81,'https://dropbox.com/vk/video/x-ms-wmx.mpeg',12576,'{\"owner\": \"Edd Schultz\"}',3,'2021-02-14 21:52:26','2021-03-18 23:01:31'),(436,22,'https://dropbox.com/vk/video/ogg.jpeg',25538,'{\"owner\": \"Ana Bogan\"}',3,'2014-03-17 16:05:28','2021-03-18 23:01:31'),(437,52,'https://dropbox.com/vk/image/vnd.fujixerox.edmics-mmr.jpeg',21237,'{\"owner\": \"Jerome Feil\"}',3,'2013-07-11 11:27:53','2021-03-18 23:01:31'),(438,58,'https://dropbox.com/vk/application/x-shockwave-flash.avi',16555,'{\"owner\": \"Madaline Prosacco\"}',2,'2012-12-03 10:21:53','2021-03-18 23:01:31'),(439,59,'https://dropbox.com/vk/application/vnd.openxmlformats-officedocument.spreadsheetml.template.avi',26504,'{\"owner\": \"Gonzalo Ratke\"}',2,'2014-05-04 09:00:34','2021-03-18 23:01:31'),(440,9,'https://dropbox.com/vk/application/x-mscardfile.jpeg',24963,'{\"owner\": \"Caroline Bernhard\"}',3,'2016-07-18 01:47:38','2021-03-18 23:01:31'),(441,93,'https://dropbox.com/vk/application/vnd.kde.kpresenter.jpeg',20358,'{\"owner\": \"Sister Wolff\"}',3,'2015-06-21 10:20:09','2021-03-18 23:01:31'),(442,78,'https://dropbox.com/vk/application/vnd.sus-calendar.wav',12509,'{\"owner\": \"Jacinto Nitzsche\"}',1,'2015-07-01 18:54:03','2021-03-18 23:01:31'),(443,72,'https://dropbox.com/vk/application/vnd.ms-fontobject.png',15537,'{\"owner\": \"Jabari Kling\"}',3,'2011-07-18 17:49:58','2021-03-18 23:01:31'),(444,51,'https://dropbox.com/vk/application/vnd.rim.cod.wav',12306,'{\"owner\": \"Nikita Marvin\"}',1,'2015-04-06 06:11:15','2021-03-18 23:01:31'),(445,10,'https://dropbox.com/vk/application/vnd.shana.informed.formtemplate.mpeg',24424,'{\"owner\": \"Keara Heathcote\"}',3,'2017-01-22 15:15:14','2021-03-18 23:01:31'),(446,6,'https://dropbox.com/vk/application/x-msaccess.wav',24837,'{\"owner\": \"Madge Haley\"}',1,'2020-12-04 03:36:31','2021-03-18 23:01:31'),(447,97,'https://dropbox.com/vk/application/vnd.ms-excel.template.macroenabled.12.jpeg',10241,'{\"owner\": \"Everett Keeling\"}',3,'2016-03-28 01:05:24','2021-03-18 23:01:31'),(448,6,'https://dropbox.com/vk/application/vnd.kenameaapp.jpeg',28309,'{\"owner\": \"Madge Haley\"}',3,'2012-01-01 22:09:03','2021-03-18 23:01:31'),(449,7,'https://dropbox.com/vk/application/vnd.ms-powerpoint.slideshow.macroenabled.12.mpeg',13524,'{\"owner\": \"Norberto Lakin\"}',3,'2013-04-12 15:15:11','2021-03-18 23:01:31'),(450,36,'https://dropbox.com/vk/application/vnd.ezpix-package.avi',17800,'{\"owner\": \"Amber Will\"}',2,'2014-12-08 12:49:20','2021-03-18 23:01:31'),(451,12,'https://dropbox.com/vk/application/vnd.sun.xml.writer.global.wav',27550,'{\"owner\": \"Abigail Flatley\"}',1,'2020-01-09 05:45:14','2021-03-18 23:01:31'),(452,63,'https://dropbox.com/vk/application/vnd.tao.intent-module-archive.mpeg',25568,'{\"owner\": \"Vallie Rau\"}',3,'2011-08-02 16:12:41','2021-03-18 23:01:31'),(453,51,'https://dropbox.com/vk/video/vnd.dece.video.png',23361,'{\"owner\": \"Nikita Marvin\"}',3,'2019-09-30 00:42:43','2021-03-18 23:01:31'),(454,49,'https://dropbox.com/vk/audio/xm.mpeg',12890,'{\"owner\": \"Jaycee Kunze\"}',3,'2011-06-10 23:13:22','2021-03-18 23:01:31'),(455,58,'https://dropbox.com/vk/application/vnd.ms-project.mpeg',21516,'{\"owner\": \"Madaline Prosacco\"}',3,'2016-10-08 10:34:20','2021-03-18 23:01:31'),(456,44,'https://dropbox.com/vk/application/vnd.unity.wav',20445,'{\"owner\": \"Roscoe Williamson\"}',1,'2015-07-30 14:58:42','2021-03-18 23:01:31'),(457,13,'https://dropbox.com/vk/audio/x-caf.mpeg',15338,'{\"owner\": \"Mabelle Heidenreich\"}',3,'2013-08-04 07:43:25','2021-03-18 23:01:31'),(458,96,'https://dropbox.com/vk/application/lost+xml.jpeg',10990,'{\"owner\": \"Nicolette Blick\"}',3,'2014-04-28 21:42:56','2021-03-18 23:01:31'),(459,59,'https://dropbox.com/vk/image/sgi.mpeg',19202,'{\"owner\": \"Gonzalo Ratke\"}',3,'2016-10-16 19:22:49','2021-03-18 23:01:31'),(460,100,'https://dropbox.com/vk/application/vnd.oasis.opendocument.presentation.jpeg',17158,'{\"owner\": \"Cesar Ebert\"}',3,'2016-09-30 01:21:13','2021-03-18 23:01:31'),(461,2,'https://dropbox.com/vk/application/x-sv4crc.jpeg',26270,'{\"owner\": \"Samara Kulas\"}',3,'2013-02-06 19:02:08','2021-03-18 23:01:31'),(462,78,'https://dropbox.com/vk/application/zip.wav',25787,'{\"owner\": \"Jacinto Nitzsche\"}',1,'2014-07-15 12:03:35','2021-03-18 23:01:31'),(463,37,'https://dropbox.com/vk/application/vnd.hal+xml.png',21962,'{\"owner\": \"Elaina Bode\"}',3,'2020-03-04 09:31:37','2021-03-18 23:01:31'),(464,51,'https://dropbox.com/vk/message/rfc822.avi',29237,'{\"owner\": \"Nikita Marvin\"}',2,'2015-01-03 00:31:52','2021-03-18 23:01:31'),(465,25,'https://dropbox.com/vk/application/x-hdf.mpeg',26266,'{\"owner\": \"Una King\"}',3,'2021-01-25 19:10:14','2021-03-18 23:01:31'),(466,80,'https://dropbox.com/vk/application/vnd.openxmlformats-officedocument.presentationml.presentation.avi',14525,'{\"owner\": \"Herbert Hermiston\"}',2,'2013-06-26 05:40:14','2021-03-18 23:01:31'),(467,62,'https://dropbox.com/vk/application/vnd.ms-htmlhelp.avi',19659,'{\"owner\": \"Hal Kihn\"}',2,'2014-11-07 07:32:01','2021-03-18 23:01:31'),(468,98,'https://dropbox.com/vk/application/vnd.sailingtracker.track.png',23114,'{\"owner\": \"Loyal Batz\"}',3,'2019-02-17 18:15:48','2021-03-18 23:01:31'),(469,60,'https://dropbox.com/vk/video/x-msvideo.mpeg',29943,'{\"owner\": \"Xander Morar\"}',3,'2012-11-04 23:41:38','2021-03-18 23:01:31'),(470,10,'https://dropbox.com/vk/application/vnd.openxmlformats-officedocument.presentationml.slideshow.wav',16901,'{\"owner\": \"Keara Heathcote\"}',1,'2013-11-06 04:01:12','2021-03-18 23:01:31'),(471,88,'https://dropbox.com/vk/video/x-mng.png',27980,'{\"owner\": \"Michel Abshire\"}',3,'2014-02-28 04:06:23','2021-03-18 23:01:31'),(472,89,'https://dropbox.com/vk/application/vnd.koan.mpeg',17647,'{\"owner\": \"Isabell Kuhn\"}',3,'2015-07-07 11:39:15','2021-03-18 23:01:31'),(473,88,'https://dropbox.com/vk/application/vnd.ufdl.avi',23327,'{\"owner\": \"Michel Abshire\"}',2,'2013-04-24 09:00:48','2021-03-18 23:01:31'),(474,62,'https://dropbox.com/vk/application/vnd.las.las+xml.png',25535,'{\"owner\": \"Hal Kihn\"}',3,'2012-04-02 17:58:57','2021-03-18 23:01:31'),(475,24,'https://dropbox.com/vk/application/vnd.llamagraphics.life-balance.desktop.avi',28892,'{\"owner\": \"Kevin Considine\"}',2,'2017-07-20 13:45:24','2021-03-18 23:01:31'),(476,46,'https://dropbox.com/vk/image/x-mrsid-image.wav',23674,'{\"owner\": \"Ansley Parker\"}',1,'2020-12-07 08:11:53','2021-03-18 23:01:31'),(477,99,'https://dropbox.com/vk/application/vnd.seemail.mpeg',20180,'{\"owner\": \"Timmy Schoen\"}',3,'2013-04-13 10:27:12','2021-03-18 23:01:31'),(478,1,'https://dropbox.com/vk/application/vnd.ms-excel.addin.macroenabled.12.wav',12689,'{\"owner\": \"Josephine Rohan\"}',1,'2017-07-21 04:33:25','2021-03-18 23:01:31'),(479,61,'https://dropbox.com/vk/application/pkix-pkipath.png',17937,'{\"owner\": \"Hershel Rogahn\"}',3,'2014-11-07 12:00:43','2021-03-18 23:01:31'),(480,87,'https://dropbox.com/vk/text/plain.jpeg',17931,'{\"owner\": \"Bradford Greenholt\"}',3,'2012-02-06 08:41:52','2021-03-18 23:01:31'),(481,32,'https://dropbox.com/vk/application/vnd.lotus-1-2-3.png',13510,'{\"owner\": \"Hoyt Rosenbaum\"}',3,'2012-04-03 04:45:45','2021-03-18 23:01:31'),(482,2,'https://dropbox.com/vk/application/vnd.oasis.opendocument.spreadsheet-template.wav',21627,'{\"owner\": \"Samara Kulas\"}',1,'2012-04-15 21:49:49','2021-03-18 23:01:31'),(483,67,'https://dropbox.com/vk/text/css.wav',21950,'{\"owner\": \"Will Gislason\"}',1,'2012-07-10 15:19:37','2021-03-18 23:01:31'),(484,28,'https://dropbox.com/vk/image/png.jpeg',18370,'{\"owner\": \"Luigi VonRueden\"}',3,'2019-07-04 20:25:51','2021-03-18 23:01:31'),(485,10,'https://dropbox.com/vk/application/vnd.dna.jpeg',20110,'{\"owner\": \"Keara Heathcote\"}',3,'2020-06-06 18:16:58','2021-03-18 23:01:31'),(486,49,'https://dropbox.com/vk/application/vnd.sun.xml.impress.png',14864,'{\"owner\": \"Jaycee Kunze\"}',3,'2012-03-10 19:26:37','2021-03-18 23:01:31'),(487,48,'https://dropbox.com/vk/audio/x-aac.jpeg',25345,'{\"owner\": \"Sedrick Kozey\"}',3,'2015-02-04 10:44:12','2021-03-18 23:01:31'),(488,85,'https://dropbox.com/vk/application/x-blorb.png',23664,'{\"owner\": \"Reina Glover\"}',3,'2018-09-30 13:41:58','2021-03-18 23:01:31'),(489,5,'https://dropbox.com/vk/application/vnd.triscape.mxs.wav',10122,'{\"owner\": \"Brook McCullough\"}',1,'2013-01-13 21:08:05','2021-03-18 23:01:31'),(490,94,'https://dropbox.com/vk/application/vnd.simtech-mindmapper.png',27143,'{\"owner\": \"Antonia Dicki\"}',3,'2011-06-04 19:38:35','2021-03-18 23:01:31'),(491,74,'https://dropbox.com/vk/text/n3.jpeg',18791,'{\"owner\": \"Ethel Quigley\"}',3,'2017-12-19 01:35:45','2021-03-18 23:01:31'),(492,67,'https://dropbox.com/vk/application/yang.wav',20823,'{\"owner\": \"Will Gislason\"}',1,'2018-12-21 22:45:35','2021-03-18 23:01:31'),(493,1,'https://dropbox.com/vk/application/vnd.epson.ssf.wav',25922,'{\"owner\": \"Josephine Rohan\"}',1,'2013-02-26 03:52:40','2021-03-18 23:01:31'),(494,27,'https://dropbox.com/vk/application/voicexml+xml.avi',26408,'{\"owner\": \"Laurel Braun\"}',2,'2016-04-19 00:09:54','2021-03-18 23:01:31'),(495,82,'https://dropbox.com/vk/application/vnd.fdf.avi',15767,'{\"owner\": \"Ryley Corwin\"}',2,'2018-06-12 11:53:57','2021-03-18 23:01:31'),(496,75,'https://dropbox.com/vk/application/vnd.oasis.opendocument.spreadsheet-template.png',11387,'{\"owner\": \"Americo DuBuque\"}',3,'2018-04-05 15:48:42','2021-03-18 23:01:31'),(497,56,'https://dropbox.com/vk/application/x-msdownload.jpeg',20281,'{\"owner\": \"Priscilla Lowe\"}',3,'2020-06-27 23:55:36','2021-03-18 23:01:31'),(498,50,'https://dropbox.com/vk/application/xhtml+xml.jpeg',18271,'{\"owner\": \"Beryl Ward\"}',3,'2020-05-15 04:50:15','2021-03-18 23:01:31'),(499,33,'https://dropbox.com/vk/application/vnd.vsf.avi',17210,'{\"owner\": \"Tamara Reinger\"}',2,'2013-01-17 10:18:33','2021-03-18 23:01:31'),(500,42,'https://dropbox.com/vk/image/vnd.fastbidsheet.wav',15433,'{\"owner\": \"Cora Ledner\"}',1,'2018-12-03 19:27:17','2021-03-18 23:01:31');
/*!40000 ALTER TABLE `media` ENABLE KEYS */;
UNLOCK TABLES;

--
-- Table structure for table `media_types`
--

DROP TABLE IF EXISTS `media_types`;
/*!40101 SET @saved_cs_client     = @@character_set_client */;
/*!50503 SET character_set_client = utf8mb4 */;
CREATE TABLE `media_types` (
  `id` bigint unsigned NOT NULL AUTO_INCREMENT COMMENT 'Идентификатор строки',
  `name` varchar(255) NOT NULL COMMENT 'Название типа',
  `created_at` datetime DEFAULT CURRENT_TIMESTAMP COMMENT 'Время создания строки',
  `updated_at` datetime DEFAULT CURRENT_TIMESTAMP ON UPDATE CURRENT_TIMESTAMP COMMENT 'Время обновления строки',
  PRIMARY KEY (`id`),
  UNIQUE KEY `id` (`id`),
  UNIQUE KEY `name` (`name`)
) ENGINE=InnoDB AUTO_INCREMENT=4 DEFAULT CHARSET=utf8mb4 COLLATE=utf8mb4_0900_ai_ci COMMENT='Типы медиафайлов';
/*!40101 SET character_set_client = @saved_cs_client */;

--
-- Dumping data for table `media_types`
--

LOCK TABLES `media_types` WRITE;
/*!40000 ALTER TABLE `media_types` DISABLE KEYS */;
INSERT INTO `media_types` VALUES (1,'audio','2021-03-04 07:00:32','2019-07-10 15:55:32'),(2,'video','2018-04-11 14:15:04','2012-05-20 07:13:24'),(3,'image','2019-05-17 13:46:41','2012-10-04 10:07:47');
/*!40000 ALTER TABLE `media_types` ENABLE KEYS */;
UNLOCK TABLES;

--
-- Table structure for table `messages`
--

DROP TABLE IF EXISTS `messages`;
/*!40101 SET @saved_cs_client     = @@character_set_client */;
/*!50503 SET character_set_client = utf8mb4 */;
CREATE TABLE `messages` (
  `id` bigint unsigned NOT NULL AUTO_INCREMENT COMMENT 'Идентификатор строки',
  `from_user_id` bigint unsigned NOT NULL COMMENT 'Ссылка на отправителя сообщения',
  `to_user_id` bigint unsigned NOT NULL COMMENT 'Ссылка на получателя сообщения',
  `body` text NOT NULL COMMENT 'Текст сообщения',
  `is_important` tinyint(1) DEFAULT NULL COMMENT 'Признак важности',
  `is_delivered` tinyint(1) DEFAULT NULL COMMENT 'Признак доставки',
  `created_at` datetime DEFAULT CURRENT_TIMESTAMP COMMENT 'Время создания строки',
  PRIMARY KEY (`id`),
  UNIQUE KEY `id` (`id`),
  KEY `from_user_id` (`from_user_id`),
  KEY `to_user_id` (`to_user_id`),
  CONSTRAINT `messages_ibfk_1` FOREIGN KEY (`from_user_id`) REFERENCES `users` (`id`),
  CONSTRAINT `messages_ibfk_2` FOREIGN KEY (`to_user_id`) REFERENCES `users` (`id`)
) ENGINE=InnoDB AUTO_INCREMENT=1001 DEFAULT CHARSET=utf8mb4 COLLATE=utf8mb4_0900_ai_ci COMMENT='Сообщения';
/*!40101 SET character_set_client = @saved_cs_client */;

--
-- Dumping data for table `messages`
--

LOCK TABLES `messages` WRITE;
/*!40000 ALTER TABLE `messages` DISABLE KEYS */;
INSERT INTO `messages` VALUES (1,37,11,'Doloremque pariatur minima est ea occaecati et. Tenetur aut vel aut libero mollitia consequatur rerum. Voluptatum odit fugit tenetur sint veritatis qui dolorem. Animi sint ad dignissimos delectus non. Quam magnam occaecati adipisci.',0,0,'2013-12-12 02:26:33'),(2,41,71,'Ut commodi quis error deserunt enim. Numquam expedita fugit accusantium. Animi non perferendis laborum aut quisquam corporis.',1,0,'2013-03-25 07:59:26'),(3,34,55,'Et dolor quod est tenetur facere repudiandae. Voluptate quia rem nihil sed quo. Ut corporis rem repellendus odit molestias accusantium. Perspiciatis placeat et autem vero. Nulla qui voluptatem minima eaque.',0,0,'2012-12-15 15:50:54'),(4,74,3,'Aspernatur possimus ut similique et dicta sed. Ut sunt corporis nulla occaecati alias mollitia. Dolorum vero quia quisquam architecto nisi inventore est.',0,1,'2016-06-29 23:20:08'),(5,94,59,'Deserunt sed voluptas molestiae quasi. Et praesentium omnis omnis facere quaerat. Vel inventore repellat non assumenda praesentium.',1,0,'2015-05-27 23:45:59'),(6,12,83,'Et sed laborum autem consequatur eos. Dolores omnis molestias qui sed. Sed et dolor dolor aliquid pariatur quod. Commodi rerum nisi aliquid ut rerum. Et nulla a odio aliquam.',1,1,'2015-12-09 18:21:40'),(7,77,38,'Et ea est fugit aspernatur. Eaque ratione veniam odit nostrum facilis.',0,1,'2011-10-03 10:28:41'),(8,59,81,'Adipisci quaerat possimus voluptas iste mollitia non rerum. Laboriosam consectetur provident et porro est enim similique. Alias ex ab labore voluptatum voluptas molestiae magnam. Ut occaecati eius dignissimos nobis ea.',0,1,'2020-06-23 10:17:44'),(9,29,98,'Eum magnam quia accusantium repellat est. Hic nostrum fugit similique molestiae voluptatem alias amet occaecati. Consequatur aut quasi ipsam eos ea. Ea inventore molestiae minima.',0,0,'2016-10-07 19:34:49'),(10,2,18,'Asperiores ad delectus minus necessitatibus. Sed repellendus sunt velit ipsum. Eaque magnam laborum eaque debitis voluptas id. Accusamus vero labore pariatur quia laborum quia sed nobis.',0,0,'2020-01-10 00:15:13'),(11,82,57,'Et impedit impedit architecto veniam totam. Adipisci nemo exercitationem mollitia libero dolores. Expedita nostrum est dolorum sit. Voluptas qui deserunt ut.',1,1,'2018-09-13 18:25:41'),(12,37,14,'Quo cum omnis cum libero dolores. Accusantium eos voluptatem eaque. Consectetur id impedit fugiat ullam qui. Blanditiis aut et ratione a sit velit. Inventore architecto et et qui architecto et.',1,0,'2020-01-26 13:48:24'),(13,59,52,'Debitis non delectus perferendis possimus. Eaque dolores recusandae blanditiis placeat. Eius ut magni quo nobis et vitae. Necessitatibus officia repellendus qui quia quo architecto.',0,0,'2013-09-13 05:41:11'),(14,82,56,'Nisi doloribus veniam eveniet rem. Rerum sint sunt inventore modi ut odit nihil. Quam at magnam ut sed nam. Aut iure sed sint sit.',0,0,'2019-01-26 14:10:45'),(15,31,88,'Aut pariatur non quisquam ea iure soluta. Qui omnis natus consequatur qui veritatis esse id. Nesciunt modi qui sed nobis.',0,0,'2018-03-06 05:17:37'),(16,46,64,'Expedita vel dolorum voluptatem earum. Voluptatum ea dolorem assumenda sit. Molestias omnis aliquam cumque quasi in necessitatibus dolorem.',1,1,'2019-04-28 20:49:42'),(17,80,11,'Ullam et aut sit molestiae. Non voluptatem et ipsam voluptatem et. Adipisci id quisquam quis. Dolorem officia eum perspiciatis.',1,0,'2018-11-25 07:44:20'),(18,14,35,'Tenetur repellat sed rerum magni eligendi et in. Repellat eum sapiente vel accusantium omnis pariatur dolores. Quaerat enim quas dolor voluptas et. Ab non rerum illum illo vel.',0,1,'2014-12-30 16:26:15'),(19,35,69,'Sunt omnis qui praesentium quo maxime dolore. Aspernatur aut non iste aliquam a. Sapiente voluptatem sunt facere nostrum ut maxime. Sit dolorem qui quia tempora.',1,0,'2017-07-29 19:42:54'),(20,38,82,'Aut sint facere ut dolore sint et illo sed. Omnis voluptatem et animi commodi voluptatem consectetur. Quisquam suscipit adipisci qui aspernatur aperiam repudiandae. Assumenda quis quasi ut rerum excepturi vero.',1,0,'2014-01-31 05:20:14'),(21,96,34,'Consequatur qui commodi rerum numquam quo et. Aut voluptas ea vero incidunt. Ipsum assumenda iure ipsam enim et.',0,0,'2019-12-26 04:04:01'),(22,81,4,'Voluptatem necessitatibus voluptatem quasi magnam. Officiis saepe aut similique ipsam. Ratione molestiae ullam voluptas rem voluptatem.',1,1,'2013-08-09 21:22:31'),(23,76,69,'Quo numquam in delectus et. Laborum quis voluptatibus in qui rerum quia laborum. Ducimus quisquam sit est nemo quia soluta iusto. Eum deserunt magnam voluptas sint sint.',0,0,'2015-11-15 08:47:03'),(24,14,64,'Dolorem quam modi quam maxime aliquid nihil. Nihil autem ut est sint non. Itaque ullam non exercitationem ipsam. Veniam debitis est ea nobis ea possimus.',0,1,'2013-11-26 22:02:08'),(25,77,93,'Omnis quia saepe perspiciatis corrupti. Occaecati provident nemo et. Numquam voluptatem qui laborum suscipit molestias rem.',0,1,'2016-02-12 08:44:58'),(26,33,84,'Maxime ut ut natus voluptates sequi optio. Eum nesciunt quis et minima omnis voluptate id. Quos ut ut accusantium ipsum et maiores iusto.',1,0,'2014-02-23 22:55:00'),(27,23,62,'Eaque veritatis tempore enim reiciendis. Voluptatem eos quidem rem. Accusamus est eum cumque id. Assumenda sed cum modi possimus.',1,0,'2018-10-07 15:36:54'),(28,40,13,'Sint omnis impedit distinctio architecto ullam et in et. Fugit consequatur occaecati inventore qui et id perferendis. Architecto corrupti eaque voluptas ducimus quasi.',0,1,'2014-02-24 15:19:46'),(29,44,83,'Rerum qui suscipit nemo rerum. Voluptatum aliquid odit dolor nesciunt recusandae corporis cumque. Sint odit sunt et maxime quibusdam doloremque et. Et cupiditate recusandae necessitatibus et molestias qui.',1,0,'2011-04-14 05:49:21'),(30,81,55,'Iure eum aut inventore et debitis minima. Non optio accusantium autem omnis expedita accusantium amet et. Qui temporibus cupiditate nihil esse soluta eligendi.',0,0,'2012-11-19 14:59:27'),(31,33,97,'Nisi doloremque repellendus aut ea saepe ratione. Quasi dignissimos vel earum nemo. Nemo molestiae consequatur voluptatem molestiae praesentium quia.',0,0,'2016-08-14 14:45:44'),(32,89,51,'Blanditiis corporis qui quia repellendus odio ad. Reprehenderit maxime et similique quia nobis qui. Voluptate culpa veritatis inventore quasi repudiandae expedita labore. Error expedita aliquid iure.',0,1,'2016-11-03 09:05:24'),(33,87,83,'Dolore quia ipsa fugit et cupiditate. Vitae esse voluptatibus sed quod ut aliquid consequatur et. Qui ut recusandae velit a ratione. Repudiandae fugiat aspernatur aliquam autem iusto iste unde.',1,0,'2015-07-28 06:38:20'),(34,52,12,'Possimus voluptas assumenda reprehenderit non quae. Eos doloribus voluptate quia quibusdam. Beatae voluptatum perspiciatis numquam eveniet illo necessitatibus non.',1,1,'2020-08-12 15:37:59'),(35,3,79,'Repudiandae velit veritatis tempore dolore nobis. Sit eaque officiis non consectetur. Enim tempore voluptatibus architecto ratione impedit iusto. Et dolorem sunt laborum ut non.',1,1,'2018-04-21 22:46:25'),(36,85,88,'Aut quibusdam perferendis ducimus. Sunt ut et aliquam dicta omnis. Quia quae et velit soluta et dolorem ipsam. Molestiae aut quia eum rerum minima molestiae numquam quasi.',1,0,'2013-04-15 00:40:06'),(37,85,58,'Debitis temporibus velit eos animi soluta sed nisi. Eius maiores totam nihil culpa molestiae et. Reiciendis a aperiam ducimus maiores dolor qui.',0,1,'2018-11-28 10:44:01'),(38,36,7,'Repellat dolores alias rem eveniet eos atque. Sapiente non nam ipsam.',0,0,'2014-03-26 07:25:46'),(39,25,4,'Laborum eveniet eaque voluptas sed. Repellat cupiditate sit non eos reprehenderit et. A illum rem rem iusto ut saepe neque. Illo quasi ea id nobis laborum. Voluptate illum qui temporibus.',1,1,'2014-08-26 08:22:03'),(40,43,5,'Neque culpa dicta in voluptas. Quae aliquid amet ea itaque dignissimos magnam omnis. Tempore ipsa commodi quos corrupti.',0,0,'2013-07-11 09:04:25'),(41,96,64,'Rerum quis aut possimus sit est reiciendis sint. Fuga deleniti beatae officiis odio inventore velit perspiciatis. Cumque aut sed facere eos similique velit labore. Illo reprehenderit laudantium dolorem suscipit.',0,1,'2014-01-12 12:15:13'),(42,31,62,'Tenetur quo delectus et ad. Maxime voluptas architecto at et et occaecati. Distinctio aspernatur assumenda et delectus quae quos voluptas. Labore necessitatibus eveniet non dolorem id incidunt ut.',0,0,'2012-09-05 15:08:22'),(43,18,1,'Totam maiores molestiae sed libero et sint accusantium. Ab labore fuga aliquam et similique quia accusantium. Velit vel debitis fugit dignissimos ducimus. Tempore et fuga quisquam occaecati tempore distinctio.',1,0,'2012-12-30 04:07:40'),(44,52,57,'At non exercitationem quo consequatur. Fugiat dolores autem quisquam magnam molestiae praesentium aspernatur doloremque. Modi quo ipsam officiis et.',0,0,'2020-11-06 20:10:33'),(45,29,73,'Voluptatem exercitationem dicta et iure distinctio et numquam. Est aspernatur dolor repellat quaerat harum. Sed quasi labore expedita nulla voluptatem doloribus ea. Eum quo possimus corrupti totam commodi est est. Error ut autem molestias ex suscipit cum aspernatur temporibus.',1,0,'2017-01-22 00:20:16'),(46,79,75,'At optio dignissimos id consequatur ratione rem natus ut. Maiores illo et quo voluptas accusantium ducimus est debitis. Culpa fuga veritatis sunt ipsam et minima et.',0,1,'2019-09-06 05:19:43'),(47,35,52,'Voluptates temporibus magnam assumenda voluptatibus. Nostrum dolores unde et numquam quisquam iure a. Voluptas dolores natus alias maxime. Quia praesentium quas odio. Unde est rerum dolorem et dolorem neque.',1,0,'2012-05-24 15:10:46'),(48,52,5,'Facilis eos aut voluptatem assumenda blanditiis facilis. Ut velit velit sunt odit ipsum odio numquam.',1,1,'2016-01-27 02:07:31'),(49,70,35,'Et nulla nisi veniam vitae voluptatem facilis. Voluptatem natus sed fugiat aspernatur voluptatem. Sed autem molestiae autem voluptates consequuntur.',0,1,'2019-10-27 13:32:39'),(50,64,13,'Aliquam accusamus libero harum totam eos. Id repellendus tempora sunt animi doloribus placeat voluptatem. Cupiditate est dolores voluptatem dicta quidem corrupti.',1,1,'2013-12-04 01:46:01'),(51,75,35,'Omnis voluptate dignissimos perferendis culpa et sint. Sunt esse sint tempora possimus consequatur.',0,1,'2015-10-04 15:13:29'),(52,48,34,'Et molestias culpa et et sint accusantium totam. Fugiat voluptatem quos ut eum voluptatem quia. Sit aperiam eius sit porro est. Dolore unde consequuntur illum in ut consequatur.',1,0,'2020-09-16 04:19:40'),(53,27,34,'Atque iste ut a. Nostrum voluptatem aliquid magnam adipisci odit placeat. Aliquam ea necessitatibus est nam rerum recusandae voluptates aliquid.',1,0,'2019-03-31 03:36:38'),(54,85,25,'Illum asperiores nihil eaque. Enim temporibus enim reiciendis doloribus quas ducimus explicabo. Sunt aut modi beatae. Exercitationem facere accusantium recusandae asperiores.',0,1,'2013-08-18 06:51:58'),(55,67,59,'Expedita aut quam magnam voluptas quae quod. Reprehenderit non nesciunt aspernatur ad est debitis eos. Dicta sint voluptas in accusantium aut officiis perspiciatis. A sit eum omnis sunt.',0,0,'2020-08-27 17:58:43'),(56,96,4,'Minima delectus cupiditate recusandae accusantium. Minima sapiente omnis magni eum et at voluptas. Perspiciatis sint ea fugiat dolores ipsa.',0,1,'2014-05-10 15:10:08'),(57,28,28,'Illo modi delectus est omnis omnis. Non corporis laudantium voluptatem maiores.',1,0,'2018-12-17 00:16:54'),(58,56,96,'Voluptatem sed at voluptates reprehenderit. Voluptatum delectus ut ipsum.',0,0,'2013-08-04 23:25:24'),(59,10,61,'Soluta dolores optio commodi natus. Commodi cupiditate est non porro est eligendi. Laboriosam adipisci quo ut qui enim vero in ut. Earum est molestiae commodi.',0,0,'2016-06-17 16:46:23'),(60,76,96,'Facilis fuga labore iure. Molestiae quo debitis et et mollitia. Labore est asperiores nulla asperiores sed facilis.',1,1,'2014-06-21 07:50:37'),(61,50,63,'Alias et expedita eum in ratione quia. Esse asperiores aut tempore delectus reprehenderit. Quo non omnis eaque repellat eligendi repellat assumenda. Quo velit sapiente recusandae.',1,0,'2017-08-28 13:05:45'),(62,66,37,'Vero rem doloremque facere exercitationem inventore corporis dolore. Numquam nam non autem voluptas ab cumque et. Amet occaecati libero voluptatum sint molestiae aspernatur architecto. Temporibus quia natus dicta sed accusantium consequatur vero.',0,1,'2020-10-21 18:38:57'),(63,89,31,'Et mollitia tempora fugiat hic ratione amet placeat sed. Expedita harum ipsum natus qui ratione. In alias tenetur est vero velit vel fuga. Debitis distinctio nulla blanditiis fugit vel ut debitis aut.',0,1,'2013-12-16 03:30:30'),(64,90,56,'Repellendus maxime dicta reiciendis porro sit. Excepturi eum ut quam non qui.',0,0,'2015-05-10 13:02:54'),(65,8,74,'Nesciunt saepe enim rerum aut. Ut quis ullam magni ipsam sapiente. Voluptatem ut cum voluptate eos rem iure consequuntur est.',1,1,'2015-11-05 20:01:31'),(66,46,8,'Quisquam consectetur sit ea est non fugit voluptas ut. Aut consequatur voluptatem et dolores voluptatem quo et. Velit aliquam vero est excepturi.',1,0,'2018-07-04 00:41:30'),(67,1,78,'Ut ut id quae repellat. Aliquam id delectus tempora quia in ipsum. Commodi commodi facere possimus laudantium sunt tenetur tenetur dolor.',0,1,'2012-06-18 00:24:55'),(68,90,12,'Est sit recusandae et magni. Accusamus dolorem quaerat nam doloribus numquam minima. Voluptas fuga ipsam nostrum qui nam ipsa qui qui. Mollitia ullam qui omnis laudantium corporis dolorem quia. Dicta corporis beatae at sed quidem.',0,0,'2020-05-19 21:49:10'),(69,93,27,'Magni qui nisi atque id ipsam. Repudiandae molestiae molestiae voluptatem dolorum. Perferendis ducimus in neque asperiores omnis accusantium.',0,1,'2016-08-06 11:49:17'),(70,56,100,'Voluptatem pariatur sint nulla placeat eaque vel nisi. Cumque cum voluptas illo voluptatem eaque culpa et eum. Et tempora voluptas laudantium expedita dolor sapiente et quae. Et sint et pariatur dignissimos reiciendis.',1,1,'2012-08-23 21:42:50'),(71,30,50,'Fuga at odit numquam voluptas. Ipsum minima est explicabo voluptatum incidunt voluptas. Accusantium architecto neque consequatur ad ut.',1,1,'2015-06-10 20:12:09'),(72,59,43,'Dolorem commodi eos error rem magni ipsa. Quis laudantium nulla illo fuga. Veritatis officia dicta ut dolorum sit. Itaque voluptate aut aspernatur id et enim.',0,1,'2011-04-01 23:53:38'),(73,37,59,'Voluptatem quia quia consequatur velit. Quisquam aut et odit sapiente sequi et vel. Qui recusandae accusantium perferendis dolore consequatur sit blanditiis.',1,0,'2016-05-11 07:52:54'),(74,81,27,'Reiciendis ipsa porro tempora voluptates recusandae est. Earum tempora quas in voluptate exercitationem quasi. Possimus sapiente facere et accusamus perspiciatis sit. Suscipit hic enim voluptas vero dolorem qui dolores dolorem. Itaque sint ea nulla delectus omnis voluptatum.',0,0,'2018-09-05 13:43:57'),(75,94,86,'Nostrum quae excepturi officiis quos tempore aspernatur. Itaque est ea ipsum praesentium quam laudantium. Ut sit maiores optio quia.',0,0,'2015-11-09 07:01:13'),(76,48,81,'Sunt accusantium aut facilis ut natus illo ut expedita. Alias ut aperiam architecto. Dolorem ratione necessitatibus quibusdam est rerum eligendi ut aut. Exercitationem dolorem vel sapiente et.',0,1,'2016-03-11 23:23:59'),(77,61,62,'Sapiente dignissimos quis dolor itaque. Non eum sed laudantium a. Et aliquam blanditiis rerum id.',0,1,'2018-10-04 06:19:54'),(78,27,46,'Dignissimos et architecto dolore. Sequi earum nihil qui numquam possimus at. Sit eaque tempora soluta qui sunt tenetur occaecati.',0,0,'2011-10-14 15:19:22'),(79,51,17,'Id dolorem sunt quae autem vel. Distinctio qui voluptatibus eos qui. Sed consequatur voluptas at. Vero debitis totam autem sed quia atque.',0,0,'2018-11-23 03:04:35'),(80,29,95,'Quis illum quaerat hic. Ut reiciendis sit vel quis. Ut sed qui cumque ut odio eos.',0,1,'2020-08-14 05:41:56'),(81,86,46,'Autem autem eos omnis. Sequi doloremque possimus est et qui. Cum nobis sequi ut quaerat exercitationem esse. Dicta quaerat qui optio dolorum dicta porro commodi.',1,1,'2012-08-30 20:21:22'),(82,70,12,'Enim dolor consectetur tempore laborum provident id. Asperiores rerum rerum voluptatem inventore commodi. Consequatur accusantium omnis qui non occaecati sint. Nesciunt voluptatem autem qui sunt omnis.',0,1,'2015-12-29 23:43:52'),(83,51,16,'Laudantium eligendi in commodi mollitia tempore dolor voluptas. Aut ipsam quis dignissimos vel rerum beatae. A architecto quam illo fugit sed. Iure ut explicabo expedita non reprehenderit autem autem.',1,1,'2020-11-26 03:17:14'),(84,26,81,'Dolores ut aut nam dolores vero asperiores eum et. Incidunt animi culpa veritatis. Ut sunt voluptatum ad qui.',0,1,'2013-05-15 08:12:39'),(85,26,87,'Ad ipsa voluptas saepe molestias est beatae voluptatem. Dolore exercitationem nisi omnis. Inventore corporis minus dignissimos magnam omnis sed iure. Aut excepturi qui nihil nulla qui corrupti est aut.',1,1,'2018-12-18 09:36:59'),(86,57,23,'Aliquid et tempore et iusto at natus. Quia sint repellendus porro dolores temporibus eos et. Culpa laboriosam quis rem nam qui. Voluptas tenetur nesciunt reiciendis ut eos.',1,1,'2012-07-19 00:46:17'),(87,46,58,'Aliquid odit nihil sit omnis iste enim voluptatem odio. Exercitationem et totam et dolore architecto autem ut. Doloribus voluptatem quam laudantium tenetur sed qui molestias nam.',0,0,'2016-03-11 05:42:43'),(88,51,81,'Quo non est reprehenderit optio commodi magnam. Adipisci iure quisquam est deleniti molestias ullam minima. Rem ipsam doloremque quos neque. Quod accusantium omnis sit magnam nisi.',0,1,'2012-12-17 01:10:35'),(89,52,14,'In nostrum dicta laboriosam doloribus. Doloribus quisquam quod cum porro autem iste ut animi. Quia ipsum enim consequatur consectetur. Est aut quis quaerat repellendus quas iste voluptatem.',1,1,'2011-08-01 03:17:26'),(90,17,40,'Voluptatem et id quis doloribus asperiores harum. Non et aliquid in fugit tempore et libero. Qui eum hic possimus sed.',0,0,'2011-06-25 04:44:39'),(91,51,34,'Unde sed reiciendis eaque omnis quod. Sit corporis eligendi fuga officiis. Temporibus debitis sint delectus et consequatur nihil a. Molestiae ratione dolor ut molestiae.',1,0,'2015-02-18 13:04:54'),(92,17,84,'Pariatur dignissimos eum corporis quo maiores ex. Qui deserunt iure minus vel provident dicta.',0,0,'2011-09-01 18:53:00'),(93,65,75,'Eum similique dolorem excepturi enim error. Praesentium assumenda adipisci sed doloribus odit omnis. Soluta reprehenderit velit non eaque velit et vero fugit.',1,1,'2014-09-13 03:08:10'),(94,78,64,'Magnam et alias officiis facere iste. Omnis voluptate possimus amet sint. Consequatur nam quia quo quos. Nostrum consequatur nobis cumque ab quo at. Assumenda commodi dolorum nihil laboriosam est est non.',0,1,'2016-09-17 21:11:30'),(95,88,47,'Et aut officia ullam quibusdam praesentium nobis iusto. Quia quos ut sed culpa. Porro repellat iste reprehenderit autem eveniet. Et voluptas occaecati dolorum qui est. Tempore enim est pariatur id aut dolorum est.',0,1,'2014-12-18 09:29:11'),(96,71,11,'Officia at illum nesciunt. Ipsum non eius non aspernatur pariatur praesentium culpa. Culpa cumque eveniet vitae modi dicta.',1,0,'2016-01-17 22:17:13'),(97,41,74,'Sit voluptatem animi natus sit a. Aliquid perferendis numquam eligendi sit. Minima qui est at repellendus quia blanditiis voluptates.',0,1,'2015-01-11 21:17:37'),(98,45,5,'Reprehenderit dolorum perferendis et sint eos beatae quia. At et quia eum non dolorem autem. Omnis illo et quod ut labore et dolore. Sunt suscipit laboriosam adipisci eos rerum.',0,0,'2016-04-07 21:26:48'),(99,87,21,'Esse qui dolores in tempora est. Sed ipsam cupiditate laboriosam quis ea. Non cumque ut soluta aspernatur et qui.',1,1,'2018-11-13 09:41:02'),(100,42,45,'Quam necessitatibus totam voluptatem temporibus tempora aut rem. At officiis qui veniam dignissimos rerum repellendus. In aut repudiandae enim eum facilis harum.',1,0,'2013-09-26 10:46:17'),(101,1,70,'Placeat corporis porro rerum voluptatem ut fugit iure aut. Ducimus fugiat illo facere in dolorem. Eius autem incidunt eaque iste eum quis iure. Odit debitis neque est dolor aliquam quia.',1,0,'2011-07-31 14:32:48'),(102,47,24,'Odit tempora eum consectetur consequatur ut. Possimus eum commodi vel sed dolorem voluptas eum. Aut magnam reiciendis voluptatem expedita.',0,0,'2017-03-07 21:36:50'),(103,79,23,'Voluptatem eum ab placeat recusandae doloremque qui vero. Tenetur consequatur dicta voluptatem labore. Ut voluptas quibusdam porro ratione eius et. Quod quam est deleniti sed incidunt.',0,1,'2011-08-26 12:28:24'),(104,76,12,'Qui eum ipsa ut aperiam et voluptatem error. Id cupiditate ducimus amet debitis exercitationem. Repellat quas praesentium velit quaerat.',0,0,'2020-05-07 01:38:21'),(105,29,9,'Voluptatem voluptas necessitatibus quam nemo est. Doloremque et ut aliquid reiciendis dolore dolorem molestias eum.',0,0,'2019-08-25 11:57:50'),(106,60,71,'Atque quis quia doloribus sed odit dolore. Accusamus dolore commodi magnam.',1,0,'2020-06-27 02:27:50'),(107,76,66,'Recusandae ipsum quo eius doloremque minima quo. Nisi quis possimus hic fugit. Explicabo ut voluptate rerum hic quo.',0,0,'2014-08-15 23:11:22'),(108,100,1,'Sint et esse tenetur quis. Aspernatur ab possimus rerum ipsum. Voluptatem aperiam itaque possimus et optio a velit.',1,1,'2011-06-10 00:05:25'),(109,5,23,'Asperiores rem rerum voluptates doloremque debitis ipsum inventore officiis. Delectus voluptatem reprehenderit ipsam autem. Est facilis est et consectetur officia quidem iure laudantium. Iste est voluptatum distinctio error blanditiis.',1,0,'2012-09-19 17:45:15'),(110,100,30,'Quia sit ut rerum delectus beatae voluptatem. Aspernatur sit ipsa sed et sint quia. Quis eos perspiciatis veniam ipsam consequuntur aliquid.',1,1,'2018-03-01 10:30:32'),(111,47,47,'Eaque debitis repellendus itaque sit. Aliquam quo consequuntur sed aut ut provident quia. Ullam in quas debitis quibusdam atque et. Et vero optio consequuntur quia qui explicabo et.',0,1,'2016-04-13 16:26:38'),(112,94,26,'Consequatur ullam nesciunt similique facere cumque tenetur voluptatem. Et voluptate voluptas beatae labore deserunt. Et fuga molestiae aliquid. Qui natus rerum quis.',0,1,'2012-07-12 22:24:07'),(113,47,58,'Totam repellendus id accusantium hic eum. Ut voluptas eaque architecto autem doloremque est. Fugit maxime quia qui omnis tempora debitis.',0,0,'2014-11-30 23:56:54'),(114,46,59,'Dignissimos aut aut ea quia. Ab error et est consequatur dolores veritatis. Quibusdam aliquam et voluptates aut. Repellendus est est quasi.',1,0,'2019-03-24 14:30:42'),(115,54,94,'Blanditiis aut fugiat voluptatum mollitia. Qui et dolore aliquam expedita. Sapiente facilis deleniti quis. Ex modi eius id quasi quis pariatur. Enim fugit aperiam minus porro esse praesentium.',1,1,'2014-07-08 15:50:44'),(116,9,61,'Illo ducimus nesciunt voluptate est temporibus neque. Reiciendis accusamus qui aut dolorem. Ipsam et blanditiis nam dicta cupiditate illum delectus. Aut repudiandae sit nobis voluptatem odit earum similique.',0,0,'2014-08-27 02:57:28'),(117,79,10,'Aut suscipit expedita modi nam odio. Mollitia perferendis libero amet similique qui dicta debitis laborum. Rerum repellat ea quaerat eum officia omnis quisquam. Voluptatum quia ut molestiae fuga ea reiciendis.',1,0,'2013-01-31 03:25:42'),(118,14,40,'Qui totam et consequatur sunt dicta incidunt ducimus. Nulla iste aut architecto provident quisquam. Neque autem voluptatem quisquam voluptatibus quasi. Rerum corporis aspernatur porro eveniet est eius est.',0,1,'2012-11-11 03:34:38'),(119,57,63,'Debitis fugiat optio est et. Id maxime voluptatibus soluta molestiae suscipit ad labore. Occaecati ut a et hic quia tempora veritatis deleniti.',1,1,'2015-03-23 08:33:24'),(120,44,30,'Qui numquam itaque velit veniam. Dolorem maxime tempora consectetur velit. Quis modi numquam sequi eveniet.',1,0,'2016-04-23 22:03:15'),(121,18,1,'Et dolor ex expedita molestias. Repellendus rerum ut qui quibusdam excepturi repudiandae. Et in rerum autem. Consequatur voluptates eligendi aut quam. Voluptate ut est incidunt vel molestias eum soluta aspernatur.',0,0,'2014-11-20 20:24:13'),(122,49,43,'Officia enim iusto temporibus vero aut aut eum ea. Aut totam est enim laborum earum minima dignissimos similique. Facere soluta pariatur unde harum aliquam necessitatibus.',1,0,'2013-07-27 06:07:15'),(123,66,99,'Cum consectetur quia ut molestiae sunt. Voluptates ut non culpa non. Mollitia tempora tenetur vel autem tempore maiores commodi. Veritatis eos beatae quaerat sint.',0,1,'2020-06-30 01:01:24'),(124,98,91,'Rerum nihil et consequuntur a labore fugiat. Eius dolore exercitationem libero laborum occaecati rerum quia. Consequuntur voluptatem cupiditate quia ut et velit. Dolores ipsam magnam labore.',0,1,'2014-09-03 21:12:47'),(125,60,26,'Culpa laboriosam non delectus sit deleniti id numquam. Aut corporis voluptatum provident quasi ea laudantium neque consequatur. Autem eligendi est qui voluptatem culpa ea. Quasi id nihil et voluptas.',0,1,'2014-11-08 20:35:11'),(126,52,81,'Delectus corrupti ex eos voluptas omnis. Velit harum magnam et. Necessitatibus saepe aut ab enim.',0,0,'2020-04-17 08:11:53'),(127,49,100,'Nesciunt rerum eveniet consectetur. Blanditiis quaerat et incidunt cum id quas vitae. Temporibus dicta possimus consequuntur consequatur. Id animi hic est quis dolorem.',0,1,'2013-06-23 23:54:37'),(128,54,70,'Dolorem perferendis asperiores ducimus aut velit. Quaerat non excepturi dolores eveniet animi. Et numquam architecto aut libero alias hic incidunt voluptates. Aut perferendis nemo blanditiis temporibus accusantium.',0,0,'2017-07-03 22:56:06'),(129,89,32,'Voluptas sint consectetur magnam exercitationem quisquam. Dignissimos culpa quod tempore illum quis et. Repudiandae et facere quasi modi maiores nihil consequuntur.',1,0,'2016-08-24 18:45:18'),(130,95,77,'Suscipit sit vitae inventore vel sapiente accusamus. Nisi velit mollitia et autem ipsum. Et et ea sed earum est corrupti error.',1,1,'2011-04-07 22:21:59'),(131,98,61,'Totam voluptatem voluptatem quo aut magnam rem. Qui aut rerum accusamus repellat quia. Sequi aut laudantium aliquam aperiam aut voluptatem. Quam ducimus qui vitae dicta rem qui consequatur minus.',0,0,'2011-10-11 11:10:39'),(132,8,59,'Mollitia quibusdam sed blanditiis inventore. Dolores blanditiis iste delectus sapiente. Ut aut labore assumenda excepturi.',0,1,'2014-11-04 09:52:20'),(133,69,67,'Tempora et deleniti omnis ipsum. Qui eum error fugiat commodi. Est dolorem optio alias.',1,1,'2016-06-23 03:19:54'),(134,29,41,'Ducimus est quidem explicabo repellendus modi accusantium autem qui. Optio autem distinctio dolorum impedit voluptas omnis alias. Et sed temporibus dolores qui numquam sapiente saepe.',0,1,'2021-02-27 01:18:08'),(135,18,65,'Placeat aperiam cumque dolorem velit tempora. Eaque exercitationem repellendus quis molestiae quos quis voluptates. Minus voluptatem a dolores.',1,0,'2014-01-09 15:54:24'),(136,74,72,'Architecto minima et recusandae sed quaerat. Quidem et et porro placeat optio. Asperiores ut dicta accusantium quam id aliquid. Harum facere ea qui unde quo doloremque fuga.',1,1,'2015-03-11 22:12:36'),(137,40,81,'Et et non dolor quaerat autem magnam. Tempora rem aliquid velit dolores excepturi qui officiis. Illo quis commodi cum et. Maiores ducimus ea similique dolore quam.',0,1,'2017-11-04 11:46:38'),(138,86,88,'Est suscipit sequi repellendus quod sit expedita. Alias necessitatibus atque quo modi quia. Possimus repellendus voluptatem dicta temporibus. Porro harum aperiam consequuntur atque libero velit dolorem.',0,1,'2019-01-18 01:30:57'),(139,80,35,'Quae qui maxime nam et aut aut. Expedita veritatis ipsa enim fugiat autem. Quia velit esse vitae rerum.',0,0,'2011-08-21 19:39:54'),(140,36,74,'Reiciendis dolores fugiat eos. Et numquam qui perferendis a. Sit dolore quia expedita dolores fugit consequatur. Cum dolores error est sint illo.',0,0,'2017-04-04 22:30:36'),(141,60,80,'Quia harum dolorum iste repellat adipisci laudantium. Sed omnis quia autem et. Quia et illo velit molestias ex repellat praesentium. Est dolore mollitia sed voluptatem animi temporibus placeat.',1,1,'2016-03-09 12:17:08'),(142,19,55,'Ea aut dolor explicabo iusto. Fugit velit cupiditate officiis ipsam officiis. Minus et nulla et provident.',1,1,'2020-06-23 22:26:41'),(143,18,23,'Quia quia at molestiae omnis repellat. Quo voluptatem nemo distinctio nihil dolorem sed rerum. Dolorem quia suscipit nam sunt veniam.',1,0,'2012-10-24 08:56:44'),(144,62,41,'Exercitationem qui doloremque sed atque dolorem ducimus perferendis. Officiis sit molestias neque est veritatis.',0,1,'2020-03-05 04:39:21'),(145,18,66,'Quia quas est laboriosam rem provident harum. Aut dolorem fuga esse officia nostrum ea voluptas nemo. Ea ducimus explicabo consequuntur unde culpa dicta rem. Error et possimus vel cum omnis qui magnam. Accusamus unde maiores nihil non sequi repellendus est.',1,1,'2018-10-01 23:04:17'),(146,77,85,'Aut consectetur suscipit eum aspernatur. Atque cumque illum corporis quas vero.',1,1,'2016-05-29 04:05:36'),(147,94,17,'Recusandae molestiae blanditiis et ut totam. Ex tempora et rerum cumque. Dolorum nisi illo ad ab delectus. In provident quidem qui.',1,0,'2018-08-01 13:19:41'),(148,99,44,'Perspiciatis qui molestiae a ducimus repellat quis. Aut eos sunt vel pariatur cupiditate. Et et debitis recusandae architecto architecto. Eos sequi minus dolorem illum est voluptatem.',1,0,'2014-11-17 20:04:24'),(149,21,74,'Incidunt perspiciatis nobis beatae voluptatem error. Neque et veritatis ad nihil dignissimos aliquid. Assumenda consequatur consequuntur voluptas laudantium ut fugiat qui.',1,1,'2016-10-08 01:11:07'),(150,7,11,'Inventore illo ducimus blanditiis qui. Recusandae quo quod eveniet nemo fugit amet quam. Sit autem sit consequatur dolore nemo. Quia nostrum veniam velit dolores quae.',1,0,'2020-06-01 16:23:39'),(151,35,39,'Repudiandae aut est sit quod. Adipisci ea et architecto nemo ducimus. Maxime quam ut architecto sunt minima officiis numquam. Quia commodi et veniam veniam quia expedita ea laboriosam.',1,1,'2011-07-29 13:26:01'),(152,93,45,'Eaque quia qui ab perferendis id sunt optio. Corporis nihil voluptates sint eligendi quaerat eveniet natus. Veritatis minima sit exercitationem eum suscipit in vel. Dolorem reiciendis sed ut veniam non.',1,1,'2017-12-14 01:55:52'),(153,48,2,'Dolores eum doloremque facere. Delectus quibusdam facere perspiciatis voluptatibus. Veritatis rerum molestiae et aut quia vel enim. Fugiat quos ea aut sit nesciunt.',1,1,'2017-10-16 19:21:36'),(154,68,33,'In quasi sit unde ut. Libero pariatur provident est fugiat. Modi autem sint omnis aut voluptatem eos debitis.',1,1,'2020-03-26 01:55:19'),(155,60,99,'Quae eum et ut culpa aliquam occaecati. Vero sit delectus voluptatem aut numquam corrupti dolorum aut. Qui qui nulla reiciendis quidem nihil. Quia ut reiciendis molestiae.',0,0,'2014-02-06 14:49:25'),(156,15,77,'Soluta cumque iure nihil. Similique molestias aliquam et et est eum.',0,0,'2014-05-17 08:13:24'),(157,40,70,'Sunt facilis ducimus veritatis reprehenderit qui consequuntur id rem. Qui sit ut accusantium minima rem modi. Ad aut recusandae quia culpa perspiciatis a assumenda.',1,1,'2011-07-30 09:10:42'),(158,30,36,'Repudiandae laudantium fugit quia. Hic tenetur laudantium provident repellat iure laborum. Earum occaecati atque natus ab aliquam quam enim. Voluptatem tempore sit et cumque expedita voluptatem quis. Et et in dolor rerum.',0,1,'2018-10-03 06:05:50'),(159,93,56,'Dolores enim enim est nihil. Delectus est sunt cum in dignissimos. At reprehenderit autem animi. Laboriosam consequatur cumque corrupti dolores a nobis voluptatem eaque.',1,0,'2019-12-28 05:37:50'),(160,2,40,'Quaerat in qui sit explicabo. Pariatur voluptatem voluptatem assumenda necessitatibus sit. Rerum et ut temporibus et voluptatem et natus.',0,1,'2019-08-04 00:55:46'),(161,95,54,'Aut quia voluptatem aut natus perferendis. Quia et asperiores voluptatibus asperiores eum nihil dignissimos tenetur. Cupiditate ut non dolores voluptas hic blanditiis adipisci.',1,1,'2016-05-05 21:13:30'),(162,86,65,'Ipsa magnam debitis nobis ea est in. Omnis et provident dolore fugit sint. Neque tenetur quaerat quia. Illo in omnis quae voluptatem dignissimos.',1,0,'2013-02-26 22:21:16'),(163,66,36,'Cumque in quos non vitae atque libero. Harum veritatis quia dolores laudantium sunt. Illo qui eos voluptatem quis id nihil. Ut et dolores et rerum laudantium voluptas consequatur.',1,1,'2018-03-06 21:30:37'),(164,79,88,'Aspernatur quia nam voluptatem quis reprehenderit. Fugit laboriosam voluptas est non officia consequuntur est. Quo quo tempore aut nostrum quis. Qui id ex exercitationem temporibus ut.',1,1,'2019-09-25 08:53:46'),(165,4,53,'Qui cum ea nostrum quibusdam commodi id. Vero dicta magnam officia architecto. Iste aperiam voluptas quod sit odio. Beatae recusandae ut debitis et.',1,1,'2014-02-20 00:16:48'),(166,54,12,'Doloremque odio at totam. Quis numquam tempora officia qui sed ut rerum. Amet facere et eveniet sunt at et consectetur. Est sunt dolorum sit.',1,1,'2015-10-25 06:28:01'),(167,94,37,'Et omnis ad sit temporibus. Nihil voluptatem et est voluptates. Quis officia fugiat cupiditate nam praesentium aliquam dolorum. Eum pariatur suscipit esse perspiciatis rerum.',0,0,'2018-08-27 08:10:18'),(168,2,97,'Harum et quis in hic. Accusantium nihil vel et sed.',0,0,'2019-01-19 07:00:52'),(169,79,5,'Rerum et illo quia enim dolores nobis sed voluptas. Sed consequuntur cumque sunt reprehenderit consectetur sapiente.',0,1,'2015-11-01 20:37:09'),(170,85,10,'Doloribus in quaerat amet quos id aspernatur quo. Ut et velit numquam magni et consequuntur. Velit iure dolores quas molestias quia vel in rem. Unde natus beatae quibusdam et. Est fugiat consequatur cumque quis est quia dicta.',1,0,'2011-11-13 09:17:20'),(171,96,48,'Quas cumque dolores exercitationem est mollitia officia debitis. Illo tempora quia blanditiis. Rerum ipsum aut deleniti suscipit.',0,1,'2015-12-27 00:25:33'),(172,52,17,'Sed incidunt magnam optio distinctio. Blanditiis et consectetur similique aut non corporis atque. Distinctio incidunt est cumque libero saepe.',0,1,'2016-08-15 01:41:05'),(173,26,79,'Magni non totam corporis voluptas quo expedita. Adipisci et porro est enim nulla. Est aliquam nulla labore nemo nulla rerum non aut. Consequatur asperiores non non nihil consequatur aut molestias.',0,1,'2016-12-02 06:38:43'),(174,18,50,'Doloribus eum est adipisci minus voluptates qui. Sit nostrum consequuntur corrupti quis. Consequatur aut ipsam earum optio iusto similique. Reprehenderit ea ut ducimus ad incidunt.',1,1,'2019-11-22 09:17:44'),(175,95,25,'Sit et porro ut non cum nihil aut. Saepe soluta quisquam ipsa nesciunt et hic quae quae. Enim totam reprehenderit beatae aut nemo temporibus quia.',1,1,'2016-08-03 13:22:02'),(176,41,28,'Doloremque vel velit facilis et maxime omnis. Quis autem qui officiis dolores illo repellendus qui. Porro alias accusamus voluptatem animi.',0,0,'2020-11-27 18:51:26'),(177,15,92,'Non dolore voluptatem aliquid. Culpa dolorum quaerat et ut quis aut. Assumenda repellendus numquam nihil rerum et hic nisi. Dignissimos in ullam et quia ea modi.',0,0,'2012-05-03 14:13:21'),(178,16,3,'Eos velit occaecati aperiam repudiandae sint. Distinctio maxime itaque eligendi numquam corporis.',1,0,'2011-05-09 09:48:25'),(179,64,14,'Voluptas dolores iusto qui et velit velit placeat accusamus. Quisquam odit harum quidem voluptates aut. Adipisci non et dicta quaerat aut quas. Adipisci et voluptas amet dolorem.',1,0,'2019-09-13 07:52:10'),(180,76,37,'Quos architecto voluptatibus deserunt sit delectus dolore qui. Cumque vel beatae facere voluptas quia. Repudiandae voluptatum repudiandae minima delectus. Est est sunt consequatur sed omnis impedit.',0,0,'2014-01-10 08:18:41'),(181,58,78,'Vitae enim illo est. Unde velit veniam vero reiciendis quos earum fugit. Quo rerum soluta qui dolor.',1,1,'2019-06-08 09:38:22'),(182,16,46,'Qui nihil totam dolores vel incidunt cumque quam. Sit molestiae veniam quia corporis neque fugit et. Expedita voluptatibus repellendus consequatur ut et.',1,1,'2013-12-11 09:08:17'),(183,82,70,'Odio ut repellendus veniam excepturi voluptas mollitia et. Commodi incidunt quaerat reprehenderit. Qui omnis laborum est minima ut perspiciatis. Magni dolor iure dolor.',1,0,'2013-01-21 20:49:28'),(184,4,10,'Quia corrupti dolores eum quia fugiat. Hic molestiae officiis dicta et aut labore architecto. Exercitationem cupiditate consequatur placeat ut distinctio et.',0,1,'2014-11-05 04:37:49'),(185,36,49,'Eius molestiae quo repudiandae assumenda itaque. Ullam consequatur sapiente voluptatum blanditiis. Autem quasi incidunt cum minus. Beatae accusantium ratione quod odit eius.',0,0,'2012-09-05 15:12:24'),(186,36,33,'Labore exercitationem vero sapiente similique. Voluptates nostrum consectetur minima beatae nulla atque. Ratione omnis dolore aut. Qui nam porro alias adipisci fugiat laudantium sunt.',0,1,'2012-01-21 11:23:11'),(187,57,83,'Autem placeat ea architecto molestiae quo qui aspernatur. Maxime placeat rerum perferendis repudiandae. Qui dignissimos aut nulla rerum deserunt.',0,1,'2014-12-05 04:20:09'),(188,47,83,'Nihil dolore quia quasi porro. Itaque rerum qui non unde eius. Expedita sit et laborum reiciendis. Quos enim accusamus molestiae rem reprehenderit neque enim.',0,0,'2020-10-06 16:37:45'),(189,75,24,'Quisquam ea vel optio et. In dolor doloribus dolorem magni qui.',1,0,'2020-12-19 04:53:01'),(190,95,2,'Doloremque natus est a ad. Et aspernatur suscipit eum voluptates voluptatem et cumque. Blanditiis dignissimos at quidem qui non ipsam.',1,1,'2020-03-06 01:43:57'),(191,26,22,'Omnis vel molestiae aperiam. Itaque iste placeat quas. Perspiciatis officia repudiandae non molestiae odio.',0,0,'2015-07-03 09:23:35'),(192,31,90,'Perspiciatis quo vel in minus aliquam omnis. Eum deleniti consectetur possimus et. Ratione facere ipsa in est qui.',1,1,'2020-01-11 11:40:53'),(193,56,12,'Qui velit sed illo necessitatibus. Alias minus consequatur sit molestiae quia odio qui. Sed quas aut inventore voluptatem doloribus debitis. Ut cumque perspiciatis eius enim.',0,0,'2019-05-26 11:33:39'),(194,88,4,'Et deserunt amet libero et. Eum odit voluptatibus et porro pariatur et adipisci. Fuga et excepturi consectetur nesciunt et laboriosam sint.',1,1,'2014-11-14 12:08:39'),(195,55,61,'Quo vero quia blanditiis eum reiciendis deserunt neque. Nesciunt perferendis est cum corporis et voluptatem. Culpa est labore molestias dolores.',0,0,'2016-06-20 05:26:12'),(196,41,23,'Tempore rerum aspernatur blanditiis quia est. Ex iusto quasi nihil nam eius. Nisi debitis similique sequi asperiores non.',1,1,'2018-04-02 15:08:13'),(197,91,83,'Id blanditiis atque eaque dolorem et. Aut dolorem eum dolor dolorem. Beatae nobis nihil odit nemo voluptatem eos.',0,0,'2021-02-19 11:45:32'),(198,44,69,'Nam molestias eum iste mollitia aut quaerat. Rerum sequi repudiandae eius non odio et autem. Sit ratione omnis in consequatur. Reiciendis molestiae quos sunt maiores aliquid.',1,0,'2016-08-13 02:27:41'),(199,15,65,'Est et dolor fuga eos rem architecto. Sunt nihil optio nesciunt eligendi excepturi ad ab a. Et rerum ut cumque voluptatem deserunt eaque possimus. Consectetur impedit eaque sed sunt rerum veritatis quia qui.',0,0,'2011-09-06 23:16:41'),(200,79,2,'Et sed blanditiis beatae qui quidem. Dolore et tempore minima qui est nisi et. Aut voluptate nihil dolore provident. Ipsa earum dolores fugiat recusandae reprehenderit. Voluptatem a magnam sequi facilis qui et sunt.',1,0,'2017-03-22 06:32:47'),(201,72,52,'Quod alias culpa porro. Quibusdam explicabo nihil magnam necessitatibus accusamus qui nesciunt. Magnam molestiae qui pariatur inventore et vero soluta. Animi excepturi deleniti nesciunt.',1,0,'2019-07-28 14:45:42'),(202,45,69,'Quis dolorem porro tempora enim est soluta dolores. In ex officiis omnis quisquam enim. Consequatur dolorum consectetur nisi.',0,1,'2019-09-29 22:11:50'),(203,9,39,'Magni beatae veritatis ad non quos molestiae. Id officiis aut quam aliquam. Eveniet molestias quis corrupti cumque. Illo quas praesentium suscipit officia est rem.',1,0,'2019-06-04 11:52:48'),(204,66,13,'Accusamus aut doloremque officiis. Fugit et nam officiis est nesciunt. Quam illo nostrum unde et accusantium.',0,1,'2019-07-07 21:12:18'),(205,67,93,'Praesentium deserunt quod fugiat iure et dolorem aliquid. Dolorum modi tempora rem. Veritatis quam qui eveniet eius ut ratione dolor. Officiis architecto doloremque molestiae non id.',1,1,'2020-08-23 07:16:19'),(206,65,46,'Praesentium rerum dicta dolorum eveniet. In voluptatem voluptatibus harum delectus modi dicta. Vel ut eos qui asperiores facilis.',1,0,'2012-05-18 00:25:02'),(207,32,23,'Voluptate nesciunt nulla corporis blanditiis cumque asperiores. Voluptas velit omnis id labore. Et repudiandae quibusdam in distinctio vitae. Mollitia minus facilis quo id est occaecati ab adipisci.',0,0,'2018-03-14 01:00:42'),(208,21,32,'Et est et et eius quam quae. Illum minima quae ut necessitatibus autem ipsa similique est. Blanditiis possimus porro sit illum. Accusamus asperiores rerum explicabo et consequatur qui saepe qui.',0,0,'2020-09-26 16:47:24'),(209,97,89,'Recusandae commodi deserunt architecto deleniti placeat dolor. Ab quibusdam quo voluptatem quisquam explicabo explicabo.',0,0,'2015-06-25 16:33:51'),(210,52,94,'Magni soluta quae qui hic velit ad assumenda. Qui velit voluptas deleniti minima et. Quo sed quos et tempora cumque.',1,0,'2017-07-13 01:13:35'),(211,12,78,'Adipisci est iste facilis possimus expedita modi asperiores. Et sunt cum maiores labore reprehenderit voluptatum corrupti. Autem quisquam et ut vitae. Aut magnam atque earum sunt animi ratione.',0,0,'2016-02-16 12:12:32'),(212,54,37,'Impedit quo sapiente facilis sequi. Temporibus autem autem provident suscipit alias ipsam officia. Ut accusamus laboriosam nisi eum.',0,0,'2014-05-18 08:44:55'),(213,21,95,'Tenetur beatae qui enim. Quia voluptas minima perspiciatis. Alias qui dignissimos occaecati animi.',1,0,'2016-07-15 02:49:23'),(214,12,72,'Quae officia adipisci similique dolor quia ab. Pariatur id itaque consequatur et consequatur. Veritatis incidunt enim a eaque. Non qui illum eum qui id iusto. Aut repudiandae eum officiis amet.',1,1,'2017-09-14 19:29:04'),(215,24,5,'Tenetur laboriosam nemo quasi consequatur sapiente. Velit enim sequi et iure molestiae similique. Non cupiditate consequatur ab dolor dolorem.',0,1,'2013-11-26 06:27:02'),(216,50,36,'Non omnis exercitationem quia aut autem voluptas. Nihil omnis quaerat blanditiis provident. Omnis quia ut et minus tempore placeat earum.',1,0,'2017-05-18 07:47:34'),(217,28,33,'Reprehenderit quidem explicabo odio possimus doloremque officiis tempora. Autem repudiandae et veritatis omnis non. Debitis dolor exercitationem eligendi dolorem quaerat quisquam voluptatibus tempora.',0,0,'2013-03-26 06:27:00'),(218,81,4,'Illum ut accusamus rerum. Vitae nulla tempora sequi blanditiis. Quia error pariatur eos.',0,0,'2014-12-16 09:11:28'),(219,79,79,'A ut in animi quia magnam. Ea nemo veritatis dolorem vitae aperiam. Totam et ut doloribus nam. Est sed dolores laboriosam quam enim error et.',1,1,'2020-11-21 09:04:30'),(220,60,62,'Debitis aut deleniti voluptatem est est provident et. Ut quidem ipsum reprehenderit quod. Et tenetur iste numquam error quos voluptatem velit. In praesentium fuga rerum tempore.',1,1,'2017-10-15 00:09:39'),(221,30,64,'Ea consectetur amet aut fugiat sed accusamus. Accusamus est vero deleniti omnis sit sunt. Sed harum ab excepturi autem.',1,0,'2013-07-01 13:51:51'),(222,27,45,'Aut nulla nam architecto omnis magni praesentium repellendus. Nesciunt rem nulla ipsum corrupti voluptate distinctio minima. Quibusdam aut officiis aut sint facilis voluptas. Corporis nihil consequuntur nostrum architecto nostrum est sit optio.',1,0,'2015-05-16 07:36:16'),(223,43,78,'Consequatur quo libero in nostrum doloremque. Fugiat dignissimos quasi laborum possimus. Non repellat consectetur nulla dolores veritatis. Eum ut ipsa et. Rerum eius enim atque atque voluptate nisi earum.',0,0,'2013-03-11 21:15:05'),(224,64,82,'Dolore voluptatem eum quia iste magnam non. Dolores officia facilis quia facilis cumque quia officiis. Eum rerum et autem quia eius.',1,1,'2020-05-16 10:44:08'),(225,17,40,'Vero hic sit velit sed autem. Reiciendis delectus officia et magnam dolore. Fugit corrupti enim beatae aut cumque.',1,0,'2019-10-03 02:46:03'),(226,47,13,'Natus et dolores qui accusantium unde. Et illum neque quibusdam nobis deleniti est nobis. Deleniti esse iste nemo quisquam.',1,1,'2011-08-23 19:01:49'),(227,27,93,'Odit dolorem id pariatur omnis repellendus repellat est. Possimus eum ratione aliquam corrupti. Et ipsum ducimus ea mollitia laboriosam. Ut excepturi doloribus reprehenderit amet cupiditate.',1,0,'2020-06-21 04:52:53'),(228,83,36,'Veniam dolorem ipsam facilis delectus in aut corporis. Dicta sunt ipsa iste. Soluta sunt quae maiores labore.',0,0,'2018-07-01 09:06:57'),(229,30,44,'Et dolores explicabo quod provident quae. Tenetur ea nemo dolores neque. Repudiandae ut est quo placeat est veritatis sint.',1,1,'2016-10-05 08:42:32'),(230,26,100,'Magnam commodi consectetur sequi ut repellat. Cumque est molestiae possimus occaecati quia maiores molestiae.',0,1,'2014-06-19 15:07:14'),(231,19,96,'Dolores mollitia illum ad dolores sint. Qui aperiam sed unde facere error quo quas. Sed hic est velit maxime deserunt. Numquam odio ut harum in.',0,1,'2016-01-10 13:13:27'),(232,24,32,'Velit eos culpa nam dolor. In nesciunt eligendi voluptas non eum consequatur. Dicta nisi molestiae aut cum enim in.',0,0,'2018-10-05 22:54:19'),(233,85,31,'Provident quam sequi voluptatem eos. Temporibus rerum dolor asperiores quia illo eos molestias. Dolores vero corporis exercitationem.',0,0,'2013-10-02 17:40:53'),(234,99,100,'Sit hic quia optio eos itaque accusantium. Sed qui quasi debitis tempore nobis.',0,1,'2012-04-13 22:26:33'),(235,4,18,'Quasi sunt nihil quia dolor amet voluptatem et. Impedit consequatur aut quia reiciendis. Optio placeat ut aliquam. Ad quo velit praesentium. Quis aut blanditiis voluptatum rerum doloribus sapiente sequi quibusdam.',1,1,'2014-10-05 06:23:34'),(236,80,45,'Corporis non sit at minus. Quia molestiae debitis sunt amet et quaerat pariatur.',1,0,'2016-03-29 21:09:28'),(237,84,83,'Exercitationem ratione velit nulla consectetur et aut. Quis tenetur sit voluptatem est architecto quo qui. Dolores quia error officiis. Non sunt eaque hic.',0,1,'2012-06-04 02:19:47'),(238,62,63,'Sit voluptatum nisi rerum eum. Consequatur delectus dolor tempore voluptas qui sed. Ad libero nam eligendi iusto enim quos aliquid. Excepturi nam delectus laborum voluptatem quas rerum sed saepe. Natus asperiores ut in sunt veritatis.',1,0,'2012-08-25 16:33:57'),(239,26,41,'Ex eveniet sequi minima eius voluptas adipisci accusantium. Quibusdam quae maiores eius voluptas. Labore amet vero fugiat dolor dolorum. Sed ex distinctio dolorem dolores molestiae quia adipisci.',0,0,'2013-01-17 02:14:58'),(240,27,13,'Aut fugit aliquid velit. Qui est nemo pariatur quasi natus est sit. Architecto iste eligendi ut dicta. Perferendis enim saepe nobis blanditiis corporis consequatur atque.',1,0,'2018-03-07 09:32:51'),(241,83,75,'Expedita deleniti rerum distinctio sit explicabo veritatis dolorum. Numquam quasi quas perferendis et. Quaerat libero accusantium et cum corporis explicabo. Ut illo possimus quae omnis nam officiis aperiam.',1,0,'2014-07-16 01:10:16'),(242,25,2,'In sint consequatur nulla qui ut repellendus eum. Vitae aut ullam et in nihil. Sapiente blanditiis nesciunt saepe neque quam non reprehenderit quia.',1,1,'2013-01-14 08:43:09'),(243,33,59,'Error consequatur magni sed saepe enim cum est. Ipsa odio voluptate est vel aut debitis vitae dicta. Similique dolorum cupiditate expedita sint necessitatibus.',0,1,'2020-01-24 13:36:34'),(244,95,96,'Distinctio et pariatur est rerum fugit molestiae et. Dolores voluptas ea id ea. Odit eos illum veniam ab inventore voluptas.',0,0,'2011-11-02 12:28:41'),(245,95,86,'Cupiditate voluptatibus cupiditate nemo id dolores eos cupiditate. Consequatur corporis ad voluptatem aut. Delectus sit non quidem magnam veritatis impedit exercitationem.',0,0,'2018-02-27 02:40:51'),(246,45,67,'Cum alias quam enim officia. Voluptatum ipsam pariatur necessitatibus provident doloribus. Aut tempora veritatis suscipit sed dicta laboriosam. Asperiores quidem amet maiores aspernatur. Placeat aliquam aut earum.',0,0,'2015-01-27 06:53:53'),(247,97,87,'Sint natus sed magnam id eaque. Dolores sint aspernatur ut odio id sit qui. Dolore illum ea quo adipisci veritatis non. In perferendis autem ipsum aliquid corporis.',1,0,'2017-05-25 21:07:05'),(248,40,41,'Reiciendis veniam perspiciatis eos provident. Est deleniti consequatur debitis.',1,1,'2019-12-14 01:46:04'),(249,83,93,'Cum quae voluptatem necessitatibus aut. Quae nostrum in a excepturi quasi et sit. Labore voluptatem facilis repellendus dolorem quod iure non. Quia rem esse corporis sit exercitationem. Voluptatem numquam aut recusandae magnam.',1,0,'2018-02-11 08:10:10'),(250,17,2,'Libero rerum sit deserunt numquam labore optio. Harum dolores modi aut aut at. Beatae cum eveniet voluptatem necessitatibus consequatur quaerat. Illum fugiat pariatur accusamus distinctio dolore sunt quibusdam sit. Repudiandae non quis dolore ad.',0,1,'2015-12-21 09:45:43'),(251,60,92,'Reprehenderit et animi explicabo sed odit. Id natus sit nemo numquam qui aliquam impedit. Optio inventore nemo earum voluptatem quod dignissimos. Neque laborum porro cupiditate aspernatur vero.',0,1,'2017-06-26 18:20:36'),(252,82,32,'Dolorem totam hic et autem sequi. Dolores et et rem maiores aspernatur atque consequatur. Quam quos modi qui velit qui exercitationem cum.',0,0,'2011-04-20 17:16:47'),(253,14,75,'Officiis officia accusamus officia dolor natus. Et qui illum dolorum aut quos et. Doloribus earum eum expedita dignissimos et molestiae architecto.',1,1,'2014-09-02 12:34:40'),(254,30,26,'Dolores aperiam autem et cupiditate et. Dolores ullam occaecati dolorem. Consequuntur odit qui fugiat animi natus enim sequi non. Aut et itaque atque quibusdam et.',0,1,'2018-01-24 17:24:27'),(255,39,19,'Dolor soluta ut aliquam et. Inventore odio recusandae illo consectetur. Vero et labore doloribus quis aut. Ut quae corrupti sint rerum et sunt odio. Deserunt provident nisi autem veniam.',1,0,'2011-11-19 02:29:33'),(256,74,13,'Nihil aut aut corrupti non ut quas eveniet enim. Sint occaecati nemo iste id deserunt. Incidunt ipsam exercitationem laboriosam at quisquam.',1,0,'2013-10-10 05:00:33'),(257,45,83,'Aut nobis quaerat nemo minus eaque et laborum. Architecto consequuntur illum alias ut voluptatibus architecto. Sint rem amet provident eligendi molestias assumenda. Praesentium voluptas quia aut vel minus.',1,1,'2020-03-01 23:36:30'),(258,79,48,'Voluptas est omnis magnam et voluptatem nostrum nobis voluptatem. Exercitationem tenetur unde velit cum. Recusandae sunt officiis natus esse atque qui. Doloremque aliquam quisquam veniam expedita doloremque nostrum illo praesentium. Aliquid harum est optio ea.',0,0,'2019-05-18 23:10:19'),(259,3,68,'Cumque labore modi delectus veniam. Minus perferendis non soluta aliquid placeat est ut. Non alias ab molestiae aliquam maiores beatae aut tempora. Inventore quasi eum expedita cupiditate debitis omnis sit.',0,1,'2012-11-04 10:23:50'),(260,30,45,'Reiciendis autem deleniti eos earum laboriosam libero quia. Vero sit hic quae corporis ratione. Hic esse ipsam molestiae corporis natus.',1,1,'2017-05-13 15:17:15'),(261,36,46,'Libero nesciunt vel ut omnis voluptatem et. Placeat praesentium iure sit et dolor tempora. Est ad nam placeat voluptatum voluptatum harum.',1,1,'2019-11-28 19:37:28'),(262,20,62,'Veniam accusamus quis porro dolore consequatur a. Magni sunt possimus deserunt voluptatem fugiat corporis tempore. Praesentium maiores nostrum sint ut deserunt. Possimus molestiae eius consectetur debitis voluptas est.',1,1,'2018-03-25 14:17:06'),(263,51,68,'Quidem eos et dolor porro odit hic facere. Quo vel fuga repellendus quas. Quis ipsa suscipit vel minima aut omnis.',0,1,'2014-08-15 09:07:27'),(264,85,23,'Veritatis sapiente voluptatem libero mollitia ab tempore vel suscipit. Sunt beatae autem perferendis sed fuga. Quasi fugit voluptate qui sunt alias voluptas atque. Dolorem ullam eum cupiditate libero veritatis rerum mollitia.',1,1,'2014-11-25 10:12:06'),(265,60,28,'Ea incidunt est ipsum ratione laudantium. Debitis id et inventore velit natus doloribus. Sed voluptatibus provident et. Accusantium aliquam cumque voluptatem atque distinctio ut voluptatum.',1,0,'2018-06-24 19:14:57'),(266,59,11,'Sed facere ipsum dignissimos. Sunt corrupti et omnis magnam. Molestiae saepe quia dolore accusantium corporis. Aspernatur sit sed nesciunt. Dolores quo quaerat placeat.',0,1,'2021-02-23 22:41:05'),(267,78,55,'Non eum ab aut qui non earum. Et ipsa dolorem sit accusamus. Modi assumenda non veritatis quo.',1,1,'2012-11-25 06:20:08'),(268,42,43,'Dicta aut ex quia magni accusamus. Perspiciatis veritatis veniam est neque qui error illum consequatur. Quisquam sunt voluptatem dolorem temporibus repellendus laudantium quo esse.',1,1,'2013-01-19 06:58:53'),(269,88,9,'Necessitatibus inventore modi mollitia sapiente. Veritatis sint et et explicabo facilis voluptatem provident. Quo ipsam quo nemo tempore. Tenetur maxime rerum dicta.',0,1,'2017-12-07 19:40:21'),(270,84,92,'Inventore earum et dolores reiciendis ut odit ea. Esse voluptate assumenda quasi repellat. Voluptatem deserunt tempore numquam ipsum.',0,0,'2019-04-27 10:21:02'),(271,7,61,'Incidunt numquam iusto explicabo ipsam esse aut odit. Minus quia in assumenda nam corporis esse.',0,1,'2018-12-05 12:03:26'),(272,80,16,'Totam minus incidunt dolorem dolor deleniti sapiente iste voluptas. Voluptatem quasi beatae accusamus est.',1,1,'2019-08-22 22:56:58'),(273,42,61,'Cum incidunt esse nihil. Dolorem odio facere qui consequatur necessitatibus perspiciatis sunt. Sed et voluptatem nesciunt enim ex minus perferendis.',0,0,'2020-12-29 22:38:56'),(274,79,10,'Delectus qui et cumque sint. Et voluptas provident dicta temporibus dolorem sapiente exercitationem. Qui impedit non animi et.',0,0,'2018-04-10 08:58:09'),(275,14,38,'Impedit totam soluta voluptas iste. Aut cupiditate magni qui aut dicta sit beatae. Dolorum omnis numquam sit. Possimus optio consequuntur neque fugiat maiores. Placeat autem veniam animi quia voluptas.',1,1,'2019-12-12 15:35:00'),(276,49,31,'Iusto voluptate deleniti culpa delectus repellendus et. Perferendis fugiat corrupti incidunt odit. Aut ipsa cum qui et eligendi est culpa. Enim commodi tempora et similique voluptatem vel.',1,0,'2018-01-03 16:36:11'),(277,8,47,'Culpa ut ducimus sapiente repudiandae. Quaerat vero laudantium accusamus placeat repudiandae voluptatem nisi. Mollitia deleniti officiis harum odit.',1,0,'2017-04-08 00:05:25'),(278,8,100,'Quos laborum officiis cumque distinctio vel veritatis alias. Quod voluptas labore et dolorem quia voluptates consectetur. Incidunt consequatur quia ullam. Nam neque voluptas ipsa beatae. Est quasi cum et enim quidem.',0,1,'2012-10-04 08:57:58'),(279,75,73,'Omnis illo repellat ad magni ipsa. Commodi est hic omnis. Perferendis id tenetur rerum aut.',0,0,'2019-06-13 20:56:27'),(280,42,92,'Vel illum accusantium temporibus nam. Libero ut non qui aut nobis. Sed porro nihil atque laudantium deserunt sit. Itaque cumque id repellat molestias optio necessitatibus est.',0,0,'2015-09-14 03:20:44'),(281,30,76,'Aut vero quae quo eos reprehenderit. Facere iusto molestias voluptates. Excepturi commodi et facilis aut eum.',1,0,'2013-12-26 05:55:40'),(282,89,16,'A est optio eos magnam autem magnam nisi esse. Aut corporis necessitatibus iste eveniet. Nihil soluta earum doloremque neque sequi.',1,0,'2011-07-29 14:03:11'),(283,11,7,'Dignissimos ut odio hic alias. Expedita et voluptas rerum facilis modi. Voluptas eum odit corporis sapiente non est corporis. Quasi voluptates et amet impedit sed ipsam reprehenderit.',1,1,'2012-05-18 16:32:03'),(284,2,87,'Suscipit quod natus voluptatum dolores molestias eligendi itaque. Repudiandae consequatur error sunt sed quia inventore quia. Suscipit distinctio sint perspiciatis voluptate exercitationem quos. Laudantium eos et corporis et esse voluptas illo quia.',0,1,'2021-03-02 15:49:01'),(285,31,91,'Vel et vel nostrum sunt aut nihil nulla consequuntur. Aut praesentium est rem consectetur voluptatem id cum nisi. Est voluptate iusto vitae animi impedit sit commodi.',1,0,'2014-09-26 03:21:38'),(286,62,35,'Vero nobis et accusamus sapiente id qui eos. Quo sed doloremque optio voluptas quia nihil ut. Autem sequi qui doloremque aut eum velit.',1,0,'2015-08-03 13:58:17'),(287,90,45,'In fugit beatae ab. Quasi enim reprehenderit sed molestias consequuntur architecto. Fugiat debitis quod et animi. Rerum quisquam iusto aut molestiae unde impedit est.',0,1,'2018-10-15 18:37:31'),(288,55,41,'Blanditiis saepe voluptatem omnis nihil iure. Eveniet asperiores illo consequatur sed voluptatibus voluptatem. Beatae cupiditate doloremque fugiat atque debitis.',1,0,'2015-01-10 23:04:04'),(289,36,58,'Nulla magni omnis ratione id delectus hic aperiam sunt. Aspernatur quia quaerat a aut eum non odit. Ea et ut aut unde nihil in.',0,1,'2019-12-13 00:54:25'),(290,80,25,'Laudantium sit impedit natus laudantium id quam quia iste. Magni suscipit qui maxime ut ipsum dolore. Ut non ut eos minima molestias vitae soluta. Qui aliquam et sed id eveniet.',0,1,'2018-09-07 11:18:14'),(291,86,54,'Adipisci amet sunt veritatis. Nesciunt quae possimus aut voluptatem alias. Et quae eveniet sint velit et. Aut debitis vel voluptatem mollitia omnis. Et ipsa voluptas ullam omnis assumenda quo.',1,0,'2018-04-29 12:44:34'),(292,11,92,'Sit minus assumenda veritatis amet quam. Labore qui cumque quia praesentium maiores distinctio. Voluptate aut eveniet saepe.',0,0,'2014-08-12 18:28:20'),(293,29,67,'Qui ratione dolorem et et. Maiores enim aut tempore ipsa magnam similique et numquam. Alias voluptatem ut tenetur sit.',0,1,'2020-09-22 20:24:35'),(294,49,43,'Ad earum recusandae omnis odio. Ut numquam voluptatem aut quidem sapiente deleniti. Et impedit inventore inventore consequatur voluptate id deleniti.',0,1,'2018-02-06 17:35:10'),(295,66,1,'Occaecati alias enim doloremque libero ut. Possimus porro sunt ab corporis possimus dignissimos cupiditate. Cupiditate voluptas beatae tempore et dolorem nulla et. Laboriosam veritatis magnam in aspernatur laboriosam enim.',0,0,'2015-10-14 15:56:25'),(296,5,21,'Eum ut laboriosam eum iste facere delectus. Nihil sint quas perspiciatis. Numquam ut et est dignissimos.',1,0,'2017-09-01 01:23:47'),(297,91,92,'Veniam voluptas debitis tempore sit aut dolor itaque qui. Et veritatis voluptas provident nostrum quo tenetur assumenda. Consequatur dolor maiores doloremque dolorem ea animi fuga corporis.',1,0,'2016-01-08 13:19:52'),(298,85,48,'Eos omnis consequatur sit et. Vel eveniet aperiam rem sit natus. Maxime nihil ab ut sunt est. Voluptas vel non numquam officiis illum excepturi et.',1,1,'2015-08-31 07:03:38'),(299,86,84,'At voluptas impedit sit. Quam autem dolores sapiente eveniet debitis. Et sequi et sint nesciunt aut laborum quam reprehenderit.',0,0,'2012-02-20 01:34:39'),(300,62,56,'Maxime quaerat est accusamus natus odio molestias. Eligendi quia nihil unde molestiae minus. Qui voluptas explicabo ut quia ipsa deserunt. Nam eveniet suscipit odio magni ut quo consequatur.',1,0,'2019-07-18 16:21:48'),(301,93,96,'Veniam ipsum molestiae natus sit debitis in. Voluptatum rerum tenetur voluptatibus unde. Itaque blanditiis est beatae doloremque.',0,1,'2015-07-09 06:22:09'),(302,1,16,'Laboriosam a iusto et quo iusto et qui natus. Aut neque quo aliquid aut et sit dicta.',1,0,'2017-09-20 02:48:30'),(303,78,40,'Id omnis in dicta ut. Vero et illo ut quisquam tempora. Corrupti laudantium ut pariatur natus.',0,1,'2012-09-14 05:09:09'),(304,68,19,'Velit perspiciatis omnis iste id labore excepturi enim. Autem deserunt repellendus labore explicabo ipsum et. Est sed ut assumenda non voluptates. Consequatur vel et sit suscipit fugiat excepturi.',0,0,'2012-12-27 04:56:26'),(305,90,93,'Voluptas tempore quaerat adipisci unde error aperiam. Et dolores quis totam accusamus porro ut.',1,1,'2015-09-05 11:13:08'),(306,96,98,'Ratione error velit quia nesciunt excepturi sit voluptates. Velit sit aperiam est et. Placeat adipisci quia illo vitae eveniet qui.',0,1,'2017-08-20 18:31:28'),(307,3,19,'Ut impedit non sit sit sit. Rem autem omnis qui velit autem doloribus dolorem. Quo molestiae eveniet magnam facere impedit quasi velit.',0,1,'2017-12-02 02:13:50'),(308,87,78,'Quidem autem sint fuga qui. Suscipit ex quos laudantium id est doloremque. Quia qui maiores pariatur eum. Iusto minus qui sequi hic ut.',1,0,'2012-10-22 06:24:52'),(309,26,97,'Commodi voluptatem accusamus velit eos ut. Repellendus ex iure dolores rerum distinctio.',1,0,'2020-09-11 07:05:39'),(310,6,37,'Rem asperiores aut alias asperiores consequatur debitis enim et. Ut sint veritatis iusto velit dolor. Magni maiores dolor nisi reprehenderit qui iusto odit atque.',0,0,'2015-09-21 10:15:05'),(311,66,22,'Rerum ut et occaecati cum. Consequatur eos molestias dicta labore aut quibusdam. Sit cum consequatur et eum. Unde inventore enim quisquam natus voluptatibus.',1,0,'2018-05-01 07:10:06'),(312,8,76,'Ullam at ea officia velit placeat sit. Omnis excepturi sint facere molestias sed.',0,1,'2020-11-12 02:52:26'),(313,55,47,'Qui sit nostrum maiores vel. Accusamus quidem voluptas molestias ut. Facilis quod nam officiis quos numquam. Nulla sed qui quia consequatur nam.',0,0,'2011-07-02 03:34:15'),(314,67,94,'Sequi veritatis ut error fugiat commodi unde sunt. Alias voluptatibus odit non dolor sunt aut veritatis. Magnam incidunt rerum quisquam labore.',1,0,'2013-04-04 00:06:16'),(315,71,70,'At delectus beatae sed asperiores. Soluta odio optio ut.',0,1,'2020-03-29 01:55:23'),(316,35,67,'Aut placeat ipsa est qui vel. In voluptas sit quod facilis. Aut aliquam nobis enim corrupti est.',1,1,'2012-07-07 09:40:24'),(317,29,46,'Dolores corporis eos omnis voluptatem. Iusto et laboriosam voluptatem ea consequatur consequatur aut quo.',1,0,'2019-05-28 15:10:36'),(318,39,56,'Fugit asperiores id laudantium. Soluta iusto ea ducimus quae animi accusantium sit. Veritatis aut laboriosam voluptatem in in.',1,0,'2020-08-02 11:38:42'),(319,65,55,'Rem excepturi natus aliquam qui reprehenderit numquam porro. Aspernatur ipsam rerum ea ipsa laudantium maiores. Saepe quod non dolores quos molestiae ratione ut.',0,1,'2012-08-10 10:37:43'),(320,80,34,'Dolore est debitis eaque esse provident est voluptatum quidem. Quia ipsum tempora autem. Cum est qui id natus eius rerum.',1,1,'2013-09-21 04:54:06'),(321,28,40,'Culpa est omnis officia rerum nostrum molestiae iusto quisquam. Doloremque autem voluptates nesciunt voluptate molestiae et odio. Odio voluptatem sunt repellat sint nulla. Quasi impedit voluptatem quas eveniet nesciunt qui qui minima.',0,1,'2020-05-11 08:33:00'),(322,13,47,'Ut quis incidunt et sed voluptas sint. Quam inventore accusamus animi rerum sit quam. Dolorem veritatis optio ut excepturi maxime.',1,1,'2013-09-12 11:14:46'),(323,96,38,'Atque voluptatem vel natus cum eum. Et molestiae neque eveniet et quo iste earum pariatur. Voluptate fugit ullam maiores quisquam. Dolores rerum qui dolorem amet earum beatae.',1,1,'2017-09-05 08:01:10'),(324,1,91,'Rem voluptatibus ut non dolor. Numquam iure sit mollitia odit expedita cupiditate qui. Rerum et et dignissimos.',0,1,'2019-08-08 13:15:56'),(325,49,74,'Omnis quia unde impedit eos et. Assumenda cupiditate dignissimos quaerat optio autem. Maxime ea est natus ut architecto delectus facere aut. Mollitia doloremque sit rerum officiis.',0,0,'2015-05-28 07:53:38'),(326,22,88,'Numquam recusandae ut doloremque exercitationem suscipit. Repudiandae quo ex inventore consequuntur eveniet qui. Quos ut aut est est at.',0,1,'2011-04-19 06:52:47'),(327,74,4,'Reiciendis porro molestiae dolor est. Debitis velit laboriosam consectetur cumque excepturi. Debitis doloremque dolor perferendis rerum velit neque cupiditate.',1,0,'2013-04-29 22:47:57'),(328,97,74,'Aspernatur dolores optio natus est hic sed. Natus esse saepe earum illo error perferendis ut. Impedit eveniet illo quia non eos quia.',1,1,'2011-05-26 16:37:07'),(329,76,59,'Ut quidem quod deleniti consequatur soluta velit dolor doloremque. Rerum est nemo consequatur mollitia magnam. Ut voluptatem dolorum id sequi sequi ut.',0,1,'2016-02-08 07:22:58'),(330,66,51,'Quas iste quia consequatur. Odit et sint nam earum dolor sint adipisci. Alias itaque ea odit iure minus minus.',1,0,'2012-02-20 18:08:49'),(331,58,36,'Fugiat aperiam aliquam similique. Libero voluptatibus et nobis. Minima molestiae facere deserunt vel. Error voluptatum nemo quis qui doloremque esse ea.',0,0,'2013-06-20 18:43:08'),(332,5,15,'Ut vero similique suscipit reprehenderit libero et cum sed. Voluptates iste voluptatem non illum est. Sunt cumque quia autem eaque.',0,1,'2017-05-15 06:56:42'),(333,61,59,'Sint aut rerum ut quibusdam iste odio. Enim ipsa at vel voluptatem officiis qui ut. Ullam quia laboriosam vel nulla. Nesciunt a quis eveniet voluptatum.',1,0,'2019-03-08 01:10:23'),(334,11,78,'Ratione rerum voluptatum perferendis repellendus reprehenderit optio doloribus. Ducimus ad sed ut.',0,0,'2019-06-08 09:45:57'),(335,58,53,'Totam est laudantium sequi qui sunt quaerat. Officia ut voluptas repellat nostrum. Voluptas vitae atque voluptas vel nihil.',1,0,'2019-02-06 19:53:07'),(336,92,99,'Aut explicabo consequatur quidem omnis est qui est. Similique quo quibusdam est.',1,1,'2013-05-09 15:25:03'),(337,18,92,'Assumenda non inventore praesentium temporibus. Quo voluptate qui error nisi ut est.',1,0,'2016-03-18 10:40:38'),(338,5,50,'Et odit cupiditate est est. Ab dolorum labore quam hic ducimus fuga. Voluptas porro at est voluptatem in. Voluptatem aperiam cum necessitatibus et.',0,0,'2015-08-13 09:43:17'),(339,33,15,'Earum aut quod magnam dignissimos placeat quibusdam. Ea quos qui distinctio enim rerum eligendi recusandae est. Et voluptatum quisquam consequatur quo. Quam voluptatem quia blanditiis ipsa magnam. Dolorum eius eos earum veritatis voluptas dolorum.',0,1,'2020-02-16 16:11:23'),(340,74,27,'Ab et non iste ab illo. Vero magnam voluptatum rem nobis consectetur qui sed. Tempore ut porro non est.',1,1,'2020-09-30 03:51:38'),(341,11,75,'Blanditiis mollitia minima ut. Laborum consequatur possimus ut.',1,1,'2020-08-06 13:11:40'),(342,40,77,'Repudiandae ad ut neque. Consequatur eveniet soluta qui. Nemo quia natus suscipit eos et. Assumenda ipsa eaque rerum dolores necessitatibus.',0,0,'2014-03-01 14:07:53'),(343,64,87,'Sit nam officia laborum maiores et. In illo unde unde dolorem cum neque. Consectetur quos sit et.',1,0,'2013-10-19 14:04:36'),(344,43,55,'Quas quia veniam omnis quia fugit. Voluptas voluptatem aut enim voluptatem eum suscipit.',0,1,'2011-09-09 17:24:27'),(345,46,63,'Repellendus facere dolor cumque ut ea. Nihil cupiditate officiis perferendis delectus in omnis aperiam. Id id voluptatibus consequuntur soluta dolorum cupiditate. Molestias perspiciatis consequuntur perspiciatis vel error corrupti.',1,1,'2013-02-14 08:48:03'),(346,75,86,'Quo tempora magnam et qui. Corporis praesentium neque sed architecto aut non. Provident qui odit iusto qui dolor temporibus beatae. Reiciendis consectetur rerum tempore sit sequi et enim.',1,0,'2012-07-03 18:27:18'),(347,4,64,'Pariatur unde quia ad sequi deleniti quod. Voluptatum distinctio excepturi omnis animi. Consequatur numquam voluptatibus aspernatur eum.',1,0,'2015-11-04 03:00:29'),(348,7,41,'Sapiente enim tempora animi et enim fugit similique. Minus fuga deserunt non sint amet aperiam. Harum voluptas omnis aut facere exercitationem dolores. Ad voluptas velit harum laboriosam quos.',1,0,'2019-08-23 14:21:33'),(349,83,91,'Quas neque est debitis quae ut sint rerum. Magni autem est quod quis voluptas ut. Est blanditiis sit animi nihil. Animi aspernatur quo quam mollitia suscipit.',0,0,'2011-08-03 06:30:38'),(350,5,54,'Eum asperiores aspernatur molestias rem sapiente similique ut. Ut at id est id. Quaerat dolores consequatur saepe distinctio. Id aut ipsa aperiam dolor aliquam repellendus earum sit.',1,0,'2015-06-19 21:09:33'),(351,52,99,'Dolore ipsum asperiores sed error eveniet repellat. Dolore fugiat fuga deleniti adipisci veniam. Ducimus id est quia impedit minus. Alias nostrum placeat accusamus esse.',1,1,'2021-02-23 07:41:22'),(352,38,93,'Commodi sit sunt libero porro iure veniam ut. Illo eos voluptates et accusamus ipsum repellat accusantium. Vero odit impedit numquam soluta quia maiores doloribus. Aperiam voluptatem aut dolore sed reiciendis. Facere eos aut praesentium sed velit.',0,1,'2012-08-02 23:55:14'),(353,49,68,'Quis et harum incidunt. Consequatur ut quasi et voluptas rem. Quis dolore sapiente voluptatem doloribus accusamus placeat et porro.',1,0,'2018-09-13 23:18:12'),(354,90,45,'Iure officia ad voluptatem a aspernatur et. Nihil enim sequi hic fugiat. Quae qui omnis nihil occaecati earum vel possimus excepturi.',0,1,'2019-02-14 23:57:46'),(355,55,38,'Ipsam a eos quia exercitationem voluptate eos at. Fugiat molestias a qui placeat aut ut quis. Quis quam optio tenetur et facilis quisquam.',0,1,'2011-08-06 21:22:05'),(356,26,16,'Et earum nesciunt rerum. Dolores doloribus ratione rem vero magnam incidunt temporibus. Et illum vero praesentium commodi id unde. Placeat repellendus ipsa odio qui odio. Et eum at qui eos.',1,0,'2017-10-26 10:55:53'),(357,2,61,'Ut at sint quia rem. Quisquam modi et deleniti et suscipit. Qui deleniti porro exercitationem non consectetur.',1,1,'2019-07-07 11:15:01'),(358,99,11,'Id dolores optio hic fugiat ut quos sed. Aspernatur est aut inventore iure sed. Quisquam veritatis et rerum quo sed.',1,1,'2012-12-10 11:02:24'),(359,57,52,'Est laudantium minima quis aut. Et corporis voluptates quia aspernatur ipsa necessitatibus. Id possimus officiis quidem magni iure quibusdam quam aut.',0,1,'2018-05-21 00:08:06'),(360,87,81,'Cupiditate laborum eum est tempora sit omnis. Ratione qui dolores saepe aperiam. Aut delectus magni a ducimus illo eum.',1,1,'2019-04-23 14:45:09'),(361,44,75,'Id sint sed est sunt. Rerum quia iste in omnis illo.',0,0,'2011-11-05 12:26:16'),(362,44,92,'Adipisci sed consequatur sunt repudiandae saepe et. Officia neque ab voluptatem impedit repudiandae et. Aut itaque iure possimus necessitatibus odio. Corporis quidem voluptas doloribus rem.',0,0,'2018-02-20 23:06:06'),(363,27,59,'Quo accusamus earum vero atque dolor nihil. Illo inventore consequatur explicabo occaecati animi illum ut. Aliquid debitis veniam dolore suscipit vero ut tenetur impedit.',0,1,'2018-01-28 07:16:03'),(364,14,95,'Sit dolor tenetur nihil ut. Ab eum consequatur nam necessitatibus architecto dignissimos. Asperiores error molestiae sint sit odio adipisci aliquam. Tenetur distinctio natus impedit. Consectetur quisquam corrupti sed quis aut sint ut.',1,1,'2019-12-30 17:43:06'),(365,29,61,'Est minus reprehenderit non explicabo totam. Minima velit non dolores vel vitae. Dolor excepturi et facilis voluptas corrupti. Temporibus sed placeat consequatur exercitationem accusamus debitis.',0,1,'2017-11-14 04:45:08'),(366,15,95,'Aut dolore eum enim. Quis corporis sint minus molestias. Rerum vitae autem neque a voluptatem quia.',0,1,'2013-11-22 07:47:17'),(367,28,53,'Tenetur dolor odio sint quam animi. Sint sed harum qui ut. A veritatis numquam ut mollitia.',1,0,'2011-11-18 07:06:08'),(368,83,53,'Autem consectetur eos sed consequatur minus. Quia ut incidunt ullam. Tempore et placeat sed laborum est consequatur eius doloremque.',0,1,'2012-07-15 13:11:11'),(369,17,23,'Est esse earum sunt ut repudiandae. Eius tempora dolorum corporis quia magnam cum. Omnis ad hic est in. Qui ratione reprehenderit possimus quae qui accusamus.',0,1,'2019-03-20 23:14:23'),(370,66,58,'Nisi eum facilis commodi maxime facilis velit. Minima ut ad consectetur neque laudantium laborum. Sequi aut soluta et omnis.',1,0,'2018-09-02 15:05:51'),(371,93,92,'Dignissimos animi aut nemo veritatis aut est. Et nihil eveniet et corporis vero. Autem labore modi voluptas aut id eum ut.',1,1,'2012-11-12 03:36:29'),(372,77,11,'Molestiae hic odit sit officiis ullam atque. Enim excepturi aut aut nisi facere dolor dolorem. Voluptatem voluptas distinctio rerum facilis dolores beatae rem. Ut ut doloremque sed aut unde nemo voluptatum.',0,0,'2020-07-14 17:17:54'),(373,25,90,'Autem non odit sed rerum modi. Suscipit vitae facere corrupti animi laudantium ut non. Distinctio et consequatur iusto et placeat sunt eum. Quia provident reprehenderit sint voluptates mollitia voluptatibus quibusdam.',0,0,'2015-11-14 09:24:02'),(374,75,3,'Commodi eos consequatur maiores laboriosam. Culpa necessitatibus deserunt ipsum non vero soluta ad. Eius dolorem aut quas animi id velit.',0,1,'2020-11-29 01:19:31'),(375,89,37,'Nisi deserunt tempora aut veritatis explicabo dicta. Soluta est omnis pariatur voluptate. Dolor aut et sed enim minus. Porro id at quasi doloremque.',0,0,'2016-07-17 09:50:20'),(376,18,80,'Consequatur quas accusamus velit dolores ea. Illum accusamus sit eaque. Aut libero quasi eligendi alias incidunt nulla tempore. Optio reprehenderit et dolor iste quas.',1,0,'2015-12-11 20:13:29'),(377,42,72,'Molestiae enim saepe minima nemo incidunt est. Voluptates consequatur consequatur itaque mollitia officia. Nostrum neque occaecati porro dolorem aut. Odio sit dolores deserunt iure est.',1,0,'2012-04-26 04:53:47'),(378,35,55,'Ullam repudiandae vitae ullam eveniet quidem. Est architecto voluptas voluptas architecto. Et est tenetur dolor quasi.',1,0,'2012-02-05 08:17:08'),(379,70,87,'Voluptate tenetur ut nulla accusantium. Repellendus exercitationem suscipit aperiam blanditiis ut. Esse aut qui consectetur. Nemo ut eos dignissimos error consequuntur ut repellendus minima.',0,0,'2016-11-01 08:58:01'),(380,22,49,'Necessitatibus quisquam eos laudantium praesentium. Voluptates aut voluptas animi non laudantium. Praesentium quia et dignissimos modi.',0,0,'2017-09-25 22:27:12'),(381,79,47,'Qui dolorem facere sed magni est ipsam officia. Reiciendis minima accusamus iusto et. Aperiam et ducimus animi quidem iste esse et harum.',0,1,'2017-11-26 05:38:24'),(382,99,52,'Voluptatem itaque quis corrupti earum reprehenderit. Dolorem numquam ratione sapiente aut vitae. Explicabo voluptas iure repellendus ea. Tempore rerum nemo sit quisquam et cumque eos eius.',1,0,'2019-02-01 09:51:58'),(383,62,53,'Aut et aut sunt odio quia. Dolor rerum molestias molestiae. Corrupti velit numquam dolorem. Similique sapiente aut neque error nihil ad eaque sed. Illum illum a sit maiores fugit recusandae ducimus.',0,0,'2014-02-20 08:44:33'),(384,81,46,'Molestiae quia nulla vitae molestiae quidem. Autem fugiat facere id dolores sed iste. Ratione deleniti sed harum odit aut. Qui quas tenetur maiores sed velit cum dolore.',0,1,'2020-01-19 18:18:49'),(385,85,86,'Consequuntur in inventore nemo accusamus non vel cupiditate. Dolores deleniti vel et at aperiam enim consequuntur corrupti. Enim nihil nesciunt non itaque pariatur repellendus. Sunt atque voluptatibus dolorem at harum mollitia.',0,1,'2015-04-04 23:16:33'),(386,74,13,'Aperiam doloremque velit quod est aliquid quaerat cum. Vel sapiente cupiditate illo laudantium in ut nostrum. Sed magni aspernatur animi et et dolor fugit repellendus. Magni sint ducimus magnam sequi quo exercitationem eligendi distinctio. Accusamus et expedita inventore corporis quam in quo sunt.',0,1,'2019-02-04 09:54:36'),(387,44,77,'Doloribus et et rem adipisci magni qui aut. Quam enim itaque molestiae inventore laborum nam iste. Ab ea nemo aut culpa et. Vel eaque quia unde sit omnis ut.',1,1,'2018-10-29 21:36:20'),(388,54,40,'Magnam doloribus et similique voluptas omnis. Odio aut velit magni assumenda aut eius. Ullam suscipit aut odio et.',1,1,'2020-11-20 00:31:25'),(389,35,54,'Tempore atque alias saepe voluptas. Nihil quibusdam similique impedit consequatur. Dolor sit beatae ipsum. Ipsa nulla a tempore voluptatem.',0,1,'2012-08-02 05:00:17'),(390,66,69,'A voluptas hic sunt rerum. Ipsam perferendis qui et illum eius voluptatem molestiae. Nesciunt iste et quasi incidunt quos.',1,0,'2015-07-07 13:09:53'),(391,46,24,'Recusandae blanditiis rerum vel tempore ut excepturi. Qui doloremque odio exercitationem aliquam ipsum omnis.',1,1,'2011-05-03 11:56:27'),(392,78,20,'Quaerat ipsam fugit laboriosam magnam sunt consequatur quod. Tenetur quo doloremque consectetur voluptate esse ut. Omnis qui voluptas doloremque dolores est alias. Debitis quo eligendi perferendis nisi.',0,0,'2019-08-30 18:46:29'),(393,64,61,'Aut qui nemo sit amet. Et laudantium sit error asperiores sit voluptas quia quis. Itaque autem blanditiis alias ratione.',0,1,'2014-12-05 18:01:38'),(394,11,72,'Nostrum ab ipsam ipsum soluta ex sunt. Dignissimos non fugit illum officiis optio tenetur quo. Error aut in rerum et ut.',1,1,'2013-10-18 09:57:38'),(395,29,25,'Modi qui labore quasi ullam minus qui aperiam maxime. Occaecati amet quis quaerat. Laborum rerum et asperiores rerum.',1,0,'2017-07-08 21:12:12'),(396,41,26,'Aut est delectus mollitia quaerat amet quia. Excepturi sapiente laboriosam eaque ea culpa. Modi exercitationem soluta saepe quis itaque. Aut enim omnis sint.',0,0,'2011-10-09 20:26:10'),(397,7,59,'Quis voluptatem beatae voluptas ullam est. Soluta iste consequuntur harum est non quaerat aspernatur. Est atque quia quod.',1,1,'2020-09-15 03:06:50'),(398,73,88,'Quod quia accusantium iusto et. Doloribus molestiae tempore fuga similique. Eum voluptas quidem debitis et accusamus cum molestias consequatur. Eveniet voluptatibus saepe ut aperiam. Magnam esse velit enim repudiandae officia eum ad.',1,0,'2020-10-02 17:13:56'),(399,19,30,'Similique autem quaerat enim eius occaecati ad. Praesentium ab ea harum delectus nihil. Suscipit quaerat minus error aliquid voluptatem reiciendis repellat ut. Voluptate architecto beatae porro doloribus.',0,1,'2013-11-23 08:35:17'),(400,95,82,'Modi doloribus fugit repudiandae veritatis omnis ut. Possimus blanditiis ut laboriosam officiis in.',1,1,'2015-06-28 12:27:42'),(401,26,81,'Tempore atque ab hic quis. Ratione quia tempore consectetur unde laboriosam ipsa voluptas. Est molestiae et atque ut recusandae pariatur corporis. Aut in nesciunt praesentium ab laborum.',1,0,'2015-04-12 02:26:04'),(402,30,5,'In optio consectetur provident sunt. Qui quam dolor rem porro velit sed. Quisquam quidem et ipsam sunt quis.',0,1,'2014-11-10 21:12:52'),(403,35,61,'Incidunt perspiciatis eius vero quia aliquid est quam. Facere fuga porro ipsum voluptatem dolores velit. Optio animi enim et ex eum dicta velit.',1,1,'2016-01-20 02:21:50'),(404,99,9,'Ducimus et optio natus ducimus harum. Laborum omnis inventore officiis et debitis ut dolorum. Illum corrupti voluptatibus et non eaque. Provident voluptatem aspernatur rerum rerum eligendi quisquam omnis veritatis.',1,0,'2019-10-18 16:43:00'),(405,50,20,'Recusandae nulla explicabo debitis illo hic. Error ea architecto placeat quis ut totam illo. Sint asperiores pariatur quo iure voluptatibus architecto. Non voluptas odit necessitatibus quibusdam.',1,1,'2017-01-18 15:11:07'),(406,50,90,'Mollitia laudantium iusto temporibus quia. Adipisci repudiandae minima ducimus sint eligendi possimus aliquam. Incidunt ipsum omnis possimus sed officia et ducimus.',1,0,'2017-03-10 06:24:31'),(407,99,25,'Debitis quasi corrupti quasi quidem. Et ducimus et qui. Rerum hic recusandae eos praesentium aut provident ratione.',0,0,'2014-01-30 11:45:03'),(408,28,64,'Totam nobis non et omnis et. Sed voluptatem sequi debitis excepturi. Eligendi illum aperiam voluptatem dicta ex. Voluptatibus laboriosam est ut voluptas laboriosam id. Dolore aut ratione quae veritatis natus.',0,1,'2013-12-21 06:19:51'),(409,36,88,'Quisquam explicabo provident et iure quod. Ut aliquam laudantium quis molestiae aspernatur molestiae. Ipsa saepe non et et porro.',0,1,'2019-06-26 04:30:26'),(410,29,81,'Magnam dolorem est dolores enim natus iusto. Qui aut et quae doloribus accusantium id est libero. Vel provident suscipit aliquam qui ut voluptates rerum.',0,1,'2018-03-24 15:58:24'),(411,19,49,'Ut vero cumque est quo. Cumque et voluptas cum enim corporis. Blanditiis quod nam voluptas a soluta.',0,0,'2017-08-02 22:31:37'),(412,89,98,'Alias tempora doloribus quo reprehenderit reiciendis quia. Blanditiis expedita maiores id sit recusandae dolor fuga. Et omnis aut architecto dignissimos.',1,0,'2013-03-10 22:40:43'),(413,24,23,'Eos sapiente tempore perferendis ea minus debitis. Corrupti optio aspernatur molestiae nihil corporis et est. Pariatur quod aliquid sed explicabo in. Et esse omnis animi exercitationem quo et qui.',1,0,'2011-12-25 16:28:34'),(414,45,55,'Nihil nostrum sed deleniti error quia. Doloremque omnis at recusandae sint labore. Et veniam dolor rerum. Fugit dolor quia repellendus et perspiciatis.',0,0,'2020-07-09 00:10:21'),(415,38,24,'Est esse eum temporibus neque. Et voluptatem id quidem eos facere molestias.',1,1,'2011-10-24 12:58:58'),(416,8,66,'Iure pariatur maiores sint ipsum aut ea. Et suscipit eveniet deleniti iusto.',1,1,'2019-03-05 14:56:00'),(417,4,22,'Voluptatibus asperiores dolores inventore deserunt quis quo voluptatem commodi. Qui qui voluptatem voluptas odio. Aliquid delectus sint modi consequatur.',1,1,'2018-09-01 03:14:00'),(418,98,26,'Voluptatibus sint omnis dolor impedit ratione. Autem dolorem similique eligendi quis. Omnis cupiditate a rerum natus maiores mollitia. Sapiente iusto ea maiores deleniti est.',1,0,'2015-12-12 15:20:25'),(419,32,82,'Nihil aut vero corporis culpa voluptatem tenetur eligendi. Voluptatibus illo omnis explicabo dolorem. Saepe incidunt ad illo consequatur vero quae consequuntur.',0,0,'2016-02-03 13:44:17'),(420,14,25,'Ut ullam aperiam magni eius aliquam nam velit. Architecto pariatur eius voluptatibus optio.',1,0,'2012-06-23 11:36:20'),(421,81,29,'Recusandae quis quaerat vitae amet quasi neque et. Tempora nihil iure illum. Consequuntur non fuga laborum cumque molestiae incidunt excepturi.',0,0,'2013-04-05 22:27:01'),(422,2,21,'Qui doloribus voluptas aperiam nam illo. Iure qui quisquam debitis. Qui tempora recusandae rem eos ut ut. Ducimus cumque magnam quam ut in quia. Molestiae ut cumque atque beatae itaque voluptatem.',0,1,'2011-07-15 05:21:42'),(423,100,35,'Delectus accusamus ut aut omnis. Illum tenetur et qui voluptatem minus veritatis non. Nam sit ut praesentium id.',1,1,'2012-06-22 20:41:12'),(424,75,68,'Voluptas dolorem voluptas cumque autem voluptates numquam eos. Sunt repellat accusantium libero molestias quia repudiandae est illo. Et mollitia doloremque ab ab. Et ipsum accusamus ut ea fuga et. Totam a est consequatur et.',1,1,'2012-11-04 04:59:03'),(425,15,71,'Odit voluptatem vero et voluptatem nihil facere optio. Praesentium aliquam cupiditate impedit debitis. Maxime aliquid ut doloremque voluptas sit.',0,0,'2016-12-17 17:39:20'),(426,8,26,'Amet quae repellendus tempora nam. Tempore non delectus atque voluptas cupiditate provident vel. Mollitia enim ullam sit consequatur quisquam quaerat sequi aliquid.',1,1,'2011-05-22 18:42:23'),(427,5,47,'Dolor vero ea vel voluptatem nemo. Quis nihil labore totam rerum tempora ipsa fuga. Eos ut architecto omnis aperiam et sit quos. Dolor beatae dolorem voluptas culpa architecto minus dicta vitae.',1,1,'2012-09-05 12:41:48'),(428,19,55,'Nulla ut consequatur tenetur ea natus. Nihil pariatur error qui officiis. Soluta qui ratione cumque autem ipsam eos consequatur. Aliquid non sit sed quis qui quis.',0,0,'2016-10-30 22:43:28'),(429,17,21,'Eveniet expedita eveniet doloribus maxime fugiat. Tempore rem veritatis qui eaque vel debitis consequatur. Sint ab tenetur tenetur fugit quia quo.',0,0,'2019-08-22 11:09:18'),(430,53,1,'Reiciendis dolor impedit ipsa incidunt odio omnis. Excepturi assumenda a nemo. Et ipsum autem sint placeat deserunt hic. Minima et aut exercitationem consectetur consequatur corporis mollitia.',0,0,'2011-11-24 03:23:21'),(431,47,30,'Ea maxime esse maxime. Recusandae minus ad facere quia et quam quo. Sit blanditiis blanditiis ut et autem nesciunt hic. Dolorem voluptatem repudiandae delectus optio eum quis placeat.',1,1,'2019-12-16 00:29:41'),(432,7,47,'Sunt aut non officia consequatur. Id quia ea labore. Molestiae corrupti magnam qui placeat sed molestiae. Amet voluptatibus molestiae quo maxime pariatur rerum animi.',0,0,'2015-08-29 12:04:35'),(433,15,30,'Dicta nulla earum id. Est aliquam aliquam aperiam vel id est. Et quos expedita omnis pariatur qui ut. Saepe dolores porro totam eos.',0,0,'2018-11-15 23:19:49'),(434,7,42,'Non sunt consectetur sit et. Sunt deleniti sit esse necessitatibus vel aut. Quam rerum assumenda odit fugit pariatur inventore amet.',0,0,'2013-01-16 23:43:02'),(435,89,20,'Beatae quia molestiae commodi necessitatibus laborum omnis. Aut delectus ducimus eligendi delectus ad eum magni. Beatae eveniet officiis molestiae ut. Dolorem eum nihil ipsum omnis temporibus delectus.',0,1,'2020-11-30 20:21:20'),(436,30,92,'Non excepturi et qui ducimus. Sit voluptas et similique autem mollitia ex exercitationem magni. Ea nihil assumenda qui debitis.',1,0,'2013-12-08 00:08:37'),(437,70,74,'Reiciendis repellendus sed optio sit soluta velit explicabo. Eos voluptatem sed voluptates non placeat quia. Quisquam libero maiores vel sapiente vitae. Sit illo dolorem rerum sequi natus sapiente accusantium.',0,0,'2016-01-01 02:19:03'),(438,60,76,'Iste odio sint quo. Vel labore commodi enim voluptatibus. Aspernatur vero omnis eveniet.',0,0,'2013-02-22 09:38:36'),(439,100,71,'Non porro dolor rem et. Nulla ut facilis quisquam voluptate qui. Ea quo impedit aperiam quod ipsum asperiores quidem.',0,1,'2018-02-17 21:46:14'),(440,55,61,'Non ad ad minima perspiciatis. Excepturi nam temporibus ut ut nemo cumque eligendi. Sequi dolor ipsam nulla id.',0,1,'2016-01-05 22:33:26'),(441,38,10,'Mollitia inventore rerum consectetur occaecati placeat laborum quisquam ea. Vero quo id repudiandae possimus esse. Maiores sit temporibus odit labore. Tempore vitae labore et quibusdam iste doloremque.',0,0,'2017-10-17 07:15:38'),(442,33,35,'Et et et consequatur cumque rerum error. Qui quibusdam beatae distinctio quisquam. Quam laudantium dolor adipisci repudiandae alias quisquam. Amet ut velit ducimus non.',0,1,'2015-07-20 18:43:21'),(443,77,80,'Omnis incidunt ad ut et explicabo modi temporibus. Et dolorem ut quia voluptatem. Non ipsam quae occaecati laboriosam architecto voluptatem eum. Qui et ipsum alias sequi.',0,1,'2018-08-25 05:48:56'),(444,67,95,'Cumque quae excepturi eum pariatur facilis fugiat. Error neque exercitationem minima. Repudiandae odio fugiat omnis nihil qui corporis. Sed minus id et.',0,0,'2020-01-10 05:44:30'),(445,73,81,'Rerum voluptas et qui illo magni odio. Et provident qui in autem sunt aperiam in itaque. Sunt explicabo architecto libero ratione vero. Dicta consequuntur nihil voluptatem ut adipisci minima enim.',1,0,'2015-06-03 09:08:58'),(446,84,76,'Perspiciatis tempora rem ut. Excepturi soluta et distinctio molestiae. Laboriosam quia sit aspernatur aut nisi. Autem nostrum harum veritatis nemo eveniet aliquam ducimus.',1,1,'2018-01-17 04:48:57'),(447,30,19,'In rerum delectus ipsam modi non sit voluptatibus. Laborum quidem quos itaque quo. Nesciunt ex voluptate assumenda nemo minus. Id et et ullam molestiae dicta dolorum molestiae.',1,1,'2019-11-19 01:05:33'),(448,4,65,'Ab aut inventore non. Quo qui ut soluta ipsum sit sit iure. Autem porro eligendi sit pariatur molestiae. Voluptates voluptas dicta cum ullam tempore maxime. Minima dolorem nostrum laborum.',0,1,'2012-11-12 12:52:32'),(449,13,69,'Distinctio numquam mollitia cupiditate est molestiae neque ut ut. Quia consequatur dolor consequatur fugit architecto. Consequatur iure recusandae qui voluptate.',1,1,'2012-03-25 01:49:53'),(450,5,17,'Et tempore ad possimus ipsa quaerat molestias nostrum. Fugit vel velit tempora aut. Incidunt magni eius error accusamus voluptas rerum quibusdam.',1,1,'2019-07-19 03:41:17'),(451,70,98,'Ut cum et dolor laboriosam. Cumque quis totam rerum earum reprehenderit in quos. Temporibus reprehenderit natus atque sit aliquid suscipit.',0,0,'2014-02-23 16:17:01'),(452,78,98,'Eaque dicta eveniet ad debitis placeat. Repudiandae minima non velit eaque vel. Nihil sequi dolorum facilis.',0,0,'2016-11-07 05:49:46'),(453,56,83,'Libero et rerum provident quisquam aut fugiat vel. Possimus nulla aut nesciunt quia expedita velit et explicabo. Dignissimos qui ducimus labore eos vel et.',1,1,'2018-01-07 09:16:33'),(454,49,96,'Error qui sunt quos quia. Reprehenderit aut consequuntur consequatur dolor deleniti consequatur sint est. Qui aut aut aperiam earum mollitia porro.',1,1,'2020-07-21 14:49:50'),(455,32,72,'Commodi molestiae itaque aspernatur dolorum accusantium minus qui perferendis. Hic quam sit cum. Nisi aperiam quas quia. Ab dignissimos corrupti rerum rerum voluptatibus quae. Aut dolores voluptas dolor consequatur aut.',0,1,'2012-09-29 22:01:26'),(456,65,7,'Aut amet commodi rem quia. Quae deleniti officiis nemo laboriosam ab. Qui quo nostrum alias iusto. Labore dolor qui sequi ab nihil illo.',0,1,'2017-09-14 01:59:02'),(457,40,79,'Id necessitatibus earum autem laborum. Atque laborum nobis voluptatem rerum quis fuga. Et ea fugit molestiae asperiores. Nam deleniti voluptate dicta.',0,0,'2016-10-12 17:28:48'),(458,75,39,'Nulla harum et et. Repellat nostrum vel rem quasi explicabo officia. Cumque non qui dolores. Ut libero unde doloribus aut atque sit quae.',1,1,'2012-04-11 03:26:15'),(459,66,16,'Omnis corrupti et recusandae eum voluptatibus. Voluptatem voluptates deleniti corrupti et. Omnis eos corrupti reiciendis itaque vitae libero expedita. Quasi sit ducimus voluptatibus quis.',0,0,'2013-02-18 14:44:34'),(460,79,49,'Ipsa sunt rerum excepturi. Praesentium natus impedit quisquam. Sapiente eaque excepturi quae laboriosam veniam. Quisquam et voluptates rerum voluptatem vel nisi molestias nemo.',0,1,'2019-11-25 04:19:22'),(461,6,81,'Non sed ut officiis quibusdam nesciunt nam vel. Perferendis libero aut vitae est aspernatur ea.',1,0,'2013-07-11 18:26:19'),(462,86,87,'Et aut aut voluptatibus voluptatum. Officiis perferendis ex iste. Repudiandae voluptate deleniti neque modi vero. Itaque dignissimos nobis asperiores deleniti.',1,1,'2017-07-28 14:15:04'),(463,79,31,'Voluptatum tempora dolores reiciendis quam voluptatem. Impedit minus tenetur est asperiores ipsa soluta. Quibusdam aut voluptas perferendis inventore in.',0,1,'2020-01-27 00:10:06'),(464,18,95,'Ducimus omnis eum illum fugit illum ipsum sit. At iusto molestiae rerum minima laudantium natus. Quia quis dolores ipsa consectetur. Consequatur eos rerum quis consequatur.',1,1,'2011-04-22 13:24:09'),(465,24,31,'Aut adipisci hic voluptas alias inventore aliquid. Maxime sed perspiciatis quos. Eligendi quia consequatur ut aut.',0,0,'2015-12-04 15:33:15'),(466,85,32,'Vel officiis aut soluta at assumenda ipsa. Sint voluptates voluptatem magnam vitae assumenda aut. Ut minima eum labore nihil quam quae consequatur. Rerum sint commodi rerum assumenda dicta dolorem sed veritatis.',1,0,'2020-06-20 15:03:39'),(467,3,19,'Neque quis autem cum quae maxime facilis quidem. Veritatis doloribus laboriosam et molestiae quo.',0,0,'2015-09-16 14:00:26'),(468,84,64,'In aliquid dolorem aspernatur ea aperiam omnis voluptas. Accusantium illo qui aut sunt. Voluptatem exercitationem vel quae quia officiis.',1,1,'2019-10-21 06:11:07'),(469,65,36,'Et incidunt molestiae pariatur. Nihil repudiandae voluptatibus et odio ducimus minus sit. Ut ut laudantium voluptatem doloremque.',1,0,'2011-07-28 11:41:35'),(470,81,100,'Dolores error aut non recusandae molestias placeat rerum. Beatae iusto aut consequatur esse nam nobis quia non. Pariatur sit impedit rerum quia est est.',0,0,'2012-02-22 04:23:48'),(471,55,74,'Eos vel itaque accusantium adipisci dignissimos molestiae corrupti. Voluptas temporibus est corrupti delectus. Aut ut fugit aut pariatur. Distinctio sed alias dolor aspernatur et.',0,1,'2016-01-18 01:14:56'),(472,4,99,'Quis ut vel incidunt explicabo dicta rerum maiores. Necessitatibus sapiente ut amet voluptatem. Dolorem et dolores repellat praesentium. Est possimus nesciunt distinctio et ex non et. Voluptatum laboriosam quae ullam facilis magnam et facere quia.',0,1,'2013-11-29 22:46:10'),(473,84,21,'Quasi occaecati aut rerum maiores voluptatibus. Explicabo nemo at porro suscipit asperiores quis pariatur. Ipsum velit voluptatem aliquid laborum quisquam neque sed.',1,1,'2014-02-23 20:58:02'),(474,51,95,'Consequatur omnis dolores eos quis veritatis aut voluptatem. Quo sint iure alias fugiat. Quas earum sed omnis provident mollitia autem ad similique. Laboriosam numquam id repellat optio accusamus.',1,1,'2012-03-19 20:25:44'),(475,18,5,'Quam quia exercitationem molestias sequi vero sapiente. Repellat perspiciatis consectetur consectetur eos. Modi illum exercitationem dignissimos est dignissimos aut. Aut iste consequatur qui quo nihil aut voluptas blanditiis.',1,1,'2012-02-18 18:08:17'),(476,69,32,'Debitis molestias quidem aut quaerat at corrupti. Et non architecto et cum aut. Soluta qui sed tempore. Quaerat cum culpa consequatur sint quis.',0,1,'2017-09-15 19:28:05'),(477,51,58,'Minus autem autem quia fugit ullam maxime. Eaque dicta est dolores rerum et ipsam blanditiis.',0,1,'2017-06-11 18:32:56'),(478,36,8,'Culpa amet possimus dignissimos eum illum. Facilis necessitatibus est eius saepe id. Quaerat inventore fugit quo quia est et sit minus. Rerum aut et est sit aut rerum ad.',1,0,'2015-07-11 16:37:49'),(479,30,26,'Accusamus dolores fuga tempore veritatis non error aut fuga. Quas tempora quos minus commodi error ut. Praesentium porro aut dolor beatae et.',0,0,'2014-03-17 03:47:33'),(480,39,16,'Consequuntur ut aut placeat quasi. Sed voluptas maxime dolorem animi numquam. Impedit eum odit tempore ab consequatur asperiores est. Perferendis modi qui quia qui rerum iure.',0,0,'2015-02-04 21:26:55'),(481,62,61,'Molestiae qui aut nesciunt sint adipisci ipsum. Magnam eveniet quia eligendi beatae aut dignissimos amet quod. Dolore suscipit voluptatum nemo. Rem quisquam sunt facilis consectetur non porro ratione ut.',1,0,'2011-03-29 21:02:27'),(482,19,12,'Omnis reprehenderit vel esse sit laudantium illo eligendi. Qui qui consequatur non aut quo ullam culpa laborum. Ut porro dolores voluptates. Qui placeat pariatur quisquam sunt aut et est iste.',1,0,'2018-03-14 21:16:34'),(483,1,71,'In quo a eos incidunt. Illum qui natus dolorum sed qui fuga dolorem. Cumque voluptate harum deserunt dolor commodi ut harum. Minus adipisci ex exercitationem incidunt voluptatibus dolor.',0,1,'2017-10-20 02:51:46'),(484,49,34,'Sed voluptatem culpa ea illum ex aliquam provident. Et quos ipsa quis quaerat mollitia aut aut. Vitae laudantium consequatur cumque laudantium qui maiores.',0,0,'2019-11-19 16:38:09'),(485,24,14,'Earum exercitationem eum dolores ut. Deleniti facilis adipisci eos ut maxime. Quaerat dicta voluptatum eum culpa. Incidunt possimus ut reiciendis commodi provident. Non natus incidunt et autem molestiae repellendus deleniti.',1,1,'2012-03-22 09:21:06'),(486,98,46,'Odio impedit fugiat iste placeat dolore optio dolorem aut. Dolores autem praesentium possimus et odit.',1,1,'2014-06-19 16:16:55'),(487,38,49,'Est incidunt rem quod asperiores autem. Harum et iusto dicta. Aliquam dolor alias cumque quia.',1,1,'2012-06-08 20:02:53'),(488,32,11,'Repellat eum praesentium odio quia perferendis libero. Rerum non tempore perspiciatis quia et saepe non dicta.',0,1,'2020-08-06 14:28:56'),(489,60,67,'Assumenda enim sed cumque. Cumque maxime expedita temporibus quis optio fugit. A aut animi aut rerum at quos. Quos maiores nisi ut quae incidunt nulla minus.',0,0,'2012-01-04 09:42:42'),(490,54,67,'Nihil id minus et magnam et necessitatibus possimus. Quos inventore a sed nulla magni eaque officia. Perspiciatis ut perferendis voluptatem qui consequatur nisi eum.',1,1,'2011-08-08 00:23:11'),(491,75,73,'Quo aut delectus ea consequuntur sequi assumenda. Id quis eum nihil pariatur dolores. Veritatis nihil laboriosam sint iure mollitia.',1,1,'2020-06-02 00:55:38'),(492,41,84,'Quibusdam impedit eum facilis perferendis et ad voluptatibus. Atque quidem suscipit quia soluta. Iste corporis omnis ipsum eum.',1,0,'2018-10-08 07:40:40'),(493,96,28,'Dolore nihil molestiae rem culpa saepe. Ipsam eos dolor saepe autem. Et sed aut voluptate tempora minima.',1,1,'2018-08-27 03:56:20'),(494,50,69,'Incidunt vel et enim deserunt. Consequuntur aut nihil distinctio voluptates. Non autem voluptatibus perferendis qui molestiae debitis. Et tempore et blanditiis.',1,1,'2013-06-09 15:27:59'),(495,91,48,'Et officia magnam odit voluptate commodi a dolorum natus. Illo doloremque id recusandae commodi quibusdam corrupti est est.',0,1,'2020-12-09 15:20:30'),(496,67,91,'Porro et molestiae occaecati asperiores itaque architecto. Exercitationem delectus molestiae sunt culpa recusandae.',0,1,'2021-01-21 10:17:08'),(497,55,99,'Accusamus quia accusantium vel velit. Voluptatem unde cupiditate sit facere doloribus. Non praesentium iure soluta iste aut. Temporibus vitae ea explicabo vero. Consequuntur quod quod dolore omnis maxime corrupti et.',1,0,'2015-02-08 02:02:48'),(498,29,47,'Est dolorem qui pariatur. Sequi impedit ratione magnam eius sunt. Harum et dolorem rerum reprehenderit dolorem tempora. Nihil voluptatem adipisci dolore in ut distinctio voluptas.',1,0,'2015-03-17 19:40:35'),(499,49,1,'Quos dolorem quae et cupiditate quae itaque quasi. Quis odit blanditiis cupiditate ut quia. Minima eaque ratione dolores. Doloribus eos temporibus incidunt accusamus tenetur soluta.',0,1,'2011-07-12 15:56:26'),(500,60,97,'Reiciendis distinctio omnis occaecati voluptatem. Est veniam voluptatum itaque repudiandae repellat iure consequatur consequatur. Architecto consequatur tempora et et et. Itaque dolor tempore perferendis impedit.',0,0,'2020-03-30 17:07:56'),(501,4,30,'Quaerat est sit temporibus quos libero ipsa. Quo nesciunt voluptatum sed porro sunt quaerat consequatur.',0,0,'2012-04-14 04:01:33'),(502,35,87,'Qui sapiente asperiores quo id inventore repellat fugit. Quidem autem vel recusandae qui dicta. Odio cupiditate voluptatibus eius eos earum quis alias.',0,1,'2014-10-06 10:50:06'),(503,26,71,'Eos sit totam quo porro. Non accusamus possimus distinctio autem repudiandae quos dolorem ullam. Culpa ad dolor consequatur et deserunt voluptatum.',0,0,'2012-05-14 08:50:11'),(504,77,72,'Aperiam inventore cum sequi sequi illum perspiciatis voluptate. Et enim est sit corrupti molestiae iste.',0,0,'2016-02-01 13:04:50'),(505,29,28,'Voluptatum ab atque neque quo et. Culpa cum ut quae voluptate. Sit nesciunt rerum quia et debitis beatae. Eius natus quia deleniti qui adipisci.',1,1,'2018-01-11 11:08:32'),(506,54,84,'Animi hic doloremque praesentium incidunt neque odio consequatur. Dolore eos possimus aperiam quae nemo. Perferendis culpa inventore sed officiis dolor architecto. Hic est et velit minima cupiditate magnam.',1,1,'2020-03-23 14:45:08'),(507,57,31,'Ipsa iusto voluptate et voluptatem. Harum eaque velit exercitationem praesentium illo autem dolores. Quia sed vel eum doloribus velit officia.',0,1,'2017-11-07 05:14:19'),(508,86,34,'Nisi distinctio inventore voluptate praesentium voluptate. Maxime voluptas qui voluptatem officiis natus nulla dolorum. Aliquid doloribus temporibus non porro placeat. Maiores molestias omnis non et.',1,0,'2021-01-15 20:40:26'),(509,11,55,'At assumenda aut explicabo enim. Nemo ut voluptatem nobis ut rerum voluptas. Aut sint suscipit asperiores ducimus est reiciendis. Voluptate nam vero atque recusandae et quidem ratione.',0,1,'2013-10-07 23:56:08'),(510,42,45,'Nulla ratione dolorem ratione. Qui distinctio in dicta nihil. Aut similique sit odio quidem quae. Iste adipisci repudiandae doloremque sapiente accusamus consequatur.',1,0,'2016-08-19 01:19:46'),(511,96,47,'A id fuga deserunt fuga voluptate amet. Quia doloribus perferendis molestiae ab sit autem dignissimos. Error ad vel natus qui odit aspernatur. Mollitia corporis ut ea facilis in dicta beatae.',0,1,'2014-02-24 05:37:32'),(512,45,84,'Eos dicta in at quia nam. In qui ab consectetur beatae voluptas enim doloremque. Est eum accusantium harum consequuntur aut. Ut doloribus in rerum aliquam unde.',0,0,'2019-02-03 09:13:44'),(513,84,69,'Dicta nulla aut soluta dolor amet quas sit. Pariatur consequatur accusantium aperiam possimus optio et.',1,1,'2017-09-06 20:48:49'),(514,91,46,'Ea nisi magni est nihil tempora molestias odit. Ut ipsum veniam esse repellendus odit repellat animi.',0,0,'2019-07-24 00:56:16'),(515,58,51,'Voluptatem odio doloribus voluptatem commodi est consectetur aut. Et quis dicta quisquam est exercitationem laborum. Voluptatem odit quibusdam voluptatem eum minus exercitationem unde nihil. Et voluptas illum molestias iusto porro dolorem.',0,0,'2019-10-31 14:12:54'),(516,81,51,'Alias id est consequatur vero ipsam sequi quod. Eum officiis est vel et. Vitae harum neque quo repellat.',1,0,'2017-07-26 11:35:13'),(517,13,12,'Quia earum quaerat numquam magni et. Nihil repudiandae rem voluptas libero perspiciatis non quo deleniti. Voluptate vitae sint illum suscipit molestiae unde. Animi consequatur et iure vitae distinctio esse voluptas.',1,0,'2016-03-06 08:39:25'),(518,21,66,'Consequatur dolorem id sint aut qui. Ex aperiam saepe magni eum suscipit inventore et. Cum libero consequatur eligendi quibusdam et omnis voluptatem. Temporibus et est eos voluptas.',1,0,'2020-02-20 14:36:09'),(519,66,33,'Accusantium recusandae impedit voluptatem saepe assumenda. Eum voluptas officiis atque aut optio. Vero ex ut eius mollitia.',1,0,'2016-10-16 02:43:18'),(520,65,26,'Aut aut et dolorem et quibusdam ducimus. Libero eius sit fugit enim natus reprehenderit. Nihil et nihil aut et est in rerum ea. Et nihil deleniti nam non sequi dolore.',1,1,'2012-06-25 03:54:03'),(521,36,2,'Magnam pariatur similique minus dignissimos corrupti. Laborum voluptates officiis totam voluptates maxime quis recusandae culpa. Et consectetur occaecati repellendus. Possimus ea provident assumenda voluptatem distinctio magnam inventore.',1,0,'2016-05-24 10:47:52'),(522,99,90,'Animi ut ab et eum. Magnam consequatur ad totam rerum vel suscipit. Et sit inventore facilis quo vel. Quia cum cupiditate tempora ut porro consequuntur.',0,0,'2017-02-17 15:39:56'),(523,52,91,'Aliquid sunt quidem velit temporibus minima. Illum distinctio animi ratione et pariatur nam. Enim voluptates ipsa vero. Consequuntur est quia laudantium ipsum occaecati.',0,1,'2012-05-20 02:20:04'),(524,99,20,'Aliquam et eum eligendi provident ut vel omnis. Rerum praesentium culpa maxime dicta sint. Impedit eos sed fuga sed repudiandae maiores aut sequi. Sed pariatur et quia cum. Est consequatur maiores dolorem deleniti voluptas eaque excepturi.',1,0,'2017-08-16 16:18:02'),(525,3,52,'Quibusdam non voluptate ut. Odio corrupti ex impedit quam ut harum vero. Quos cumque accusamus voluptas minus voluptatem. Illo sed exercitationem dignissimos voluptatibus cum nemo accusamus corporis.',1,0,'2019-03-15 14:07:02'),(526,54,11,'Laboriosam qui et sit odio officia qui consectetur facilis. Sint aspernatur nesciunt eligendi qui adipisci qui. Cumque vel sed omnis ut corporis.',1,0,'2016-08-31 11:38:30'),(527,95,41,'Exercitationem omnis cumque itaque similique illum corporis sunt. Eius debitis odit distinctio quibusdam.',0,0,'2017-02-26 13:47:26'),(528,19,71,'Doloribus quidem et fugiat maxime a. Qui quo et non consectetur labore voluptatum nisi. Impedit facilis rerum libero tenetur vitae minus quia. Tempora voluptas iusto rem deserunt. Non quisquam aut ipsam rerum optio iure.',0,1,'2012-03-29 01:42:15'),(529,99,79,'Alias quae nulla blanditiis qui officiis atque. Consectetur odio culpa magnam omnis dolores. Quos odio rerum repudiandae sed natus nam.',0,1,'2016-06-10 15:49:22'),(530,99,56,'Impedit qui quos fugit debitis animi voluptatem blanditiis labore. Ut eligendi ratione delectus ea alias.',0,0,'2017-05-24 05:12:13'),(531,83,48,'Qui veritatis ducimus a perspiciatis nihil ut. Est voluptatem qui ipsam non dolor hic. Facere ut et deserunt possimus voluptas.',0,1,'2018-05-22 05:32:57'),(532,91,8,'Eos sed id doloremque necessitatibus. Aut fuga hic iure consectetur incidunt. Et nihil corrupti laboriosam quaerat ut corrupti suscipit.',0,0,'2017-04-28 23:59:17'),(533,66,6,'Quae vel harum asperiores facere voluptatem. Ut et at velit. Ea eum quia quia voluptatum.',1,0,'2014-02-18 09:09:17'),(534,30,34,'Explicabo eaque eos nesciunt officiis ut iusto. Placeat officia maxime et quas rerum cum. Velit natus non voluptatem eum suscipit.',1,1,'2017-09-08 01:24:23'),(535,78,88,'Incidunt culpa magni et sit voluptatum sequi odit. Nam facere ad ad nam est suscipit at. Odit ratione earum consequatur consequatur libero. Et ad odit aut ullam minus fuga.',1,0,'2019-08-27 13:22:49'),(536,6,65,'Eos doloribus sit amet minus perferendis quaerat aperiam tempore. Voluptatum laudantium esse eum maiores at. Possimus animi esse porro error vitae sed impedit dolores. Repudiandae velit pariatur aspernatur sed beatae.',1,1,'2013-11-30 20:47:53'),(537,7,39,'Quas aut et ut occaecati aliquid explicabo. Quia nobis eligendi recusandae dolor. Qui quidem autem rerum itaque similique enim.',1,0,'2017-12-09 03:28:04'),(538,75,56,'Tempora quia veritatis aut et. Qui ullam ab velit velit sed.',1,0,'2014-08-21 21:04:15'),(539,54,1,'Unde harum voluptatem est qui officiis ab ipsa quisquam. Aut laborum voluptas tempore amet numquam ea. Laborum sequi non doloribus ratione ab suscipit est. Ea accusantium aliquam rerum voluptatibus occaecati.',0,1,'2012-09-25 06:21:18'),(540,43,11,'Ipsum quasi et officia quia. Possimus provident vel odio est cumque eum. Qui autem similique necessitatibus. Quis ipsam quaerat dolorum voluptates facilis.',0,1,'2011-08-16 12:17:26'),(541,27,2,'Vel atque ullam vero nihil non. Illum et similique deserunt quam officia accusantium voluptas. Ut molestias quisquam impedit vel cum. Aperiam saepe facilis similique et sit et. Similique labore iure dolores magnam labore.',1,0,'2020-01-27 13:08:16'),(542,26,23,'Rerum fuga pariatur tempora eos veniam. Quas repellendus ut aliquid minima mollitia fugit eligendi. Dolores animi officiis ut et.',1,0,'2017-02-15 23:50:09'),(543,36,12,'Delectus quibusdam at maxime ut dolorem qui et. Dolores ratione reprehenderit expedita amet. Fugiat a esse et et quia.',0,0,'2016-08-03 21:18:29'),(544,53,27,'Et modi nemo molestiae illum nam. Aut et est quisquam ut vitae. Porro quia labore aperiam et officiis laboriosam officia omnis.',0,0,'2016-08-15 11:29:01'),(545,76,99,'Aut voluptatum modi ipsum explicabo corporis. Suscipit ratione molestias reprehenderit labore. Animi dolorum dolorem quo repudiandae excepturi qui in.',1,1,'2017-12-22 15:41:37'),(546,68,40,'Deserunt sit numquam voluptatibus accusantium. Omnis quibusdam quos sint. Ratione rerum voluptates non numquam nihil. Dignissimos corporis sit explicabo ipsum aut consequatur.',0,0,'2020-03-26 11:18:58'),(547,95,53,'A enim quia dolor sunt. Error perferendis quod illo neque est. Expedita harum cupiditate perferendis et perspiciatis vitae fugit.',0,1,'2017-04-26 16:22:52'),(548,83,53,'Non fugiat autem est dolorum ullam. Qui impedit excepturi tempora ut nam. Expedita corporis vel labore quisquam laboriosam.',0,1,'2017-02-12 23:57:36'),(549,18,28,'Eum omnis repellat consequuntur reprehenderit. Qui explicabo ratione aliquam qui incidunt aut.',0,0,'2013-08-22 01:47:12'),(550,85,42,'Rem enim nihil laudantium doloremque. Quisquam sed qui a nulla aliquid. Laudantium sunt aperiam sed exercitationem inventore voluptas. Adipisci dolor dolorum consequatur repellat qui incidunt. Vitae et id saepe et qui perspiciatis.',0,1,'2020-08-19 05:53:01'),(551,53,41,'Qui qui officiis cupiditate. Consectetur officiis facilis eum consequatur nostrum ipsam reprehenderit. Rerum inventore accusamus deleniti et. Expedita expedita accusamus non nobis dolores voluptas nisi.',0,1,'2016-06-09 08:59:58'),(552,45,100,'Exercitationem quisquam reiciendis saepe vel et expedita facilis. Rerum eius possimus pariatur eum. Enim voluptatem minima est sit et sint voluptatem. Maiores eum rerum voluptates minima omnis voluptas qui.',1,0,'2016-03-10 08:49:21'),(553,66,30,'Necessitatibus accusantium ipsa cumque nihil excepturi eligendi ex. Ullam omnis et at qui non. Voluptatibus beatae quis id aut fugiat et. Fugiat officiis blanditiis vero eligendi.',1,1,'2011-08-29 07:14:36'),(554,50,60,'Et tempore nemo temporibus nostrum. Sunt et neque suscipit dolor. Autem temporibus aut tempora culpa porro.',1,0,'2014-09-19 22:22:45'),(555,50,68,'In aut eos in amet sed nihil adipisci. Suscipit officia esse in nisi omnis et est. Tempore quod necessitatibus qui exercitationem laboriosam et mollitia. Alias deleniti autem error dolores et.',1,1,'2014-05-17 02:43:01'),(556,90,46,'Est officiis fugiat voluptatem et. Mollitia sunt quo blanditiis placeat iste commodi. Dolor laborum laboriosam est eos expedita rerum. Ex ut vel distinctio ipsam labore beatae.',1,0,'2014-03-22 15:20:48'),(557,60,61,'Recusandae consequatur mollitia eaque eos vel et voluptate. In eum iusto laborum impedit vero aut iusto mollitia. Ipsum voluptatem minus animi.',1,1,'2015-03-31 18:17:17'),(558,24,37,'Facere praesentium blanditiis et ut eum. Consequatur quam alias nam atque. Unde sit voluptates excepturi.',0,1,'2019-09-27 22:35:45'),(559,13,54,'Nihil et quam vero corporis. Consequatur sequi nihil est fuga earum et. Molestiae molestiae ut eaque ut voluptatem ipsum illo.',0,0,'2016-02-16 16:17:19'),(560,30,85,'Alias voluptatem ab animi rerum. Quam sit iusto rerum non maiores totam in in. Et eveniet sapiente eos non rem. Sed nihil perspiciatis dicta.',1,0,'2013-05-05 02:33:22'),(561,38,32,'Vel accusantium quia minus cum similique quia. Consequatur reprehenderit officia magnam a. Repudiandae minima quaerat sit modi numquam recusandae.',1,0,'2016-09-22 08:33:33'),(562,46,34,'Numquam vel eum et reprehenderit dolor consequatur. Doloremque est velit aut voluptatem ut ut veniam. Quo deleniti sit quaerat impedit et ut quas.',1,0,'2020-09-14 16:59:00'),(563,33,60,'Dolorem quod corrupti et voluptas omnis. Eos aliquam sint voluptate et veniam exercitationem sunt. Quo consequatur vero consequatur modi fuga voluptates culpa necessitatibus. Dolore quis totam corrupti tempora.',0,0,'2012-01-09 07:59:12'),(564,100,20,'Laboriosam aperiam architecto unde eos. Dignissimos sunt explicabo voluptatem dolores iusto. Dolorum error fugit eos dolorem et at.',1,1,'2014-02-26 00:46:56'),(565,98,31,'Alias ut quaerat voluptas vel rem voluptatum. Quod nihil illum ab cupiditate nulla consectetur. Voluptate possimus qui id sed rerum molestiae. Et in qui ut ea blanditiis dolore. Praesentium autem vero quam ut.',1,1,'2018-12-22 18:03:06'),(566,59,1,'Nesciunt recusandae ipsam quae. Neque quia eum temporibus placeat. Porro illum aut et maiores.',0,1,'2018-05-06 21:16:24'),(567,27,32,'Sit ipsam non ut pariatur minus deserunt omnis. Ut dicta non velit in consequatur.',1,0,'2021-02-26 09:29:16'),(568,79,97,'Et ad consequatur unde fugit eveniet sunt quod vero. Mollitia sed facere sed optio enim reprehenderit. Rerum in ullam enim sequi voluptas est in.',1,1,'2016-07-29 22:17:15'),(569,48,48,'Omnis quod dolor libero et omnis odit asperiores. Non et quod unde aut alias. Molestias eaque recusandae quasi aut ipsum aut libero.',1,1,'2011-07-25 22:07:52'),(570,96,34,'At error est a a quo nihil. Veritatis officia maxime et et nisi architecto ipsum non. Corporis aut magni aliquam recusandae.',0,0,'2018-01-04 16:36:13'),(571,81,5,'In officiis ad atque neque modi ipsam laudantium. Id odio quasi dolor dolor sunt ab voluptatem. Minus ut ullam occaecati sed accusantium repellat.',0,1,'2015-01-12 02:57:40'),(572,81,89,'Commodi non eligendi sunt excepturi ut. Et in ipsum explicabo repellat et placeat. Architecto earum velit qui animi rerum quis.',0,0,'2016-08-17 03:50:59'),(573,100,32,'Consequatur assumenda dolore voluptatum necessitatibus. Exercitationem non sed voluptas consequatur id non. Fuga sint alias tempora fuga aut eius quibusdam. Dicta quod et dolore. Autem nihil saepe vero eveniet voluptas ea eos dolores.',1,1,'2019-06-30 00:46:31'),(574,60,3,'Placeat esse animi occaecati voluptatem. Et qui quo non accusantium nam possimus consequuntur. Architecto rerum adipisci magnam velit quo reprehenderit eaque. Libero fugiat velit quidem vel et debitis.',1,0,'2020-05-13 23:39:41'),(575,34,63,'Tenetur veniam eum quam quia enim nostrum. Distinctio eum quod perferendis occaecati.',1,1,'2016-03-15 05:22:40'),(576,10,62,'Voluptatibus nihil quia consequatur odio sapiente rerum. Aut nulla explicabo molestiae laborum voluptas. Aut inventore mollitia velit id. Ut omnis perspiciatis sunt minima porro eos non quia.',1,0,'2013-07-30 07:53:04'),(577,81,16,'Harum facilis et totam id at ullam. Et nobis nihil quos ut quibusdam illum. Et totam quisquam cupiditate. Sed aperiam deleniti magnam.',1,0,'2015-02-10 20:51:21'),(578,36,31,'Consequatur ipsum delectus sequi porro quo adipisci officiis. Dolores est ut tempora eos minima. Impedit ea dolores explicabo alias eius. Qui nulla deserunt accusamus harum quod.',1,0,'2014-09-12 17:38:35'),(579,46,37,'Reiciendis quia et ex quibusdam expedita molestias nisi nemo. Odio sed ut id fugit. Officia et eos omnis.',0,1,'2017-10-06 12:59:11'),(580,48,27,'Voluptatem ut consequatur placeat autem. Non tempora ipsam autem consequatur. Et reiciendis praesentium vitae voluptatibus.',1,0,'2016-08-12 17:26:28'),(581,92,77,'Et totam aliquid quos possimus aut ipsam. Dolorum mollitia iste delectus qui ipsa doloremque. Veritatis minus vitae exercitationem sint aspernatur.',1,0,'2020-05-09 23:55:45'),(582,10,17,'Rerum et reiciendis accusamus dolores impedit non id. Vero ab voluptas consequatur optio.',0,1,'2012-10-10 20:18:01'),(583,55,25,'Ad magni quibusdam qui quia ea. Animi corporis eveniet nemo debitis deleniti qui perspiciatis. Beatae quia ipsum aut nostrum. Quasi quasi et ut cumque eos odio excepturi.',0,1,'2012-09-08 18:53:11'),(584,56,8,'Aut dolore et aut ut. Animi fugit odio sed quos distinctio. Quo natus et numquam quisquam. Similique enim autem natus quibusdam.',0,1,'2015-05-11 20:04:15'),(585,71,30,'Culpa numquam repellat minus eos cumque dolorem. Sint voluptatem distinctio quasi iusto aut occaecati. Corrupti dolores voluptatibus debitis sed.',1,1,'2020-10-30 00:31:28'),(586,36,90,'Nulla consequatur qui eum et earum. Est sunt sint deleniti suscipit esse non sunt et. Recusandae et minus quas quia nisi corrupti et.',1,0,'2014-05-01 13:09:12'),(587,42,40,'Corrupti culpa suscipit id eaque sint optio consequatur. Nam excepturi nihil ut minima.',0,0,'2012-08-08 13:55:36'),(588,71,37,'Consequatur rerum ipsa corporis. Omnis labore impedit voluptatibus et. Odit repellat consequuntur ea ex veniam atque voluptas. Veritatis eum rerum ut ea dolore inventore.',1,1,'2019-08-08 08:42:00'),(589,71,45,'Possimus aliquam porro illo iure sed mollitia facilis. Quidem at quo consequuntur culpa quaerat modi. Repellat ea in nesciunt ipsa adipisci quibusdam quaerat aut. Ipsa atque possimus et nihil quia illo possimus.',0,0,'2020-10-04 05:21:28'),(590,8,8,'Debitis autem velit mollitia amet minima voluptas. Rem dolor alias corporis nam. Ut facilis error nisi deleniti in ut ut. Saepe libero dolores perferendis porro velit numquam.',0,1,'2014-05-01 04:22:19'),(591,14,45,'Saepe sit praesentium et in voluptatum. Ea aperiam quas repellendus eveniet reprehenderit accusantium. Eius incidunt perspiciatis eos non itaque earum et. Doloremque temporibus sint harum quae est.',0,1,'2014-01-19 16:01:01'),(592,81,72,'Beatae aspernatur ipsum quasi quisquam qui. Natus quia odio ut. Vel blanditiis labore sed corrupti eos. Aut quia eveniet nihil aperiam corrupti explicabo dolorem.',1,1,'2011-06-16 03:50:05'),(593,14,56,'Velit eos a necessitatibus. Aut nam adipisci qui eos commodi quaerat nam. Excepturi et voluptatem repudiandae fugiat.',0,1,'2012-03-15 20:48:15'),(594,37,18,'Illum reiciendis odio vitae porro eum error. Officiis ut itaque laborum est dolores velit odio. Et dolorem pariatur aut fugit numquam quam. Et reprehenderit earum itaque ut debitis.',1,1,'2015-06-17 04:39:19'),(595,78,34,'Dolorum ipsum dolor blanditiis velit sit quibusdam ut est. Modi adipisci dolorum facilis culpa voluptatem voluptate sequi magni. Dolorum repellat quae maxime. Architecto facilis aut incidunt exercitationem.',1,0,'2013-05-04 06:52:21'),(596,34,69,'Suscipit qui voluptate autem sapiente beatae qui consequatur. Sapiente nulla nihil expedita nisi odio. Enim eius ab nesciunt ducimus rerum est. Impedit exercitationem id cupiditate.',0,0,'2014-03-03 02:04:24'),(597,45,14,'Qui consectetur sunt placeat voluptates facere. In maiores consequatur facere eligendi excepturi eaque.',1,0,'2018-04-02 01:38:50'),(598,36,38,'Iste est doloremque accusantium numquam dolor quo voluptas magni. Ut molestiae hic autem earum. Ea impedit sapiente occaecati commodi et rerum quaerat. Unde alias placeat omnis earum. Consequatur voluptatem eveniet voluptas earum et debitis.',1,1,'2016-10-12 01:42:18'),(599,80,88,'Reiciendis et qui ut quos qui aut. Tenetur voluptas hic illum unde id doloribus distinctio placeat. Nobis ratione reprehenderit et praesentium.',1,1,'2018-10-26 13:14:58'),(600,96,18,'Voluptatibus qui labore accusamus quas aperiam labore. Sed quia rerum vitae maiores minus provident non voluptas. Non quasi quia quas ratione accusamus aspernatur.',1,0,'2019-06-19 17:32:21'),(601,100,45,'Aut modi quo sunt cupiditate et. Doloribus tenetur non occaecati. Et laborum odio numquam. Autem explicabo eius quo est laborum sit accusamus.',1,0,'2015-05-07 15:30:06'),(602,27,100,'Et earum et est. Cupiditate blanditiis optio ratione voluptates perferendis animi ratione. Magni minus harum amet explicabo facere at.',1,1,'2012-11-12 01:26:11'),(603,15,77,'Unde temporibus perspiciatis necessitatibus corporis facere aut minima. Quae nihil officiis assumenda reiciendis omnis. Rerum reiciendis et error tenetur. Et autem maxime ut non aut qui dolores. Consequatur officiis laboriosam dolorem et id cupiditate.',1,0,'2012-03-23 06:49:28'),(604,40,67,'Earum quam tenetur culpa doloremque. Repellat sequi fugiat placeat numquam aut ullam. Aut minus est perferendis neque. Quam tempora reprehenderit voluptatibus cupiditate. Quo iure quia sed dolorem illum voluptatem.',1,0,'2021-02-14 21:39:09'),(605,14,69,'Nemo quae pariatur et rerum distinctio quisquam modi. Consequatur nesciunt mollitia sunt necessitatibus necessitatibus ratione harum.',0,0,'2015-07-29 20:04:01'),(606,5,15,'Dolores cupiditate harum et esse porro nihil. Ad in adipisci possimus eos quidem voluptas est in. Repellendus at modi ex quasi. Commodi nemo repellendus tenetur dolorem.',1,1,'2015-03-04 04:51:16'),(607,58,46,'Velit adipisci voluptate quis eveniet corrupti dolore tenetur. Et esse praesentium autem odio. Voluptatibus iusto numquam dicta suscipit odit consequatur sequi. Voluptatum et possimus ut sint dolorem ea. Ullam blanditiis et fuga incidunt.',1,0,'2018-12-09 04:12:43'),(608,58,48,'Et iste quia qui molestiae. Quisquam id iure aut omnis. Laborum quo ad ut sunt quis ad odio. Unde dolores doloribus ea aliquam natus aliquid nihil.',1,1,'2011-11-29 22:39:48'),(609,66,88,'Veritatis tenetur deleniti tempora. Ut earum ad sed. Quas nobis repellat porro voluptatem quas temporibus ducimus. Vel velit ut eveniet in voluptatem.',1,1,'2021-02-10 10:04:04'),(610,38,29,'Aliquam sint qui enim sapiente et est qui. Magnam nostrum ex pariatur rerum. Quis quia vel sit.',0,1,'2018-09-06 22:37:26'),(611,27,50,'Molestias porro temporibus non inventore. Vel esse voluptatem voluptatem hic aspernatur autem quia. Assumenda earum incidunt ipsa praesentium.',0,1,'2015-07-28 17:50:57'),(612,66,80,'Maiores ab eveniet possimus architecto sequi sint. Voluptatibus non libero quia. Suscipit qui ad aut asperiores vel aliquid quo. Consequuntur voluptatum accusamus quam. Earum labore quos soluta quidem qui earum unde illo.',1,0,'2012-06-08 16:25:37'),(613,4,77,'Cupiditate nesciunt maiores eos ea harum reiciendis. Sint ea praesentium porro laudantium et animi sunt. Praesentium enim deleniti et aut temporibus. Dolorem voluptas ut quo omnis sapiente alias officiis.',0,0,'2016-04-10 22:36:12'),(614,72,30,'Veniam et quisquam et ratione. Architecto non enim consequatur non. Qui blanditiis ut eum. Quam rerum sed eum quia rerum enim.',0,0,'2018-09-18 13:35:51'),(615,33,75,'Distinctio consequuntur nihil at. Maiores enim sit est vitae. Occaecati consequatur est placeat reiciendis qui illo quo. In non illo ea.',1,1,'2015-09-15 22:07:47'),(616,73,42,'Quas totam eos nulla. Alias quasi provident consequatur eos animi nesciunt. Autem dolorum non similique assumenda perspiciatis qui.',1,0,'2020-05-24 13:24:09'),(617,92,30,'Ea mollitia iste vitae dolorem voluptatem qui. Omnis sed quod voluptatum minus enim at et. Vitae iure dolore libero exercitationem. Ducimus nulla incidunt et magni aperiam.',0,0,'2016-06-11 18:28:48'),(618,76,90,'Ut sed cupiditate libero eum ratione. Pariatur ex aut harum sunt fugiat itaque impedit. Corporis aut corrupti ipsum distinctio quibusdam non sint.',0,0,'2017-04-08 07:27:15'),(619,19,24,'Quibusdam facilis nesciunt ut quia vel sint. Commodi autem iure nobis possimus explicabo. Voluptatem eligendi voluptatum blanditiis voluptas.',1,1,'2011-12-12 06:12:08'),(620,63,44,'Enim temporibus fuga natus alias. Qui nihil iste adipisci. Ullam quis quidem voluptas aut ut. Quas neque adipisci illum maxime.',0,1,'2018-07-13 16:56:04'),(621,28,9,'Dolor nihil voluptate quis qui amet. Fugit eius consequatur doloremque qui expedita soluta. Atque illum et adipisci et rerum.',0,1,'2020-01-05 21:26:06'),(622,60,74,'At et ut pariatur et debitis hic. Ex rerum enim ab ipsum. Adipisci dolorem praesentium dolorum sunt. Nisi temporibus minus rerum voluptatum atque ut.',1,0,'2014-01-22 05:17:04'),(623,90,26,'Amet voluptas dolorum vero inventore soluta in explicabo. Et et in dolorum modi voluptates et officiis. Sint a dolorum est sit et. Enim quis sit labore nesciunt rerum veritatis deleniti.',1,0,'2016-06-29 05:27:51'),(624,62,30,'Tempora sed ullam et accusamus. Et rerum fugiat dignissimos officia commodi. Saepe quam ullam eum ipsum excepturi.',0,0,'2018-11-23 11:46:51'),(625,63,26,'Facilis nulla nobis non at porro. Qui dolorum est ut ipsa. Magni hic temporibus labore porro aut necessitatibus laudantium cumque. Qui atque laudantium fugit eos similique adipisci voluptates.',1,1,'2013-09-21 02:47:10'),(626,41,26,'Unde sed voluptatem quos dignissimos ut at. Cumque fuga nostrum quia aliquid eum et. Facere et modi in aut nihil maiores aut. Et ducimus delectus consectetur enim doloremque rerum ut quasi.',1,0,'2019-05-17 04:05:16'),(627,7,56,'Laboriosam enim laboriosam aut. Qui odio a quis ipsam sapiente totam. Esse et optio sed id. Est impedit et temporibus vero quia ab neque. Facere eius excepturi consequatur.',0,0,'2015-05-26 19:34:34'),(628,57,17,'Quo voluptatibus cupiditate itaque enim. Mollitia doloribus officia nulla aperiam aut suscipit eos velit.',0,1,'2013-07-15 09:16:17'),(629,15,23,'Nostrum omnis aliquid possimus est. Placeat optio est explicabo illum in non voluptatibus.',1,0,'2019-09-02 06:11:15'),(630,69,76,'Doloremque quia similique est sint molestiae enim. Aut et voluptates cum ipsam distinctio qui. Minima labore veniam et tempora hic. Exercitationem voluptatem quis aliquam aliquid quas non.',0,0,'2016-07-15 10:53:09'),(631,71,28,'Cupiditate sint blanditiis ad odit debitis doloremque. Nostrum animi ea qui molestias. Porro corrupti eum aliquam debitis. Quo eos non impedit est soluta officia.',1,0,'2015-06-19 04:35:26'),(632,25,40,'Odit maxime inventore rerum eos voluptatem minima ad porro. Culpa iste rerum est aperiam. Perspiciatis odit provident voluptate vitae reiciendis.',0,0,'2014-07-05 04:45:14'),(633,27,15,'Consequatur officia tempore aliquam assumenda excepturi rerum est. Ullam dolorem velit sint et ipsa. Asperiores fugit quia assumenda perspiciatis accusamus. A voluptatem eos neque repellendus dolore et ut dolor.',1,0,'2013-08-04 00:52:14'),(634,93,18,'Qui beatae et atque earum excepturi. Odio accusamus quis numquam iste. Dignissimos modi iste asperiores amet modi rerum et.',0,0,'2014-01-05 21:28:24'),(635,12,5,'Cumque nulla error odio aut. Corrupti numquam totam excepturi qui assumenda. Eum doloremque eum provident sunt quo delectus quasi. Ab repellat qui vero inventore.',1,1,'2011-03-29 02:42:22'),(636,88,26,'Corporis rerum ipsam occaecati maiores. Itaque natus corrupti sapiente veniam doloribus reprehenderit ut illo. Doloribus enim et quis odit unde occaecati aspernatur.',0,1,'2012-05-15 18:54:24'),(637,63,38,'Aliquid error voluptatem vero maxime voluptatem. Ut repellat voluptatem ut fugit omnis omnis consequuntur. Perspiciatis quis illum expedita unde incidunt. Dolor recusandae saepe eaque maiores illo molestiae.',1,0,'2020-09-16 03:02:57'),(638,2,96,'Velit quod provident quia sit provident. Rem sunt nisi ab quas. A qui autem ut quo aut et.',1,1,'2012-09-28 02:28:40'),(639,72,70,'Voluptatem aut eligendi magnam laborum eos. Facere expedita occaecati iure at et accusamus pariatur. Magni qui provident autem laborum. Et quidem nulla totam culpa earum quo. Ullam earum aperiam ab ex fuga nemo.',1,1,'2018-11-10 21:51:21'),(640,34,58,'Quas modi consectetur magnam asperiores. Facilis et molestiae voluptate quo explicabo debitis corrupti eum. Vero rerum sunt officiis sequi. Impedit velit eum esse non ad qui aut. Rerum quis nobis at dolorem.',1,0,'2015-12-18 19:43:14'),(641,90,74,'Nihil sed quasi enim nemo consequatur voluptatum cumque. Et maxime delectus et ut. Libero quia dolorem cumque dolore iste. Aut esse dolor est voluptas est quo maxime omnis.',0,0,'2016-09-10 17:01:51'),(642,98,70,'Consequatur quidem cum natus consequatur fugiat tenetur. Dolore temporibus quas inventore non et ut. Mollitia quibusdam distinctio culpa modi. Et omnis dignissimos et.',0,1,'2012-06-20 04:00:10'),(643,55,62,'Expedita debitis quaerat consequuntur magni. Eum ut modi at qui corrupti eius. Qui nemo neque minima suscipit tempora eum incidunt error. Ipsa inventore sint ipsa ut beatae quaerat voluptas sed.',0,0,'2019-09-23 09:19:00'),(644,47,47,'Accusamus earum aut explicabo quia. Quasi sed omnis eum sit. Non quidem earum quisquam id quia.',0,1,'2011-11-21 02:45:53'),(645,94,31,'Quos maxime iure natus omnis praesentium magnam. Quasi necessitatibus ipsa itaque. Ut nisi harum eligendi laudantium et placeat.',1,0,'2013-10-09 09:00:26'),(646,69,55,'Officiis autem necessitatibus omnis. Modi vitae consequatur natus delectus. Expedita ut sunt magnam quam optio architecto. Velit consequatur omnis qui cum.',1,1,'2017-08-07 11:17:13'),(647,64,56,'Nesciunt et excepturi libero sit aut eveniet. Aut praesentium fugiat sit molestiae ut sunt. Animi deleniti voluptatem excepturi quod sunt deserunt.',0,1,'2021-01-22 16:30:21'),(648,86,64,'Est quasi ullam autem nihil molestias quo fugit. Nesciunt quis tempore dolor ut quod alias fugiat. Ut sed culpa ab vero corrupti modi.',1,1,'2019-10-17 16:32:47'),(649,61,12,'Repudiandae ea adipisci est iste ut ea et. Aut quibusdam ut perspiciatis magnam. Doloribus exercitationem ut corporis omnis quae et. Rerum rerum tempore blanditiis dolorem.',0,1,'2016-08-09 07:47:13'),(650,75,38,'Iusto maiores a ad adipisci. Blanditiis repellendus quo aperiam placeat nisi aliquam inventore. Asperiores aut nesciunt culpa officia sapiente id.',0,0,'2013-12-12 04:07:59'),(651,65,12,'Ut velit eum eum cumque ex cum et. Ut vitae architecto qui doloremque id iure. Nisi fuga inventore fugiat dolorem cum dolores officiis iusto.',0,0,'2015-08-18 23:16:46'),(652,66,90,'Aut consequuntur quod molestiae sapiente. Cum ducimus voluptate nam. Magni quod molestiae sint et nemo omnis.',0,1,'2021-03-02 15:33:57'),(653,55,2,'Ea magni aut ipsam et. Reiciendis aut in saepe tempora perspiciatis sit. Et natus quam quos nemo quis omnis. Dolores commodi harum odit ab est ut quia corporis.',1,1,'2013-06-10 05:01:04'),(654,46,24,'Architecto eligendi quidem facilis autem. Optio voluptatem nihil cum dicta aperiam recusandae. Consequatur neque odit modi inventore quam officia. Sint nihil facilis rem provident id.',1,0,'2020-03-21 05:01:33'),(655,81,34,'Iste nam est ut et voluptatem molestias sit. Veritatis vel dolore nemo animi quia quis. Ducimus officia exercitationem facilis nihil. Culpa voluptate est error sit qui.',0,0,'2017-12-23 10:15:10'),(656,24,20,'Tenetur atque esse architecto saepe sint numquam ut. Nihil ipsam sequi eveniet et. Consequatur quae voluptatem quia et nemo delectus rerum.',1,1,'2019-03-12 17:43:01'),(657,25,67,'Aut ut perferendis rerum ut velit. Rem suscipit deserunt doloremque assumenda. Laborum rem in nulla iusto commodi.',0,1,'2011-09-19 19:27:51'),(658,57,84,'Incidunt asperiores sed eius ipsam quis consequatur voluptatibus. Facere repellendus accusantium et eos repellendus voluptas. Ipsam temporibus aspernatur dicta iusto. Quibusdam tempore ut et.',0,1,'2013-03-31 22:13:58'),(659,49,92,'Ut ea atque repudiandae voluptates blanditiis deleniti distinctio. Distinctio eligendi adipisci nobis quia. Earum dolor quis cum.',1,0,'2015-04-28 14:16:27'),(660,14,95,'Non quasi qui eum vel eos. Nostrum rem omnis repellat perspiciatis aut. Et et aliquam ut quos doloremque sint aut iste.',0,1,'2019-04-12 17:35:29'),(661,30,65,'Accusamus omnis totam ut occaecati quam vel. Atque illum repellendus cum voluptas facere voluptatibus optio. Voluptatem ex enim reprehenderit doloremque placeat et et modi. Eum ut et dolorum necessitatibus iste ea tempore quisquam.',0,1,'2013-11-04 00:42:29'),(662,33,70,'Ratione voluptates est quis sed non aut. Nam illum sint est illo nesciunt. Ducimus sunt qui aspernatur veritatis dolor odit.',0,0,'2017-12-01 01:43:47'),(663,51,46,'Voluptatem omnis minus quas ducimus. Aut aperiam tempora voluptates vel. Facere vel ea deserunt qui architecto fuga.',1,1,'2015-03-21 19:05:43'),(664,77,45,'Enim labore rerum assumenda qui iste. Ea cupiditate ut voluptatum nihil. Veritatis sapiente mollitia laudantium commodi dolor. Sit totam praesentium voluptate eos perferendis quia repellat.',0,1,'2013-06-29 14:57:18'),(665,94,34,'Dicta beatae non ex excepturi. Alias sed vitae autem et deserunt omnis. Ea consequatur veritatis tenetur asperiores sed doloremque.',1,0,'2014-05-16 09:33:38'),(666,87,34,'Veniam rerum laborum repudiandae delectus omnis. Error minima a quia facere. Est ut aut illum nam quod rem accusamus. Nihil nobis doloremque quia eveniet et.',1,0,'2016-02-11 23:41:07'),(667,6,28,'Voluptas sit ad iure culpa alias. Aliquid quos fugit eos animi et culpa consequatur quibusdam. Iste voluptatem necessitatibus aspernatur nulla. Qui laborum et quidem adipisci et porro nobis.',1,1,'2019-08-18 04:01:34'),(668,23,30,'Nobis iusto eligendi rem ut. Recusandae tenetur consectetur nam sit et excepturi fugiat. Velit quas ipsam voluptatem quidem autem non. Et excepturi soluta sit laboriosam.',0,1,'2018-12-18 14:01:48'),(669,81,13,'Dolor quia velit eligendi qui nobis aspernatur. Minima tenetur similique provident voluptatem temporibus hic aut tenetur. Omnis enim sapiente perferendis a. Voluptatem dolorem doloremque soluta.',0,0,'2016-08-13 10:02:19'),(670,23,75,'Aut eos animi dolor unde. Dolores molestiae omnis quam labore quis. Voluptas voluptatem sed a velit. Nam libero ut eveniet aut vel dolorum est sunt.',1,1,'2013-10-11 07:01:10'),(671,5,1,'Harum sit voluptatem impedit. Laboriosam corrupti deleniti modi qui. Exercitationem officia sunt eum facilis dicta. Sint dicta laboriosam et architecto occaecati vero autem.',0,0,'2012-03-07 08:36:12'),(672,89,43,'Autem quia eos alias veniam. Ea facilis vitae ipsam et aut rerum non. Placeat qui sit reprehenderit eligendi dolor numquam id.',1,1,'2013-04-11 13:18:13'),(673,48,8,'Temporibus sunt temporibus aperiam provident. Et aut eum qui fugiat illo qui. Quia dolor et cum maiores dolor quasi beatae. Maiores quo vel assumenda autem voluptate quo.',0,0,'2013-06-23 09:55:49'),(674,96,58,'Impedit omnis culpa magni delectus adipisci esse. Temporibus dicta facilis veritatis nesciunt doloribus est ratione. Iure voluptas doloremque velit cupiditate minus.',1,1,'2019-03-21 23:23:49'),(675,98,16,'Nisi architecto facere minus cumque accusantium est qui. Incidunt et recusandae omnis adipisci. Architecto consequatur molestias voluptates delectus sit voluptatem.',0,0,'2012-03-15 00:58:35'),(676,87,86,'Praesentium natus eos mollitia et. Non et rerum autem ab voluptates aliquam. Suscipit debitis nulla enim autem sed laborum. Eius velit consequatur ipsam assumenda sint voluptatibus.',0,1,'2021-03-02 03:03:59'),(677,70,91,'Totam nihil incidunt sit et corrupti. Dolorem praesentium ratione quis deleniti at praesentium minus fuga. Veniam qui maxime amet sed quasi velit sint omnis. Sed non est facere et molestiae.',1,0,'2017-04-05 20:16:06'),(678,45,49,'Voluptates vero quisquam alias id. Tempora quidem id corporis corporis assumenda quo et.',0,1,'2019-11-27 11:27:37'),(679,11,9,'Et vel dolores suscipit sint est sed qui. Dolorum consequatur hic quis et et. Ad dolore placeat eos.',1,1,'2018-03-22 16:36:20'),(680,9,19,'Fugit pariatur perferendis iste sint nemo laboriosam doloribus. Quam nobis natus facere inventore. Ut unde quas eos ipsam.',0,0,'2019-01-19 09:24:55'),(681,65,70,'Est adipisci similique consequuntur aliquid. Accusantium laboriosam nisi ut laudantium sit debitis eos. Praesentium praesentium sint voluptatum quis excepturi.',0,0,'2016-06-30 08:30:53'),(682,55,66,'Eum sit laudantium vel adipisci. Iusto dolor omnis atque quas enim recusandae. Impedit impedit quis quia. Sapiente tenetur molestiae libero animi doloribus ut ratione.',0,0,'2016-08-29 06:21:24'),(683,61,9,'Eos modi qui excepturi sed. Molestiae modi distinctio magnam nobis. Est voluptate repellendus nihil quia.',0,1,'2016-07-15 07:10:24'),(684,62,81,'Voluptas et at ut inventore eos. Delectus nihil eaque eum sit et. Reiciendis a id possimus similique provident asperiores.',0,0,'2018-12-02 11:52:01'),(685,17,45,'Commodi ut dolores quae odit rem enim. Animi id excepturi porro sint aut molestiae quaerat.',0,0,'2016-03-16 22:38:27'),(686,71,19,'Quas expedita error enim vero. Et cupiditate fugiat et non quo corrupti quia.',0,1,'2020-04-07 22:19:14'),(687,82,54,'Eos fugiat dolor exercitationem culpa reprehenderit. Quo aperiam voluptate atque. Sed accusamus beatae id qui provident.',1,0,'2016-08-08 16:29:50'),(688,22,47,'Est temporibus soluta minus cum est aliquid. Delectus ea ut vitae quidem. Aut ea quia eos voluptatem quo. Reprehenderit ut quod enim alias et ut sapiente accusamus.',0,1,'2020-09-15 07:47:24'),(689,70,8,'Harum dolor itaque cum. Molestiae non eligendi exercitationem culpa quidem. Et perferendis accusamus et quod vero velit. Sit autem eaque qui in cum illum omnis perspiciatis.',1,0,'2012-10-18 13:35:41'),(690,30,27,'Autem porro voluptatem iste quidem soluta. Est officia et quod omnis itaque itaque quaerat atque. Labore expedita officiis natus voluptatibus consequuntur.',0,0,'2014-05-20 18:58:10'),(691,42,30,'Molestiae consequatur vel sapiente earum. Libero aut facere tempore sed quas suscipit. Sed alias adipisci molestiae. Omnis illo consequatur recusandae sed.',0,1,'2018-12-02 16:38:15'),(692,22,19,'Qui est qui sint accusantium aut. Praesentium non repudiandae quas minus labore perferendis. Sit molestiae qui iste quis consequatur.',1,1,'2014-09-06 18:29:51'),(693,30,91,'Dolor impedit similique consequatur eligendi adipisci nulla. Tempore accusamus aut id ducimus corporis minus velit. Iste expedita ipsa aperiam quisquam deserunt aliquam id. Nobis voluptates tempore ullam est ut molestias tempora.',1,1,'2020-10-31 17:43:07'),(694,65,54,'Voluptas voluptatem inventore sequi voluptatem ducimus qui. Repellendus odit in culpa sed. Quia necessitatibus alias quo ipsa. Ipsa dignissimos aperiam et magnam necessitatibus velit earum.',0,1,'2018-01-03 20:59:17'),(695,72,96,'Est eum ipsum quod. Velit culpa facere quo aperiam praesentium ut magni. Accusamus maxime perspiciatis reiciendis porro qui alias est pariatur.',0,0,'2014-10-08 19:50:18'),(696,67,45,'Velit doloribus sit assumenda et. Ut assumenda voluptatem impedit quibusdam sunt ab.',0,0,'2017-11-05 08:45:24'),(697,26,92,'Aspernatur exercitationem sunt odio qui maxime voluptatem distinctio. Provident dolor eum nostrum veritatis quidem. Ut fugit quis quia et dolores et et. Consequatur enim recusandae aut cumque commodi.',0,1,'2016-09-05 17:26:40'),(698,80,25,'Ex aut rem amet ipsa eligendi. Rerum aut aut autem nisi et laboriosam voluptatem.',1,1,'2018-03-17 01:49:12'),(699,85,47,'Vel voluptates sed omnis sit ipsam ullam ab. Voluptatem consequatur ratione incidunt. Enim tenetur praesentium qui repellat.',0,1,'2012-05-18 12:30:41'),(700,82,66,'Minus explicabo beatae officia consequuntur. Accusamus aliquam libero nisi et fuga. Rem at id qui nesciunt culpa ab. Dolorem quidem officiis voluptas perferendis consequuntur vitae aut.',1,1,'2012-09-18 06:34:25'),(701,83,19,'Ut perspiciatis vel minima ut facilis modi. Vel fuga illo ipsam recusandae non molestiae ut. Doloribus placeat et beatae consequatur rerum voluptatem. Labore consequatur eaque quia amet magnam repudiandae odit.',0,0,'2016-02-02 07:50:48'),(702,46,71,'Molestiae eius dolor incidunt sequi qui ut autem. Ad nobis non alias enim voluptas dolorum. Excepturi aperiam debitis quis. Id cumque ipsum exercitationem possimus sit sint officiis temporibus.',0,1,'2012-01-19 04:06:49'),(703,19,79,'Qui dolores sint harum assumenda labore temporibus et. Sint amet perspiciatis non ipsum. Eaque dicta nesciunt consequatur quam.',0,1,'2014-09-16 01:27:15'),(704,39,57,'Facere qui et aut in. Iure non sint ea cumque. Id sunt aut ad voluptatem.',0,1,'2014-10-24 12:37:01'),(705,68,69,'Optio molestias quas ullam omnis accusantium aut. A velit et tempore cum vero. Consequatur quidem officia nobis quo et molestiae nostrum. Maiores reprehenderit et consequatur qui autem itaque.',0,0,'2016-07-12 21:11:05'),(706,40,91,'Accusantium autem veniam quo similique eum ab laborum. Temporibus natus id repellendus a. Porro voluptatem in odit laboriosam qui harum. Odit a magni enim expedita. Ea perspiciatis provident laudantium nulla.',0,1,'2017-04-09 16:58:46'),(707,34,97,'Praesentium voluptatum doloremque non perspiciatis adipisci quis quas. Veniam quisquam distinctio sunt eum deserunt. Adipisci sit quisquam quos dolor ipsa.',0,0,'2013-12-24 01:55:15'),(708,82,17,'Ipsa dolorum laboriosam adipisci occaecati corrupti enim hic voluptas. Aut quos repellendus amet facere quia. Qui quam alias voluptates vel id esse. Mollitia et aut expedita veritatis sed quas.',0,1,'2014-09-16 14:01:19'),(709,40,48,'Facilis est sed molestiae commodi quia quis voluptatem sint. Minima dolores quia accusamus illum quidem voluptatem. Delectus rerum officiis sunt expedita error.',0,1,'2013-06-01 01:58:12'),(710,19,51,'Sint et autem et. Quo repellat sed maiores neque. Beatae nam impedit ut ut et molestias asperiores. Sunt tempora nisi molestiae id accusantium.',0,1,'2014-05-21 11:41:13'),(711,96,27,'Quia qui est veritatis doloribus. Consequatur inventore quidem rerum exercitationem aut eligendi ut.',1,1,'2012-08-13 01:10:48'),(712,49,62,'Et iste atque vel ipsam consequuntur sit. Voluptas sed facilis dolores omnis esse voluptatem et. Quod aliquid error officiis alias quisquam dolores. Odit corrupti aut ducimus esse possimus quia.',0,0,'2012-07-02 22:52:29'),(713,63,29,'Qui tempora nulla incidunt qui. Et eos autem quia id. Sit nulla non animi fugiat ut.',0,0,'2015-07-02 19:47:07'),(714,54,85,'Et esse eaque id omnis. Et ut cum itaque in doloribus ratione. Sequi rem harum sunt nihil. Dolor repellendus optio provident necessitatibus voluptatibus fugiat.',0,1,'2017-04-03 09:08:11'),(715,60,47,'Quae sed quia perspiciatis voluptas harum rem. Numquam expedita cupiditate aut accusamus commodi quidem. Voluptatibus qui et est et rerum qui cum.',1,1,'2014-11-24 06:33:10'),(716,54,26,'Ut ut atque officia. Et praesentium id tenetur expedita. Et quasi ab consequatur sit. Ratione doloribus quas commodi vel totam id.',1,1,'2011-11-24 14:52:52'),(717,70,69,'Eaque repellat temporibus sapiente eum est. Cum et voluptatem sunt quam. Nihil aut est deserunt. Voluptas aut voluptate at.',1,1,'2015-06-05 01:51:50'),(718,36,74,'Dolores non explicabo ex enim quo non. Eum ducimus eveniet itaque modi. Voluptatem consequatur sed quia qui animi aut. Consequatur tempora voluptatem odio voluptas iure.',0,0,'2019-09-06 16:24:16'),(719,58,71,'Quo harum quo qui. Quae voluptas sequi voluptatibus asperiores voluptatem quaerat excepturi velit.',0,1,'2011-09-20 07:52:36'),(720,79,80,'Amet eum rerum dolor voluptate quidem. Quam eligendi rem eligendi consequuntur quae dolores. Et quo a voluptas hic. Maxime earum asperiores facilis est quia repellendus laudantium.',0,0,'2012-07-05 21:34:02'),(721,64,81,'Ut doloribus ullam quia expedita omnis. Odit soluta delectus sequi molestiae. Natus et qui voluptas non aut aliquam ullam. Maiores vero deleniti dolor error.',0,1,'2011-09-24 23:37:43'),(722,11,10,'Aliquam doloribus ipsa veniam voluptatem. Ut voluptatum consequatur harum dolor voluptatum excepturi. Debitis ut inventore asperiores eum at. Sunt qui maxime dignissimos ratione itaque error id.',1,0,'2018-05-09 21:15:00'),(723,18,58,'Ullam officia et quasi maiores similique. Necessitatibus ducimus eveniet et ratione iure rerum. Porro sit quia natus ea culpa doloremque deleniti. Repellendus dicta quas quis officiis natus officia dolore.',1,1,'2012-06-18 03:35:06'),(724,36,5,'Aperiam odit quos dolore qui aut. Et quod in perferendis non vel.',0,1,'2019-09-06 06:40:51'),(725,19,79,'Qui perferendis et voluptas et enim. Eveniet est officia officia eos. Qui ipsa velit officia. Et consectetur quia modi voluptatem reiciendis officiis. Illo voluptate explicabo perspiciatis quia quia.',0,1,'2016-09-29 21:51:48'),(726,35,40,'Dicta eum voluptates laborum dignissimos. Odio aut fuga veritatis numquam qui corrupti explicabo.',0,0,'2020-11-09 03:12:13'),(727,93,43,'Quasi assumenda ipsam dolore iure illum quas architecto nostrum. Illum mollitia explicabo omnis similique dicta eveniet molestias. Magnam laudantium vel omnis dignissimos maiores nihil.',1,1,'2017-12-18 03:38:07'),(728,37,58,'Officiis eligendi qui quas dicta ab. Incidunt dolores ea excepturi repellat sunt libero neque. Fugit inventore voluptatibus id. Dignissimos consequuntur nihil quas adipisci dolore voluptatum voluptatibus.',0,1,'2015-02-24 09:26:09'),(729,75,100,'Necessitatibus quas neque sit rerum natus rem qui. Accusantium ab ut veniam odit eum minima. Odio numquam ut labore quaerat sapiente.',1,0,'2012-06-07 08:24:09'),(730,75,75,'Eos amet non perspiciatis possimus voluptatem. Voluptatem iusto ut iusto. Vero unde ad delectus accusamus aspernatur officiis. Voluptate sapiente aut iusto laboriosam voluptas aut nemo.',1,0,'2021-01-15 20:55:45'),(731,50,25,'Inventore ut expedita consequuntur qui temporibus. Totam accusamus aliquid hic sed officiis qui ut corrupti. Illo nobis omnis consequatur eum ut. Sunt et et officiis fugiat consequatur illum provident.',1,0,'2013-02-24 22:12:04'),(732,74,95,'Est animi id quasi reiciendis. Voluptates sed cupiditate dicta placeat quia rerum maxime est. Qui debitis occaecati maxime pariatur sit voluptate. Reprehenderit minus expedita consectetur voluptates.',0,1,'2019-01-07 06:42:45'),(733,51,71,'Dolor eum ullam pariatur rerum sit. Non nihil consectetur eveniet nobis error et. Error quis qui nobis. Debitis ut beatae saepe velit aliquid et.',1,1,'2019-10-09 22:19:46'),(734,1,90,'Sunt quia assumenda iste nisi ex aperiam repellat. Reiciendis asperiores quasi eos consequuntur voluptas adipisci. Inventore et ratione officiis voluptatem at.',1,0,'2019-11-19 23:27:06'),(735,49,72,'Nam et eaque et est. Consequatur fugit nam ab eos recusandae ut est cumque. Et officiis in aliquam.',1,1,'2015-08-08 04:35:32'),(736,13,51,'Impedit at sit odit perferendis. At sed tenetur facilis culpa qui sed. Ipsa nesciunt ut et tempora cumque ullam. Nesciunt quaerat ut dolorem non tenetur.',1,1,'2013-04-27 14:02:04'),(737,13,13,'Alias voluptatibus earum voluptates in. Et aut id iste et ipsam repellat ea illo. Aperiam porro quas nihil sint. Incidunt maiores dolorum qui quae molestiae.',0,1,'2018-07-24 15:29:04'),(738,25,84,'Id est architecto debitis magni deserunt aliquid autem. Atque commodi quod dolorem eius. Qui quas eum dicta quos rem nostrum.',0,1,'2019-06-25 16:04:50'),(739,47,80,'Dicta eaque omnis voluptate. Ullam rerum est nisi ea et. Porro ut ut iste doloremque. Repellat voluptate commodi ut eligendi cumque est.',0,1,'2013-11-29 08:44:19'),(740,61,62,'Est qui velit velit id asperiores consequuntur quia. Vero nam et dolores vel. Neque voluptas quisquam aliquid fuga quos quisquam.',1,0,'2013-04-02 02:05:24'),(741,28,55,'Deserunt laudantium eum consequatur voluptatem. Tenetur autem ea facere veniam enim perspiciatis ullam. Quas consequatur provident consequatur facilis voluptas sit architecto. Suscipit vero dolores non sit.',0,0,'2016-10-12 09:37:11'),(742,90,82,'Illum quia laudantium et. Sed velit ex temporibus rerum saepe autem. Quo excepturi maxime similique velit voluptas ut et. Illo porro ea culpa aut.',1,0,'2019-11-13 01:09:26'),(743,43,66,'Ducimus nesciunt et eius aut. Et dolorem pariatur iusto aut. Sed atque nihil aut ut sunt quia.',1,0,'2014-05-27 17:48:58'),(744,100,1,'Ut qui illum et qui aut modi. Libero rerum dolorem provident harum id. Quod dolorem ipsam dolores. Ratione labore accusantium nam eaque dolore.',1,1,'2016-09-22 13:32:01'),(745,5,22,'Praesentium quia laboriosam voluptatem dolores libero aliquam quia. Doloribus quia dolores quos cupiditate quia. Sit dolores explicabo laudantium placeat.',1,1,'2017-05-19 09:35:45'),(746,93,100,'Officiis culpa ea consequatur laboriosam sint. Ipsa est tenetur expedita. Odit harum repellat quia laborum.',1,1,'2019-10-04 03:10:44'),(747,19,94,'Non totam quis consectetur ut voluptatem consequatur. Veritatis sunt nobis ut sunt. Expedita qui quis delectus sint temporibus ut. Occaecati rerum rerum vero sint at omnis velit.',1,1,'2020-06-16 20:13:41'),(748,14,86,'Sunt possimus tempore sit minima omnis et iste. Sit velit veniam consequatur iure. Esse explicabo veritatis sit perferendis. Commodi aut et eligendi quo et.',1,1,'2017-06-15 23:57:45'),(749,88,81,'Itaque voluptatibus qui eius aut magni molestiae natus exercitationem. Dolorum sunt nihil nesciunt. Cupiditate consectetur dolores sunt.',0,0,'2017-10-23 17:41:44'),(750,40,56,'Veniam dignissimos quia consequuntur. Tempore rem molestias sapiente expedita perspiciatis.',1,1,'2019-02-18 12:39:56'),(751,61,35,'Aut error qui et et eum est. Natus voluptatibus minima quibusdam quia. Omnis ad consequatur nesciunt.',0,0,'2015-07-29 05:28:56'),(752,93,57,'Eaque debitis non aperiam minus sequi mollitia odit aspernatur. Accusamus nisi ullam blanditiis. Cum eos provident est adipisci quisquam eum.',1,0,'2011-12-10 00:13:51'),(753,7,62,'Nostrum sapiente odio fugit libero. Labore magni nostrum deleniti soluta architecto velit. Blanditiis dolorum error ipsam.',0,1,'2016-02-21 21:11:51'),(754,89,59,'Dolorem officia repellat natus enim ut. Voluptatibus unde accusamus aut excepturi sunt quia.',1,0,'2012-11-24 09:10:13'),(755,28,60,'Aperiam similique ad ex. Velit nulla vel iste. Atque repudiandae quia quae animi et quaerat quos. Repudiandae corporis similique sed distinctio.',1,1,'2017-06-14 07:08:16'),(756,18,10,'Eaque voluptatum eos vel autem non. Dolor commodi et quis eum dolores molestias aut. Qui ut error sit et eaque. Et ullam officia quae qui id.',0,1,'2013-08-23 03:00:08'),(757,95,45,'Id dolores maxime numquam dolorum suscipit. Quae in aliquam ea. Incidunt vitae molestiae dolorem eveniet laudantium non aperiam. Beatae ea distinctio quis.',1,0,'2014-11-25 12:52:02'),(758,39,58,'Alias numquam aliquid sint et. Dignissimos cumque impedit sapiente nostrum saepe. Voluptas voluptas sed aut consectetur odio.',0,1,'2021-02-15 01:16:26'),(759,74,93,'Deleniti odio quas debitis sed. Quis veritatis velit aspernatur qui. Ut est fugit quam neque dolor. Similique distinctio adipisci enim consequatur ipsa asperiores repudiandae.',0,1,'2012-10-05 23:34:18'),(760,45,44,'Culpa aut voluptates et. Quasi laborum soluta impedit. Id commodi perspiciatis asperiores quidem occaecati voluptas.',0,1,'2015-07-24 03:49:45'),(761,84,88,'Est atque eaque qui in atque inventore aliquid. Tempore voluptatibus necessitatibus molestiae accusantium maiores. Ut temporibus libero et ipsum sed nihil sint. Facere nobis est provident amet nisi.',0,1,'2012-07-25 06:09:41'),(762,87,72,'Corporis quo quam sit consequuntur totam. Deleniti aut quis quas perspiciatis id perferendis et. Quod ut ducimus nisi libero nobis autem expedita non. Temporibus assumenda suscipit reprehenderit.',1,1,'2016-11-05 16:04:47'),(763,97,70,'Ipsum provident molestiae debitis repudiandae. Libero cupiditate aperiam recusandae dolores reiciendis illum quos et. Consectetur at quasi beatae error enim velit adipisci quibusdam. Fuga numquam expedita esse voluptatem.',1,1,'2011-03-31 03:34:43'),(764,57,76,'Animi nulla est sit dolores sit ut. Debitis qui consequatur assumenda omnis fuga fugit. Aut quisquam est mollitia minus rerum veniam voluptatem.',0,0,'2019-07-04 03:45:26'),(765,8,12,'Quis aliquam quia asperiores. Sapiente voluptatem in soluta quibusdam. Sapiente voluptatem dignissimos sit quam dolores facilis.',0,1,'2013-10-24 12:27:22'),(766,34,33,'Consequatur expedita blanditiis ex suscipit maiores modi et dicta. Temporibus ipsa enim et ratione nam fugiat fuga consequatur.',0,0,'2014-09-27 09:05:52'),(767,65,23,'Sunt error blanditiis natus commodi ipsum. Dicta sint assumenda eos laboriosam. Minima quo excepturi cum est deleniti. Occaecati quo eum quia quisquam et quis libero error.',1,1,'2019-04-09 12:59:25'),(768,19,25,'Perferendis repellat rem velit possimus facilis. Quasi qui animi qui sit corporis quibusdam. Quas optio aut magnam eum earum illum dolores nemo.',1,0,'2018-06-05 02:37:56'),(769,71,76,'Minima et quia quia eos sit quod. Necessitatibus ut quibusdam quia.',0,1,'2011-11-20 09:36:03'),(770,67,8,'Quasi sed sed sit doloremque doloremque. Excepturi voluptas suscipit nostrum iure non voluptatem. Atque voluptatem voluptatem eos quis dolores dolores beatae. Optio qui iure suscipit doloribus optio quidem blanditiis.',1,1,'2017-07-13 12:03:25'),(771,38,64,'Officia deserunt repellat aut non vel. Culpa voluptas fuga voluptas aut voluptatum. Ut maiores velit et.',0,1,'2017-04-30 08:20:27'),(772,6,39,'Officia ut similique nemo est voluptas. Adipisci incidunt voluptatem vel aliquid omnis delectus eum. Ab dolores eaque iusto ut dolor. Culpa temporibus saepe incidunt.',1,0,'2012-07-05 02:37:36'),(773,75,60,'Molestiae omnis provident eum. Repudiandae accusamus maiores optio maiores. Aut nisi fugit repellendus assumenda. Sit maiores et culpa. Dolor consectetur velit exercitationem nihil fugiat in tenetur.',0,1,'2014-12-06 23:29:36'),(774,71,77,'Aut ex maiores tempore quasi quis porro excepturi sed. Eos recusandae recusandae ad eos. Et praesentium nam sint ratione assumenda autem. Quos incidunt ipsa officia aut rem doloribus ut.',1,0,'2017-10-29 16:35:38'),(775,70,21,'Id officia consequatur omnis magni consequatur quam. Assumenda quia eligendi nemo et facilis aut. Id quibusdam quae excepturi vero.',1,0,'2017-09-25 10:39:41'),(776,93,3,'Omnis fuga praesentium nesciunt facere eligendi animi. Et aliquam eius ducimus incidunt nisi ipsa. Voluptate aut cupiditate dignissimos suscipit beatae dolores.',1,0,'2020-09-01 13:59:18'),(777,35,67,'Sint non molestias laboriosam non est molestiae omnis. Dolores minima saepe dolorem deserunt. Eaque culpa sapiente aut quidem. Reprehenderit voluptate molestiae nesciunt velit quo illo.',1,0,'2016-07-29 01:06:38'),(778,28,38,'Quo est debitis quis ex. Sed dignissimos atque eos ipsa qui ut. Omnis rerum rem labore repudiandae voluptatem ut. Aliquam reprehenderit rem dolorem recusandae voluptas minima.',1,0,'2020-12-24 15:37:07'),(779,6,13,'Fuga perspiciatis delectus fugiat natus reprehenderit repellendus quia. Ipsa magni omnis voluptate adipisci. Consequatur dolorem natus alias dolor. Quisquam omnis amet rerum dicta.',1,0,'2011-07-09 23:25:46'),(780,50,9,'Eos molestiae molestias quo sed vel maiores corrupti sit. Temporibus nesciunt iusto deleniti nesciunt rem. Quisquam eius dolorem eveniet modi.',0,1,'2020-07-27 13:54:58'),(781,96,53,'Omnis reprehenderit consequuntur quis dolores explicabo minus aut. Quasi molestiae eum voluptatem ut. Iste ad sit sed quos enim ea unde.',0,1,'2013-06-26 07:03:03'),(782,75,18,'Incidunt cum sint cum ut voluptatem. Qui odio ullam debitis sint saepe ea est. Qui tenetur et est similique quo adipisci. Nobis harum molestiae dolor iste.',1,0,'2016-02-26 12:13:18'),(783,62,56,'Quam voluptas dolorem inventore assumenda voluptates. Dolor qui rerum aut autem iste. Minima veniam tempora adipisci occaecati cumque et architecto consequatur.',1,0,'2011-11-30 18:44:53'),(784,93,97,'Rerum repellendus distinctio tempora numquam. Eum laboriosam veniam natus in sed non et. Harum eos dolores voluptatem nihil voluptatem commodi quis dolores. Qui facilis magni omnis alias mollitia esse velit sunt.',1,0,'2014-07-15 13:41:53'),(785,7,42,'Perspiciatis error sequi voluptatum deserunt delectus esse in. Tenetur reiciendis sunt sint rem. Esse veritatis delectus quia placeat dolor ab. Aut incidunt accusamus et.',0,0,'2018-02-13 13:58:38'),(786,89,19,'Quibusdam vel iste suscipit et consequatur ab facilis. Atque labore eveniet libero nisi distinctio incidunt quia. Et libero doloremque consequatur est aut.',1,0,'2011-12-11 06:32:08'),(787,26,75,'Est sed maxime amet ipsum perferendis quia iusto. Mollitia consequuntur nam modi odio asperiores. Non magni odio voluptatibus nihil sit aut. Laudantium quisquam qui officia a.',1,1,'2019-01-08 16:26:44'),(788,93,42,'Adipisci veniam nisi minima consequatur possimus est. Nesciunt quaerat velit tenetur id ullam odio. Animi distinctio laborum autem fugiat unde. Quos illum cumque voluptas ipsum quas modi omnis alias.',1,1,'2014-12-28 23:08:24'),(789,30,25,'Eum soluta consequatur consequatur et praesentium doloremque ea. Qui veritatis exercitationem eos fuga maxime ipsum hic. Consectetur vero nam illo odio facere voluptas corrupti.',1,0,'2013-08-26 14:40:28'),(790,33,90,'Dicta ut qui sed itaque nesciunt. Provident sed quae qui. Officia ipsum eum quaerat tenetur ratione architecto repellendus.',1,1,'2016-12-23 16:33:16'),(791,51,83,'At sint blanditiis voluptatem tempora. Corrupti minus iste aut sunt alias earum.',1,1,'2012-04-14 10:26:28'),(792,63,66,'Et sit sit iure possimus mollitia molestiae qui aut. Praesentium omnis possimus natus. Exercitationem ut ea ut explicabo eligendi.',1,0,'2019-10-06 11:09:36'),(793,40,2,'Consequatur suscipit dolor ad recusandae non reiciendis provident. Molestiae aut nobis eius ut. Aut perferendis aliquam molestiae qui nihil sint at. Commodi aut molestiae molestiae quis repellendus qui expedita.',0,1,'2019-08-06 15:05:02'),(794,87,31,'Qui in est facere odit quia. Veniam temporibus nihil quae dicta consequatur. Hic eveniet hic quidem enim.',0,0,'2017-09-12 00:11:42'),(795,92,66,'Labore non suscipit libero. Id sunt dolores fugit quam.',0,1,'2020-10-31 00:21:35'),(796,53,68,'Quam consequatur voluptatem vel repudiandae soluta rerum deserunt. Voluptas eligendi eveniet voluptas at. In ipsam eligendi voluptate fuga in eaque.',0,0,'2013-05-07 22:01:01'),(797,79,89,'Sunt perspiciatis adipisci fuga. Voluptas nihil rerum porro placeat et corporis ut. Natus dolore suscipit laboriosam corrupti ipsam. Nemo similique rem aliquid qui a.',1,1,'2015-01-11 20:13:51'),(798,9,79,'Laudantium sapiente expedita quia blanditiis saepe. Incidunt est distinctio perspiciatis consequatur quas quia. Distinctio laborum dicta asperiores commodi animi aspernatur perspiciatis.',1,0,'2013-02-26 15:48:20'),(799,68,1,'Est qui excepturi at fuga facilis. Provident quaerat dignissimos quia quasi eos quis. Occaecati doloremque tempore nobis voluptates quasi illum libero. Nisi dicta sint odit repellendus et.',1,0,'2017-05-20 20:17:48'),(800,1,1,'Et porro dolore maiores culpa dignissimos eum repellat. Rerum ut magni natus non recusandae et repellendus. Laborum suscipit ut aut qui quo. Quae assumenda maxime dolores atque aperiam iusto.',1,0,'2011-07-21 14:28:36'),(801,1,100,'Odit quo aut nesciunt quo. Numquam placeat aliquid necessitatibus doloremque quia consequatur. Id et ducimus saepe sit. Esse labore vero voluptatem voluptatem officiis.',1,1,'2015-07-24 10:14:31'),(802,100,97,'Quam omnis amet omnis cupiditate fugit omnis. Ut unde quis fugiat error modi et. Dolores ex velit placeat sint. Soluta suscipit sit recusandae facilis sunt eos. Rem dolore incidunt delectus repudiandae cumque.',0,0,'2011-11-13 01:18:16'),(803,86,37,'Et quae hic consequuntur eaque deserunt in ducimus voluptate. Ducimus id dolor iure dolore. Eveniet odio at nostrum perferendis. Qui ipsam quia non quas ut eveniet.',0,1,'2017-06-13 06:23:30'),(804,26,20,'Dolorem a illo et. Veniam totam ea impedit illo accusantium occaecati. Voluptatem aspernatur consequatur voluptates excepturi vel eos. Voluptatem iste ut necessitatibus quia sint velit.',0,0,'2014-08-26 08:16:54'),(805,19,36,'Nemo aut ex sequi et voluptas. Corporis et rerum eos. Non ducimus aliquam iste aut eum. Dolorum omnis numquam eum et ipsa repellat quasi sit.',1,1,'2015-05-03 08:23:09'),(806,24,10,'Sunt sed magni sed laboriosam magnam voluptatum a pariatur. Quo totam pariatur assumenda et veniam. Voluptates blanditiis pariatur odio quo qui adipisci non. Illum ut est error magnam.',0,1,'2016-01-09 18:54:06'),(807,80,67,'Vel mollitia at inventore rem quasi aut. Quos omnis neque ducimus est distinctio voluptatem nihil debitis. Et eligendi excepturi minus ipsa deserunt deserunt.',0,1,'2016-01-27 03:02:50'),(808,97,83,'Rerum id et quos vel harum neque. Ut assumenda architecto temporibus dignissimos.',1,0,'2015-05-15 07:41:33'),(809,22,59,'Sapiente et omnis quis voluptatem numquam libero. Quia maxime ipsa voluptas placeat commodi temporibus similique quidem. Voluptatem quasi et facilis et et est ad. Nobis perferendis quae itaque dolor magni exercitationem odio.',1,0,'2015-06-16 16:13:54'),(810,31,77,'Sed officiis laboriosam natus in non sint quos perferendis. Consequatur laudantium culpa quam repellat ut voluptatem. Exercitationem atque natus ullam sit molestiae beatae tenetur repellendus.',1,1,'2019-09-17 13:14:34'),(811,92,27,'Molestiae itaque quam voluptatem et. Qui nobis possimus architecto asperiores et. Et veniam fugit in tempore repellat voluptatem. Aut dolorem commodi excepturi facere eum.',1,0,'2019-12-21 15:52:48'),(812,60,17,'Eius molestiae praesentium qui dolor qui. Aut sunt corrupti beatae velit sint. Qui dolore mollitia velit possimus ut omnis sapiente.',0,1,'2018-10-22 08:56:58'),(813,4,68,'Suscipit corporis cupiditate earum harum. Ut ea nobis ducimus beatae eos et illum ab.',1,0,'2013-02-03 10:11:28'),(814,30,43,'Blanditiis libero provident numquam. Voluptas qui qui reiciendis doloremque. Ut at enim officiis officiis est accusamus. Consequatur et odit quo.',1,1,'2011-12-18 10:42:52'),(815,26,99,'Accusantium cumque incidunt voluptates quaerat illum dolor. Quasi eligendi quia quia cupiditate et voluptatem. Nesciunt quis dolor facilis saepe quia. Quibusdam maiores maiores tempore iste et debitis rerum.',0,1,'2015-02-06 06:52:29'),(816,17,88,'Repudiandae magnam hic vero aperiam qui iusto. Voluptas cupiditate doloribus excepturi reiciendis. Sint aspernatur accusantium autem porro. Blanditiis velit quia ut. Non vel animi tempore facere et placeat aliquid totam.',1,0,'2019-10-13 23:38:16'),(817,87,72,'Id enim aut aut omnis consectetur consequatur voluptatum. Optio voluptatem provident hic odio doloribus autem ut. Nihil id libero voluptatem reiciendis quos eligendi aut. Nesciunt est possimus voluptas exercitationem eum.',0,1,'2012-10-10 19:59:20'),(818,96,66,'Enim sunt quasi nihil voluptates. Repudiandae at qui quae minus ipsa voluptatem. Nesciunt consectetur et quis assumenda.',0,0,'2016-09-19 13:01:28'),(819,40,3,'Maiores sed asperiores magni ea. Odit quo assumenda natus consectetur. Consequuntur minima iusto maiores ipsam sit eos.',0,1,'2011-11-22 00:06:56'),(820,92,51,'Repellat voluptas sequi velit autem optio. Assumenda illum dicta perferendis non impedit. Doloremque aspernatur sint enim quisquam et distinctio.',0,0,'2015-04-13 07:02:36'),(821,77,34,'Molestiae dolor est qui ut sunt. Ipsum ducimus mollitia blanditiis dolorum ut. Soluta laborum eius nihil.',0,0,'2018-12-26 00:50:16'),(822,37,83,'Hic eum et architecto nobis. Asperiores dolor quaerat rem autem repellendus. Accusamus tempora officia et deleniti aut saepe.',0,1,'2017-12-22 10:37:03'),(823,3,65,'Voluptas quaerat accusantium excepturi id illum aperiam. Vel inventore libero et rerum commodi dolorum. Eius sed maiores quia officia.',1,1,'2016-01-11 05:34:06'),(824,18,94,'Est saepe eligendi laborum eum dolore. Occaecati nam et odio nemo a. Velit placeat nesciunt aut deserunt. Fuga in ut eum perspiciatis et ullam.',1,1,'2014-04-16 10:40:23'),(825,16,96,'Sed rerum saepe fugiat alias. Sed impedit atque illum exercitationem sunt sequi aperiam. Est iste ut nemo ipsam est mollitia eos.',1,0,'2014-08-01 05:57:57'),(826,34,81,'Nulla expedita dolores quia deserunt rem. Non distinctio nisi molestias voluptatum et numquam commodi. In assumenda molestiae non quo excepturi illo.',1,1,'2021-01-31 07:20:31'),(827,1,63,'Voluptate quia reprehenderit aut vitae. Totam nisi vero tempora excepturi nemo et. Rerum distinctio voluptate rerum. Repellat quod aperiam velit.',0,1,'2014-09-23 03:59:32'),(828,11,65,'Cum totam et corporis temporibus quis molestias optio. Ut asperiores velit quos delectus facilis provident illo.',0,1,'2016-02-15 15:35:28'),(829,90,56,'Harum quis alias quia natus delectus minima. Qui unde exercitationem deleniti laboriosam. Officia blanditiis blanditiis excepturi aut cupiditate ea doloribus.',0,1,'2014-08-13 01:16:02'),(830,10,81,'Officiis ut ea molestiae eligendi et. Quas quia laborum facere sequi nihil. Ut ab nam eveniet minima molestias delectus.',1,0,'2013-09-20 11:44:51'),(831,75,29,'Praesentium est a qui praesentium distinctio sapiente. Dignissimos recusandae voluptas ea non dignissimos eveniet et voluptate. Vitae quasi eveniet incidunt quo omnis animi. Vel placeat dolore cupiditate iste.',1,0,'2013-04-01 03:58:05'),(832,23,26,'Molestiae quidem quo omnis tempore dolorum dolorem. Ab sit modi facere est suscipit aspernatur quia. Suscipit odio labore incidunt consequatur eos sed ut alias.',0,1,'2019-09-26 19:13:40'),(833,60,20,'Sit nisi nulla et sed. Magni voluptas facilis vel dicta consequatur. Omnis iure sed et tempore.',1,0,'2015-10-21 08:49:00'),(834,21,45,'Distinctio dolorem magnam mollitia iusto qui iure. Sed et ut nam. Natus architecto asperiores dolorem tenetur quia.',1,0,'2017-07-18 22:35:47'),(835,63,77,'Sequi ad aliquam a vel ut. Rem iure ut repellendus aspernatur dolores corrupti ipsa. Eos voluptatibus sit eum autem. Omnis aliquid aut et molestias iste.',1,0,'2012-01-04 07:10:21'),(836,98,57,'Explicabo maxime aliquam aut dolores corrupti. Deleniti saepe minus pariatur omnis cumque labore ut quos. Officiis dolores ab earum et deleniti assumenda. Corporis ut fugiat earum qui sit velit.',1,1,'2014-06-22 01:28:56'),(837,91,83,'Quo ab in est quisquam dolores quidem rem. Doloribus quae eligendi deleniti ipsum architecto. Ut ullam eligendi qui natus officia. Ratione modi repellendus similique adipisci vel ad cumque.',1,0,'2013-11-11 07:05:30'),(838,43,66,'Libero omnis impedit corporis officia aspernatur minima ipsa. Sit hic corporis ab accusamus sed quia sequi. Rem asperiores qui facilis eligendi provident.',1,1,'2016-10-06 06:53:38'),(839,99,96,'Qui dolorem voluptates asperiores est sit. Alias eligendi voluptatum ullam. Voluptatem voluptatibus culpa quam quibusdam.',0,1,'2015-07-26 06:05:28'),(840,84,29,'Dignissimos placeat optio similique in ea modi dolores. Nisi aut sapiente qui voluptatem molestias. Tempora exercitationem placeat rerum laboriosam dolores. Aut illum similique qui. Maiores explicabo voluptatem magni modi ea ut impedit.',0,0,'2020-01-08 09:09:58'),(841,94,82,'Debitis autem ea pariatur ipsa eum. Qui illo consequuntur labore rerum.',0,1,'2018-08-07 20:56:54'),(842,27,87,'Fugit deleniti vitae est dolorem accusamus sapiente. Molestiae voluptas voluptates molestiae neque non. Repellendus cupiditate debitis neque ut. Non debitis tempora vel ipsam suscipit ipsa expedita.',0,1,'2018-08-12 13:19:57'),(843,55,14,'Porro vitae vel assumenda assumenda sapiente. Dolores ipsam quis unde in eligendi magnam minus et. Molestias repellat repellendus nobis aut est.',0,0,'2020-01-09 23:07:00'),(844,4,78,'Quod assumenda ut necessitatibus ea eos. Velit sed aspernatur optio est tempora quis. Iure illum quas magnam dolorem. Cum ad hic ut sit ad assumenda omnis.',1,1,'2019-06-03 07:48:35'),(845,75,43,'Eos quia ut est voluptatem fuga beatae debitis. Eum officia laborum sunt aut. Totam veniam at dicta tempora voluptas. Omnis dignissimos mollitia eum explicabo earum itaque.',0,0,'2013-12-30 05:47:38'),(846,87,7,'Illo omnis nam aut et maiores excepturi magni. Omnis maiores nostrum reiciendis voluptatem. Impedit ut quia aut dolor quis. Ut quisquam ad aut.',0,0,'2012-12-10 18:52:43'),(847,74,50,'Nulla aut omnis accusantium sit corporis. Laboriosam tempore nostrum cumque est dolor voluptatem quos est. Eos sed maiores similique qui.',1,1,'2017-10-05 13:17:48'),(848,26,82,'Voluptatibus similique omnis sit facilis sequi. Iste alias animi molestiae asperiores culpa officia nihil dolor. Ut aliquam culpa quia facilis asperiores.',0,1,'2018-08-27 08:09:15'),(849,28,95,'Quidem ipsum eaque quia qui dolorem consequatur. Voluptatem molestias et illo aut dolores sequi aspernatur est. Tempore repellat praesentium non sit ullam totam.',0,0,'2019-01-16 20:49:25'),(850,91,67,'Accusamus aut eaque sed facere. Eveniet beatae vero voluptatem vero. Ab repellendus reprehenderit dolores eos suscipit. Ullam aut consequatur quaerat nesciunt omnis quam dolorem ipsa.',0,1,'2020-11-04 02:51:07'),(851,63,11,'Dicta dolor rerum eum. Deleniti amet ipsam dignissimos voluptatem. Eum impedit voluptas quasi soluta sint ex excepturi. Nulla minus et expedita dolorum.',1,0,'2014-10-10 03:11:42'),(852,69,11,'Cupiditate esse ipsum est eos aut accusantium. Voluptatem minima earum fugit eveniet ut. Nihil incidunt ut nihil quis quod aut quas.',1,0,'2012-06-09 01:21:27'),(853,48,7,'Sit doloribus ea dolor asperiores quisquam ab hic. Quis consequatur est a unde quia tempore pariatur. Accusantium fugiat nihil doloremque voluptatem. Consectetur quasi voluptate quia est adipisci laboriosam sit.',1,0,'2014-12-05 08:53:42'),(854,89,24,'Aut eveniet at eum omnis dicta. Quis omnis facilis similique id omnis. Officiis explicabo vel voluptates laborum illo iste.',0,0,'2013-12-23 14:08:02'),(855,54,98,'Qui in unde omnis corporis mollitia. Reiciendis velit et facilis et. Ea nobis rerum provident molestiae sapiente ea nostrum.',0,1,'2012-06-02 10:51:23'),(856,26,37,'Eos sit nulla nihil ut molestiae id maxime. Reiciendis assumenda molestiae corporis corrupti quis delectus excepturi. Quos possimus voluptatum velit sed. Exercitationem ut sapiente sit rerum quidem.',1,1,'2011-05-16 05:05:52'),(857,6,16,'Corrupti porro beatae laudantium et et sed eligendi. Et distinctio consequatur sunt at impedit ut mollitia. Quia pariatur sint recusandae vero beatae reprehenderit voluptatem ut.',1,1,'2011-11-19 04:23:24'),(858,65,75,'Accusamus excepturi et sed id excepturi itaque neque. Sint tempore nulla reprehenderit numquam repellendus.',1,1,'2015-11-08 13:53:32'),(859,81,79,'Delectus illo reprehenderit exercitationem in quis. Enim voluptas deserunt laboriosam sit. Deleniti et excepturi optio molestiae velit ullam.',1,1,'2014-05-20 11:08:52'),(860,50,15,'Sed et libero cupiditate nostrum autem. Enim et consectetur suscipit mollitia ratione aut. Necessitatibus nesciunt reprehenderit ex autem. Sint ratione labore recusandae nisi.',1,1,'2016-06-30 13:00:17'),(861,23,71,'Rem laboriosam perspiciatis qui dolores minus laudantium aut ut. Ut sit iste quia. Dicta id neque ab minus. Quidem et vero in consequuntur iusto rerum blanditiis nulla.',1,1,'2019-06-01 09:33:46'),(862,86,15,'Reiciendis sunt odit voluptatem voluptatem tenetur. Vel vitae esse quidem nesciunt voluptatem et. Explicabo nobis est natus quia quia.',0,1,'2012-06-21 18:53:04'),(863,16,35,'Ratione aut voluptate laudantium et. Ut iusto omnis laborum corporis. Unde id harum consequatur. Libero quod impedit commodi aut delectus modi illum deserunt.',1,1,'2016-06-13 18:22:11'),(864,27,30,'Ut iusto consequuntur non saepe id. Quaerat ut minus voluptate ipsa autem totam amet. Ipsa impedit et numquam id.',1,0,'2019-10-24 15:18:02'),(865,67,45,'Eius sunt sequi quos deleniti. Voluptatem architecto quisquam aspernatur non fugit. Ut ducimus et est necessitatibus corrupti sed. Qui est nostrum dolores veniam.',1,1,'2018-01-20 00:33:40'),(866,24,84,'Ut sit similique rerum commodi. Rerum nemo dolor aperiam. Consequatur sed iusto rerum quos.',1,1,'2018-06-24 02:38:47'),(867,48,88,'Omnis qui sed modi consequuntur amet modi quo placeat. Aut et aut sit aliquam odio architecto dolorum blanditiis. Enim quia ea officiis eos blanditiis.',0,1,'2011-04-05 06:45:58'),(868,97,19,'Ea rem et rem et voluptas minima corporis. Rem recusandae incidunt sint adipisci repellat. Sunt error eum est quae aperiam. Minus qui velit quia accusantium voluptatem optio.',1,1,'2011-09-30 19:15:45'),(869,6,70,'Voluptate voluptatem odio dolore eveniet. Alias et et molestiae vitae quis totam architecto. Ad qui dolores ea a.',0,0,'2013-03-22 17:47:31'),(870,30,42,'Officiis dolor quia qui modi sint. Dignissimos quis dolorem voluptas. Et consequuntur est exercitationem officia ratione. A aperiam voluptatem rem aperiam est.',0,1,'2012-05-18 14:40:20'),(871,17,61,'Ratione minima rerum quae autem aspernatur ut. Quia eum sunt aut optio qui corrupti occaecati et. Quo esse magnam eius sunt animi.',0,1,'2011-12-15 02:35:49'),(872,51,72,'Autem eos veritatis sint id qui velit qui. Placeat deserunt optio nulla sit enim vel ducimus.',0,0,'2017-07-26 20:18:34'),(873,5,9,'Molestias ex ex maiores. Dolores nulla sint quos odio sint aut animi quidem. Qui accusantium minima dicta ea magni.',1,1,'2012-11-21 12:58:00'),(874,31,29,'Omnis sunt impedit et fuga. Dolore aut doloremque et sint sit quia. Sit est molestiae aliquid hic.',0,0,'2018-05-26 06:16:39'),(875,50,62,'Quisquam optio ducimus temporibus atque in optio. Aliquam dolorem dolor dignissimos rem quaerat laboriosam.',1,0,'2013-07-15 22:57:28'),(876,60,13,'Odio cumque a consequatur. Ullam quod maxime et.',0,1,'2015-06-27 05:24:19'),(877,84,79,'Ut quasi tempore ex exercitationem consequuntur at laboriosam. Ut voluptatem eum quasi error sed et quaerat consectetur. Nihil non officiis numquam consequatur iusto cupiditate qui. Quasi vel aut officiis voluptas delectus adipisci.',0,1,'2020-07-24 03:24:11'),(878,46,91,'Placeat est recusandae similique ipsa vel dignissimos assumenda. Et harum inventore hic aut et asperiores eaque eius. Voluptates illo minima deserunt unde.',0,1,'2019-01-27 19:47:20'),(879,16,6,'Unde minima rerum eius nisi suscipit suscipit eum. Harum dicta consequatur quo adipisci deserunt quam. Quae repellendus quisquam sit enim.',0,0,'2019-09-05 23:46:10'),(880,81,89,'Recusandae qui sunt placeat. Est voluptate ipsa fuga aut.',1,0,'2015-09-11 06:22:49'),(881,100,35,'Dolorum sequi sunt excepturi iure. Suscipit id consectetur molestiae. Qui autem ipsum nesciunt quasi numquam provident deserunt. Voluptatibus ab vero magnam nam.',1,0,'2019-08-27 13:16:07'),(882,72,56,'Illo aliquid dolore molestias nihil aut. Voluptas dolorem distinctio voluptatem quidem quae aut asperiores.',0,0,'2018-06-19 02:34:58'),(883,61,38,'Quia et a aut unde corporis autem ratione. Amet suscipit quasi rerum voluptas quia commodi saepe. Et reiciendis eius vel culpa ipsum at nesciunt. Sed ducimus voluptate quidem odit odit cupiditate vel. Qui et iste voluptates repudiandae eum amet.',0,0,'2014-02-19 07:12:29'),(884,7,22,'Aliquid velit numquam cupiditate harum. Et nostrum accusantium temporibus culpa consequatur quia odit. Est ut eius perspiciatis consequatur beatae quasi omnis.',0,1,'2018-09-26 13:56:43'),(885,87,71,'Saepe voluptas ut nam dolores dolorem asperiores. Vero sit inventore in laudantium omnis omnis modi. Dolorem est pariatur molestias.',0,0,'2013-11-13 16:13:56'),(886,91,40,'Iusto voluptates voluptas labore. Illo sequi nihil ea non. Ea sit vero ad dolores enim. Quas voluptatem ex architecto mollitia voluptatum animi voluptatibus.',0,0,'2014-03-22 19:30:27'),(887,28,20,'Culpa sapiente praesentium numquam delectus. Distinctio est impedit ut quas amet aut explicabo. Et nemo qui sit eos. Veniam et veniam aspernatur.',0,0,'2012-11-27 05:02:57'),(888,13,7,'Blanditiis laudantium ipsam voluptate iure et asperiores. Culpa nihil ipsum eveniet exercitationem est qui. Vitae quia non alias qui aut aspernatur. Magni molestiae quas laboriosam distinctio qui maiores cupiditate.',1,0,'2014-06-12 18:04:55'),(889,93,46,'Reprehenderit natus consequatur ea et illum eos corrupti. Recusandae modi ex a et adipisci. In possimus atque et enim itaque nam.',1,0,'2019-01-10 04:38:15'),(890,48,1,'Totam consequatur et fugit voluptatibus dolorum magni numquam. Et officiis quasi optio sit. Possimus vel natus ea consequuntur natus ut. Ex aut exercitationem in dignissimos atque illo molestiae veniam.',1,0,'2014-06-09 02:18:53'),(891,61,3,'Laudantium voluptatem quaerat delectus qui qui nesciunt. Iusto molestiae perspiciatis eveniet vel voluptatem similique. Pariatur sed facere distinctio facere reprehenderit.',1,0,'2016-09-16 16:03:42'),(892,29,36,'Necessitatibus non quo perspiciatis facilis aliquid. Et non illum est molestiae quis accusamus.',0,0,'2014-10-02 09:53:42'),(893,92,53,'Eligendi dolore et ut at beatae doloribus voluptatum. Vel voluptatem quaerat rerum. Quia modi minus omnis ipsam dolor molestias. Dolorum assumenda et dolores ullam.',0,1,'2019-07-24 13:14:49'),(894,90,89,'Saepe nulla reprehenderit repellendus quia adipisci doloribus. Aut aut qui blanditiis voluptatum natus. Ipsum quos ipsa aperiam unde cupiditate praesentium.',1,0,'2014-09-26 17:39:05'),(895,73,99,'Qui veniam quod eum dolores et. Iste expedita vitae id eligendi accusamus. Sint voluptas et impedit cupiditate error quo. Non ratione rem voluptatem necessitatibus autem dolore quo.',1,1,'2013-09-28 23:32:21'),(896,77,85,'Itaque dolores quod placeat maiores. Dolor quos et enim iusto aut. Corporis harum vero vel est.',0,0,'2012-03-01 01:28:30'),(897,95,20,'Cupiditate ullam maiores amet. Non nisi deserunt dolorum est sit earum maxime ea.',1,0,'2016-09-29 20:46:43'),(898,12,1,'Voluptatem tempore exercitationem tempora sint at magnam est. Laborum voluptas nesciunt consequatur praesentium nobis quia quas natus. Eius aut eligendi et id libero.',0,0,'2017-08-18 09:30:06'),(899,68,38,'Nisi possimus quisquam dolores cum cupiditate voluptate. Quae debitis ducimus voluptatibus repudiandae enim mollitia ut. Consectetur sint dolores consequatur nam quis itaque est. Veniam autem rerum voluptas in distinctio nesciunt.',1,1,'2013-01-19 16:41:19'),(900,83,1,'Illum animi velit magnam id. Ea nam provident repellendus sint blanditiis id. Qui modi sed iure qui quis.',0,1,'2018-01-28 16:51:12'),(901,58,85,'Voluptatem deserunt nihil distinctio voluptatem. Sed autem repellat consectetur quia dolores quibusdam error.',0,0,'2018-12-17 12:27:30'),(902,51,1,'Blanditiis accusantium temporibus tempore repudiandae. Et sint fuga in et pariatur beatae. Recusandae amet esse libero non possimus.',0,0,'2014-11-07 11:12:43'),(903,49,44,'Et ut temporibus sint voluptatibus voluptatum. Odio natus sapiente vel quo. Quam fuga atque cumque. Sunt qui necessitatibus dicta provident est.',0,1,'2017-04-03 18:28:49'),(904,73,33,'Placeat commodi et voluptas officiis magnam quisquam tempore. Doloremque commodi eos assumenda. Quia saepe id et repellendus perspiciatis similique rerum. Eum iure quo quo cum aut. Corrupti sit quia et nobis placeat nesciunt ducimus.',0,1,'2018-09-16 23:51:19'),(905,43,18,'Dolorem est odio quia perferendis ipsum. Vel tempore animi ut voluptatem qui atque. Sunt omnis magnam exercitationem voluptatem qui et ullam nihil. Deleniti nisi quis blanditiis repellendus eos commodi sequi.',1,0,'2017-04-24 07:18:42'),(906,59,40,'Veritatis eos natus impedit beatae ipsa earum officiis dolor. Cumque qui occaecati voluptatem aut distinctio repellat nihil. Voluptates similique eligendi in quas qui eveniet tempora corrupti. Sed sunt minima odio esse dolor.',0,1,'2015-06-07 18:43:04'),(907,24,99,'Dolor adipisci repudiandae architecto sint qui omnis. Aliquid qui cupiditate dicta inventore. Error modi eligendi voluptatem sit fuga sunt delectus. Tempore modi est natus nam qui exercitationem.',0,0,'2017-03-07 14:44:11'),(908,21,8,'Autem nobis tempore nemo corporis natus quia iste. Eaque veniam laudantium et non et ipsa at aliquid. Omnis fugit perspiciatis blanditiis in qui atque. Qui optio ullam consequuntur quibusdam.',1,1,'2016-12-11 11:22:50'),(909,79,68,'Quis dolorem voluptatem error voluptatem ipsam cupiditate in. Esse non sapiente amet at. Necessitatibus alias ut quisquam dolorem fugiat nostrum. Dolorem dignissimos sit neque sequi incidunt autem.',0,1,'2013-12-30 14:32:01'),(910,4,13,'Neque ut voluptatem a nam sint aperiam excepturi magnam. Consequatur officia laudantium quo sed itaque. Similique ratione voluptas sed fuga.',0,0,'2011-06-11 14:38:07'),(911,53,26,'Ut labore iusto odio molestiae. Quis aliquid sed quia fuga autem ullam veniam. Et deleniti quia beatae qui animi accusamus iusto.',1,0,'2014-05-31 11:25:35'),(912,72,81,'Repudiandae et deleniti quam aspernatur. Asperiores et cumque ipsa. Voluptas aut ullam facere odit vel enim ut ipsam. Earum provident et perspiciatis.',1,1,'2014-01-08 07:33:13'),(913,89,100,'Illum similique eius non. Atque dolorem autem dolor omnis et. Et ut et eos quibusdam ut dolorem. Quasi excepturi quis itaque eos atque neque.',0,1,'2017-07-25 22:07:45'),(914,31,58,'Sit omnis ad distinctio voluptatem quibusdam aspernatur sint. Magnam dignissimos quo voluptas sed tenetur magni. Ut laudantium nihil sint ipsam quis.',0,0,'2021-01-31 11:32:23'),(915,94,98,'Et eos molestiae et et quo. Eos minus possimus error fugiat rerum nisi.',1,1,'2019-12-30 18:19:58'),(916,8,43,'Sint ea vero voluptatem voluptas dolore quia doloremque. Ut nisi harum et. Saepe iure unde est autem animi asperiores. Deleniti amet velit ipsam voluptas delectus quisquam est sunt.',1,0,'2016-07-30 13:06:16'),(917,90,21,'Sunt natus minus ipsum velit ut quo deleniti. Enim dignissimos laudantium est. Ducimus beatae cum alias dolorem et.',1,0,'2011-12-10 13:34:59'),(918,36,14,'Odit error tempore et natus cumque nobis qui. Et officiis facere aut alias. Eum illum optio quas fuga.',1,1,'2013-07-08 09:49:19'),(919,62,67,'Odio ad dolore sed id quaerat libero. Consequatur quaerat ipsam nisi in. Maiores voluptatem ipsa harum. Autem ab nemo ipsa a commodi odio officiis.',0,0,'2011-08-26 12:02:14'),(920,48,39,'Et omnis earum rem voluptas repellat. Porro aliquid delectus velit eius labore sed. Rem corrupti ad qui perspiciatis labore non neque. Consequatur quis est et consequatur cum maxime ea facilis. Eum sit nam architecto.',0,1,'2017-03-09 01:49:58'),(921,49,27,'Optio corporis hic consequatur autem saepe optio velit incidunt. Ex placeat et ipsum est sint omnis. Repellendus vel nulla autem nihil veniam.',0,1,'2015-09-12 15:09:18'),(922,88,60,'Quia omnis ut inventore ab rerum iste natus. Sequi repellendus adipisci voluptas officia.',1,1,'2019-01-07 19:16:24'),(923,37,2,'Dolore saepe neque sed deleniti. Est tenetur ut ipsa quo saepe. Est consequatur aspernatur et autem libero consequatur. Et dolores dolor voluptas.',0,1,'2013-09-28 15:57:45'),(924,99,87,'Quidem laborum asperiores eveniet voluptatem. Sed distinctio culpa laboriosam eveniet quae voluptatem tempore. Eveniet molestias sed cupiditate eum id qui. Odit facere non nihil autem cum.',1,0,'2016-06-21 12:22:00'),(925,37,23,'Quae facere ea est aut quo ex. Architecto in assumenda quas asperiores incidunt omnis aut voluptas. Provident illum corrupti distinctio voluptatum corporis et. Inventore consequatur aperiam eligendi quo suscipit sed tempora.',1,1,'2015-12-29 20:34:51'),(926,4,50,'Corrupti itaque beatae perspiciatis corporis ut officiis. Repudiandae sed quis vero ipsa aperiam. Odit voluptatem optio sunt. Culpa quis impedit optio quis. In voluptatem sint voluptas tenetur.',0,1,'2020-08-18 08:51:48'),(927,40,49,'Et amet quidem culpa et et ipsa aspernatur. Mollitia itaque adipisci sit vel et debitis nemo. Est quidem temporibus dolore praesentium excepturi officiis.',0,0,'2011-04-26 00:47:58'),(928,24,73,'Eligendi molestiae neque necessitatibus. Cumque asperiores quaerat repellat corporis fugit voluptatem labore. Excepturi ullam autem cumque numquam aut. Consectetur possimus voluptatem quisquam natus natus dolores iste.',0,1,'2017-04-16 22:25:43'),(929,91,35,'Animi dolorem aperiam culpa. Et temporibus cum ut voluptates tenetur. Voluptatum ea aut ut nisi et corporis illum.',1,0,'2020-12-04 10:34:58'),(930,3,10,'Omnis voluptatem ut adipisci nihil. Blanditiis sit ea dicta nesciunt. Repellendus quis eius illum.',1,0,'2015-10-12 04:06:32'),(931,39,66,'Magnam possimus harum recusandae repudiandae minus debitis magnam. Delectus in iusto tempore ad. Et eos sed voluptatem asperiores est debitis. Recusandae veniam expedita vitae optio minus sit voluptas.',1,0,'2015-10-08 05:45:47'),(932,13,68,'Ut aperiam aut qui totam distinctio. Eos consequatur natus velit sed consequatur distinctio nulla. Delectus incidunt unde qui reprehenderit aspernatur enim quas. Autem est omnis officia adipisci. Cupiditate est cumque corporis accusantium.',0,0,'2019-07-10 16:59:06'),(933,97,84,'Placeat omnis aut facilis quia iure facilis dolore. Delectus vero facilis quibusdam rerum deserunt ea. Et cupiditate quidem ut nesciunt dolores. Consequatur eos sed ut temporibus porro totam.',0,1,'2020-05-09 18:26:55'),(934,25,74,'Corrupti numquam ut est laborum quidem. Consequatur maiores similique vel ut tempora.',0,1,'2013-08-10 20:53:12'),(935,92,41,'Qui neque illum sint. Voluptatem ipsam distinctio voluptates tempore.',1,1,'2016-10-08 07:22:43'),(936,28,17,'Et non nobis error sed eum magni laborum. Laborum quo ex qui aut quia ut. Natus aut voluptatem ullam. Id vel nam rem qui et asperiores quas.',0,1,'2017-02-17 05:28:52'),(937,1,55,'Et itaque libero qui quod. Sed omnis nulla ea officia voluptatem molestias. Inventore dignissimos sint neque commodi exercitationem minima.',0,1,'2019-12-01 09:03:37'),(938,69,79,'Aut voluptatem facere est. Ut in sed ducimus a in ut dolores. Sed dolorem fugit expedita et doloremque ut. Reprehenderit aut eligendi unde.',1,1,'2019-04-12 04:31:23'),(939,90,12,'Quis est quis molestias dolor autem doloremque est. Quod ut accusantium est a possimus. Ullam animi sunt assumenda molestias molestias necessitatibus nulla. Dolorum ullam vel voluptas voluptatem facere.',0,0,'2013-10-25 12:44:25'),(940,91,17,'Maiores in officia facilis. Cupiditate expedita aliquam pariatur reiciendis libero esse accusamus. Eos quasi perferendis veritatis et.',0,1,'2014-06-19 03:09:47'),(941,12,9,'Fuga incidunt eaque velit consequatur et in rerum. Dolore commodi et hic quis rerum molestias mollitia. Quia suscipit est quasi voluptates sit aperiam facere cupiditate. Odit adipisci similique omnis non enim quia dolore.',0,0,'2017-04-06 14:31:40'),(942,8,15,'Delectus optio consectetur quia molestiae sed. Commodi iusto possimus necessitatibus voluptas eius. Voluptas eaque voluptates minima accusantium. Est molestiae voluptate rerum voluptatem reiciendis qui et et.',0,0,'2019-05-28 21:16:20'),(943,47,90,'Sapiente eum est qui cupiditate dolorum quisquam consequuntur. Aut aut consectetur iure minima officia. Nam ut qui nam eveniet eum quaerat. Accusamus repellat itaque mollitia.',0,0,'2017-12-27 22:09:02'),(944,7,67,'Et beatae similique aut beatae veniam neque laudantium. Cum eligendi voluptatem nostrum ut ut. Itaque nesciunt eum illo aspernatur voluptate.',1,0,'2019-03-13 09:21:05'),(945,12,60,'Ipsam cum odit qui rerum maxime sequi beatae qui. Pariatur consequatur voluptas tenetur sit consequatur mollitia sed. Corporis nemo esse explicabo qui. Mollitia voluptas hic deserunt aut ullam sapiente possimus. Sint quas voluptatem et rerum reiciendis.',1,0,'2014-06-30 04:45:32'),(946,62,31,'Omnis quas id vel sed cumque laudantium. Quam eos dolorem dolorem dolorem ea fuga qui. Magnam qui quia itaque qui. Culpa est quia exercitationem ut.',0,1,'2013-01-21 14:12:36'),(947,66,37,'Magni consequatur soluta necessitatibus fuga vitae. Quas non iste impedit est molestiae dicta.',1,0,'2016-04-15 20:41:37'),(948,88,28,'Consequuntur aut voluptatem aut aliquid maxime. Voluptate nisi quidem et tempore et quaerat et. Dolor nobis ea voluptate deleniti quam. Qui iusto harum voluptatem ab voluptatem debitis. Atque dolores perspiciatis aut est quo.',1,1,'2014-03-18 23:08:38'),(949,75,91,'Veniam a placeat pariatur dolores. Deserunt vitae commodi qui delectus. Unde ut explicabo illo magnam. Ex aut corporis ut quo voluptas molestias nisi.',0,0,'2015-11-12 03:41:15'),(950,30,75,'Qui est nam autem. Velit aut laudantium recusandae amet. Quia suscipit quidem laudantium qui at eligendi. Aliquam rem ipsa repellendus sed consequatur aut incidunt.',0,1,'2014-05-05 19:11:50'),(951,83,91,'Minus placeat quidem rerum qui quas quas enim. Cum eos blanditiis exercitationem. Sed laborum quia rerum eaque in minima. Error est rem nulla et ut.',1,0,'2017-10-26 20:07:53'),(952,8,63,'Reprehenderit qui et molestias libero dolorem et et et. Nobis consequuntur quaerat voluptas quasi tempora.',1,1,'2014-10-03 15:10:44'),(953,91,68,'Fugiat beatae in repudiandae sed labore tempora. Saepe voluptas suscipit consequatur ut amet voluptas. Repellat delectus non voluptas et doloribus ut.',0,1,'2019-10-21 07:35:59'),(954,66,24,'Voluptatem distinctio ut cupiditate deserunt. Corrupti enim optio minima minus tempora repudiandae nihil.',1,1,'2015-06-11 04:40:20'),(955,21,35,'Facilis sit occaecati rem aut tenetur alias ex. Reprehenderit voluptatibus voluptas non sunt ut deleniti et.',1,1,'2016-05-05 08:22:03'),(956,11,51,'Esse voluptatibus est doloremque et animi esse provident voluptatem. Eum occaecati alias aut amet tempore sapiente magni. Magni aut voluptatem porro quidem nemo.',0,0,'2016-02-27 13:12:51'),(957,20,45,'Beatae ipsa voluptatum unde necessitatibus blanditiis. Vero ut repellendus ea est non. Iure dolor totam dolores fugiat autem.',0,0,'2019-05-06 19:24:36'),(958,67,98,'Excepturi veniam labore mollitia recusandae eius. Ullam quia placeat et.',1,0,'2020-11-08 10:27:14'),(959,88,45,'Facilis facilis eaque labore adipisci et at ipsa. Et aliquam ut aut inventore unde voluptatibus. Consequatur maxime quo mollitia veniam fugit.',1,1,'2011-08-31 04:11:02'),(960,60,65,'Quasi quis voluptatem asperiores sequi accusantium inventore sequi aut. Rem sed enim harum voluptatem omnis numquam quae quia. Qui harum dignissimos et nam.',0,1,'2018-11-19 21:44:48'),(961,46,34,'Voluptas voluptatem nihil quia numquam quia et et. Voluptatem impedit voluptas beatae impedit quam ipsa. Eum nemo maiores facere ipsa dolores veritatis. Quasi nulla inventore nihil tenetur error exercitationem voluptate.',1,1,'2015-10-09 06:22:57'),(962,33,60,'Sit ut et qui qui sit. Excepturi nulla inventore aut facere est. Aut delectus voluptatem sint.',0,0,'2011-07-01 23:55:00'),(963,3,32,'Occaecati eveniet animi repellat omnis laborum dolores. Aut eos laboriosam culpa voluptatem. Quia et totam iusto blanditiis blanditiis dignissimos sed.',1,0,'2012-05-21 17:21:16'),(964,51,59,'Tempore labore sequi qui. Aliquam vel architecto temporibus qui rerum facere mollitia error. Dolores reprehenderit explicabo iste itaque quod quidem. Alias odit ut et alias ullam et magni.',1,1,'2012-04-16 08:33:20'),(965,43,35,'Exercitationem eaque fuga debitis consectetur quisquam. Facilis amet eligendi voluptates sit dicta. Molestiae dicta amet doloremque consequatur.',0,0,'2020-03-13 08:47:26'),(966,45,20,'Consequatur dolor voluptas maiores cupiditate et. Asperiores corporis et repellat tenetur praesentium. Dolore nihil rerum voluptatem quo sed quo.',0,0,'2018-09-22 22:50:37'),(967,63,58,'Sint similique dolore eum modi aut vero accusamus. Dolore molestiae amet architecto amet perspiciatis eos ut nesciunt. Incidunt reprehenderit id omnis distinctio. Dolorem et et quisquam aut autem nostrum.',0,1,'2015-03-07 02:50:00'),(968,98,14,'Et velit omnis nobis est. Pariatur harum sit delectus ex.',1,0,'2012-07-14 17:37:23'),(969,77,44,'Blanditiis amet aut ipsam qui consequatur omnis ut voluptas. Minus aut dolores porro. Et ipsum officia doloribus saepe eos.',0,1,'2020-04-28 03:07:21'),(970,88,7,'Quia minima commodi quos dolorem veritatis. Quibusdam qui nostrum facilis quia id rerum. Occaecati cumque totam quis. Autem totam reprehenderit vero provident porro incidunt eum.',1,1,'2012-05-02 06:01:03'),(971,70,27,'Natus quia quis voluptatibus laudantium fugiat commodi voluptates. Corrupti provident quas dolor est corrupti reiciendis. Quos ratione praesentium odit.',0,1,'2018-03-16 19:19:09'),(972,27,51,'Voluptas corrupti voluptates atque molestiae repudiandae amet repellendus. Quasi laborum in necessitatibus. Sit vel vel aut consectetur labore. Assumenda aut non quis quos.',0,1,'2017-10-25 20:55:45'),(973,74,17,'Et eaque eius facere libero. Eos omnis similique nobis. Corporis molestiae velit ea. Molestiae sapiente sint facere ex id et id.',0,1,'2011-08-07 17:17:53'),(974,62,58,'Minima consequatur quaerat quod. Autem et incidunt consectetur iure occaecati temporibus.',1,0,'2014-09-08 17:20:35'),(975,5,50,'Expedita sunt deleniti ut sapiente perferendis. Tempora repellendus consequatur voluptas et culpa. Voluptatem nesciunt repellendus quibusdam excepturi. Quia rerum et et voluptatem.',0,0,'2019-12-07 09:05:29'),(976,34,22,'Facilis odio ad nihil odit cumque. Eum occaecati rerum asperiores consequuntur nihil.',0,1,'2018-04-28 17:25:58'),(977,5,61,'Odio libero enim consequuntur sint consequatur vel. Qui ut hic est suscipit. Quo sed et laborum unde voluptas dolorem tempora. Qui iste commodi aut tempora repudiandae vel rem eos.',0,1,'2014-08-04 05:00:48'),(978,88,55,'Asperiores qui repellendus sed dolores et incidunt tempora quam. Maiores saepe alias est. Occaecati ut expedita dolores molestias explicabo velit.',0,1,'2012-12-25 22:16:31'),(979,10,87,'In unde beatae asperiores praesentium amet aliquid. Culpa quos doloribus hic. Et accusantium corporis excepturi repellat.',1,0,'2019-08-08 03:39:24'),(980,5,62,'Quia dolores expedita labore molestiae consequatur voluptatem. Itaque voluptates maxime cum deleniti cupiditate. Ratione laborum possimus est sint odio itaque rem.',1,0,'2019-01-21 10:24:53'),(981,97,95,'Autem voluptatem sunt et repellat quam dignissimos. Velit fugiat quasi perferendis vitae adipisci aut quasi. Dignissimos esse natus quibusdam et sit optio. Repellat repellat sunt qui consequatur et et. Reiciendis earum qui autem qui.',0,0,'2020-03-22 02:06:02'),(982,86,45,'Labore voluptatem explicabo totam aut. Unde iure fugit nisi. Doloribus consectetur quia vitae nemo aliquam sapiente. Veniam possimus amet dolor consectetur.',1,0,'2017-06-30 17:52:15'),(983,64,85,'Possimus et sed molestias optio consequatur nam praesentium. Quaerat repudiandae quibusdam provident dolorum architecto illum. Nam quos animi qui aspernatur nesciunt provident ut quo. Est autem quisquam aut qui et non quis.',1,1,'2014-09-02 17:42:00'),(984,31,1,'Quidem minima ipsam assumenda consequatur odit laboriosam explicabo nesciunt. Aut omnis facilis tempora. Fuga quis perferendis enim laborum.',0,1,'2015-07-22 09:26:31'),(985,11,53,'Voluptas natus optio rerum adipisci sed. Nostrum culpa omnis aut odio. Nostrum nulla quasi ullam corrupti sapiente quidem eligendi. Harum eum voluptatem ad excepturi cumque iure non.',1,0,'2020-05-05 09:26:30'),(986,30,91,'Fugiat libero alias animi est. Perspiciatis et rem officia provident. Enim maxime nemo facilis cumque ad. Mollitia unde dolores optio aut aut ab.',0,1,'2013-09-14 07:03:36'),(987,65,51,'Officiis iste vitae sed laboriosam. Sit eius animi eaque quod quis inventore libero. Non iste officiis natus autem eum.',0,1,'2016-04-10 11:21:48'),(988,62,53,'Eos quibusdam optio placeat voluptatum. Qui illum quod incidunt. Soluta blanditiis magni autem expedita et. Enim explicabo omnis voluptate distinctio.',0,1,'2012-01-09 00:44:59'),(989,82,48,'Animi est tempore voluptates sed qui et vel voluptas. Libero et repellendus aperiam illum ut. Officiis in nisi totam quisquam enim soluta. Aut voluptatem ut fuga.',0,1,'2020-11-17 07:37:30'),(990,93,20,'Cumque earum reprehenderit saepe natus. Qui itaque sequi quam repellendus adipisci omnis qui. Dolor sint quisquam dolore.',0,1,'2016-12-15 21:09:02'),(991,21,44,'Ut dolor earum deserunt iure ut. Consectetur magnam eligendi saepe consequatur quae molestiae fugit sit. Repudiandae aut accusantium quis omnis sint eos. Corrupti quaerat est corporis eius nobis et dolor.',1,1,'2021-02-24 14:44:41'),(992,55,44,'Voluptates magni velit ad quaerat sit dolorum dolorem. Nihil distinctio nisi magni distinctio non quia. Itaque nesciunt vel sed. Hic quisquam molestiae sit aut nihil.',0,0,'2019-06-04 01:00:03'),(993,53,35,'Molestias est pariatur aut repudiandae quia aut architecto. Omnis soluta quia eum sed.',1,1,'2017-03-28 10:01:48'),(994,14,66,'Ipsum sit quis voluptatem ut libero aut animi. Natus non aspernatur omnis praesentium. Natus aut ratione quia voluptatem doloribus incidunt.',0,0,'2011-07-23 10:03:39'),(995,85,27,'Sint voluptas quia quia ad et fugiat esse suscipit. Voluptatem molestiae at et veritatis atque. Non autem eveniet fugiat sed reprehenderit vel. Autem mollitia perferendis provident repudiandae nesciunt laudantium in.',0,0,'2015-09-30 10:54:37'),(996,82,27,'Illo sint nihil voluptatem sed molestiae nam. Nihil iste sed nulla voluptate deleniti libero ducimus. Molestiae ex voluptatem velit ipsam vel.',1,0,'2020-06-25 19:48:43'),(997,87,57,'Corrupti quod delectus sunt ut consequuntur accusantium. Hic voluptates dolorum provident veritatis. Ut dicta recusandae qui est illum pariatur quisquam facere.',1,1,'2014-12-14 15:07:25'),(998,20,31,'Quis at nostrum doloremque nihil aliquid inventore repellendus temporibus. Eum qui aliquam hic inventore cumque est saepe quia. Repellendus sunt et omnis ex est cumque voluptate.',0,0,'2021-01-22 05:24:45'),(999,93,72,'Qui nisi debitis nostrum id ea. Dolorem minima itaque earum. Qui et beatae nemo tempora molestiae qui voluptatum. Quae error et in incidunt eaque.',1,1,'2018-01-26 20:27:18'),(1000,79,80,'Aut esse iusto illo quod reprehenderit. Quam qui illo nisi et dolorem tempore. Est est perferendis sint debitis aut enim modi.',0,1,'2016-12-13 01:56:31');
/*!40000 ALTER TABLE `messages` ENABLE KEYS */;
UNLOCK TABLES;

--
-- Table structure for table `messages_arh`
--

DROP TABLE IF EXISTS `messages_arh`;
/*!40101 SET @saved_cs_client     = @@character_set_client */;
/*!50503 SET character_set_client = utf8mb4 */;
CREATE TABLE `messages_arh` (
  `id` bigint unsigned NOT NULL AUTO_INCREMENT COMMENT 'Идентификатор строки',
  `from_user_id` bigint unsigned NOT NULL COMMENT 'Ссылка на отправителя сообщения',
  `to_user_id` bigint unsigned NOT NULL COMMENT 'Ссылка на получателя сообщения',
  `body` text NOT NULL COMMENT 'Текст сообщения',
  `is_important` tinyint(1) DEFAULT NULL COMMENT 'Признак важности',
  `is_delivered` tinyint(1) DEFAULT NULL COMMENT 'Признак доставки',
  `created_at` datetime DEFAULT CURRENT_TIMESTAMP COMMENT 'Время создания строки',
  PRIMARY KEY (`id`),
  UNIQUE KEY `id` (`id`),
  KEY `from_user_id` (`from_user_id`),
  KEY `to_user_id` (`to_user_id`),
  CONSTRAINT `messages_arh_ibfk_1` FOREIGN KEY (`from_user_id`) REFERENCES `users` (`id`),
  CONSTRAINT `messages_arh_ibfk_2` FOREIGN KEY (`to_user_id`) REFERENCES `users` (`id`)
) ENGINE=InnoDB DEFAULT CHARSET=utf8mb4 COLLATE=utf8mb4_0900_ai_ci COMMENT='Сообщения';
/*!40101 SET character_set_client = @saved_cs_client */;

--
-- Dumping data for table `messages_arh`
--

LOCK TABLES `messages_arh` WRITE;
/*!40000 ALTER TABLE `messages_arh` DISABLE KEYS */;
/*!40000 ALTER TABLE `messages_arh` ENABLE KEYS */;
UNLOCK TABLES;

--
-- Table structure for table `passwords`
--

DROP TABLE IF EXISTS `passwords`;
/*!40101 SET @saved_cs_client     = @@character_set_client */;
/*!50503 SET character_set_client = utf8mb4 */;
CREATE TABLE `passwords` (
  `user_id` bigint unsigned NOT NULL COMMENT 'Ссылка на пользователя',
  `password` varchar(40) DEFAULT NULL COMMENT 'Пароль',
  `is_active` tinyint(1) DEFAULT '0' COMMENT 'Активен',
  `created_at` datetime DEFAULT CURRENT_TIMESTAMP COMMENT 'Время создания строки',
  KEY `user_id` (`user_id`),
  CONSTRAINT `passwords_ibfk_1` FOREIGN KEY (`user_id`) REFERENCES `users` (`id`) ON DELETE CASCADE ON UPDATE RESTRICT
) ENGINE=InnoDB DEFAULT CHARSET=utf8mb4 COLLATE=utf8mb4_0900_ai_ci COMMENT='Пароли';
/*!40101 SET character_set_client = @saved_cs_client */;

--
-- Dumping data for table `passwords`
--

LOCK TABLES `passwords` WRITE;
/*!40000 ALTER TABLE `passwords` DISABLE KEYS */;
INSERT INTO `passwords` VALUES (1,'762eb34fff9bce7e6669dce5eddc884828727563',0,'2016-03-23 03:31:54'),(2,'e4b6ad2b463fffed87d7120f4686cdde01a1a2cb',0,'2020-12-12 20:24:00'),(3,'c98dfcee7c4ce2ccd4c2febcea8a86f2c556a3ee',1,'2016-10-16 23:58:09'),(4,'2f7aecfa06e4757b2116dc3b1f6b805ee2927162',0,'2015-01-21 00:49:21'),(5,'117fe96503107a3e6c93b5679bdcf00784239774',0,'2013-05-22 11:00:40'),(6,'741bd2e35f3617b7dd49a4a83d5002948bda115f',1,'2016-02-05 08:55:33'),(7,'1a997aeeae8f7f632d47443d1d60c6ce0389bc29',0,'2021-01-10 01:17:06'),(8,'fd550ae04dd1539c837da1f5b5fd44aa5e1af785',0,'2016-02-06 11:02:25'),(9,'e99243dc8f0ae9421c3db41d4eddfb880931146d',1,'2012-09-19 14:20:13'),(10,'a8fe5108a7bff74036c52935c20843c306feb4ea',1,'2016-03-06 18:18:40'),(11,'2d4cd9a55e8555beeed93921c78cba63d4c11677',0,'2012-05-11 19:02:11'),(12,'a056ca8cce44d45b4de5c97bf969277f4c4d3482',0,'2017-08-11 14:32:23'),(13,'b8818e7dbf97fc2cd00e013e354bc8a7597c5cab',1,'2015-03-05 16:43:52'),(14,'2a98742ab36306397756beafc4e26f4d2c8322dd',1,'2019-01-14 00:33:51'),(15,'0b24e2b2927913e03dae8e912053bef4a14bdf02',0,'2016-12-29 11:12:28'),(16,'6440bebc7b3e4963e1bd9b64acd972ecbf22956f',0,'2018-04-18 07:59:49'),(17,'7c38ff3f7f71569871c9ca06e5990ca63c07bc96',0,'2014-08-02 12:24:59'),(18,'c8f2488050e08c560b6e45003f54da0bca3fd237',1,'2019-05-08 17:52:08'),(19,'c2aa516f57d7e19c1c28eeb1c600bbdf059e5a85',1,'2018-06-14 09:22:56'),(20,'d4f3123035d598c93d25cbca15356818b73d9fe9',1,'2016-08-09 13:59:38'),(21,'3de9a4e3be82787ff0aada85342da73f24e81f27',0,'2011-12-19 06:06:20'),(22,'f47d3c23a777d29783821bccd1831c525aa52714',0,'2012-08-30 14:43:02'),(23,'cd4e45bdabceee36bf5ff486e3448ba7b100d193',1,'2017-03-30 18:49:49'),(24,'d7fcdb0de2f268c3e259193a1d09359086a698f5',1,'2021-01-09 02:10:58'),(25,'0572ce6e506b212f270870f3feeb3107a4dff2ae',0,'2015-02-21 15:07:42'),(26,'5f3efa70ace71601ed0dfd74d15998f00af41efe',0,'2016-08-24 09:32:53'),(27,'df1dd40050f9136f2ae672d315cbd8f0e84c5cd7',0,'2015-09-22 08:38:25'),(28,'c82a4789514de06c69f4ccbbb556325ce79664d3',0,'2017-12-05 23:08:50'),(29,'0b50641eab406c33131afbb91fe292cfb6dbaca1',1,'2018-02-23 12:23:44'),(30,'8df4b71a50a3c37b75559fda7d45857a1aed616d',0,'2014-12-01 02:57:27'),(31,'f47c6be954dc02a8c4e98f42311440b5e6e728e5',0,'2018-08-19 20:21:31'),(32,'c7ec7e94cbb260b5c89e4dff6d8a1ec6ad3df262',1,'2015-07-12 00:29:57'),(33,'aea90e27f7dd5ff23c7f23f9276d3cb8d2bb3b36',1,'2011-06-22 00:40:40'),(34,'e19705e49c5cb86c040dacd4786dfb578d2d65a8',0,'2012-12-17 10:22:02'),(35,'8c879aa1b59506f4034a35390d48f22f47fbecb8',0,'2013-04-19 12:23:41'),(36,'54c450a39c39eed061f11317bad649e85a7dd48a',0,'2015-09-23 05:49:43'),(37,'3bcdee459bac70fe5d9beb1b853592822e2b445c',1,'2015-10-17 17:06:47'),(38,'53c12ec4f6fc27be2e532529a8ac191e842eb6bf',1,'2019-09-17 02:04:47'),(39,'19cc9d43a0fe8276fdaa49631591bf0a0d7e4225',1,'2017-01-28 13:03:07'),(40,'615c9ef417b006a0be967706ed04ade707d0318d',1,'2015-01-03 14:46:12'),(41,'653cf40b5398e26997269818c92fb0a0dc184c60',1,'2018-02-01 01:06:31'),(42,'c1bc2e30a81d4c07cf5a1c2645192623f56607fc',1,'2019-02-19 06:50:21'),(43,'d202be9580a3be0d9a870ee0d6714d764c489cab',1,'2021-02-09 09:23:05'),(44,'808aea9e83c2b51f8dd89f0d7561385315970a88',1,'2011-03-21 09:51:03'),(45,'20b5ba718cc31bb065a73cc521255a60610806c7',0,'2017-02-11 23:24:41'),(46,'ff94bec21522ae01e192d145e9e38633e42229af',0,'2013-02-01 06:14:11'),(47,'5a52320ba4e60ce1f5916c07cb91fd2fb214e718',0,'2019-11-13 23:52:42'),(48,'3255e8d9173feb1ec3495967294fe20ca4dd14fd',1,'2015-08-05 15:25:49'),(49,'78eef0c3b2c687e5f6a468c8cafa09c9cf30309e',0,'2020-02-03 00:00:04'),(50,'95c0408cb173c356fc4e5a4a1ba0e0f90dcaf609',0,'2018-09-28 06:50:59'),(51,'79e0fbe60fc55791f4743135bee442255e652aef',1,'2016-11-22 00:04:30'),(52,'b379453502ffae20c6beab9a2ea0c0136c2ac02d',1,'2018-08-05 09:07:10'),(53,'cf2663a21d05825244e2f65e8cf40b40e2682ac0',1,'2019-09-28 14:19:24'),(54,'eda4b00d808d4a5b84c92f593f1ce48424820f2e',0,'2020-09-22 17:22:13'),(55,'638cc613e263c209c5f5a66147105140f2c17965',1,'2014-11-21 16:50:17'),(56,'272c41740d37756b9f0d870356747a6bbfce599d',0,'2013-01-04 15:24:10'),(57,'7f57789122b4b57a13628229272eadc4f62c50d2',1,'2014-08-21 08:06:56'),(58,'6bc7ee24df7c8274a1b681efaa15cc18d1378063',1,'2014-02-22 18:18:53'),(59,'8cc5fb3c1d3082566430724aa35756bb5a86b009',1,'2020-05-24 16:58:37'),(60,'aaa149f2a137a4f7da9ebbd22ebf4ceefce7b29e',0,'2018-07-04 17:07:42'),(61,'faacc4104f4155646cee0c877ed7001d9b04213f',1,'2015-05-27 00:26:38'),(62,'6a070498cf1b54e9b04fd51e0bfc6005ed20e409',1,'2015-05-02 14:51:29'),(63,'01fdc48b41a0380742fb194830f51cb72d959464',1,'2018-03-06 08:45:01'),(64,'7859d13ca80f4f608f93c533f0dffd6e18ef1a98',1,'2016-06-12 11:46:35'),(65,'595c085ffeaf33c4101b91d466cac7471497dad8',1,'2015-04-09 23:18:05'),(66,'c13961d930f96357bbdb08db0b3ca1f6d7a292cf',0,'2014-11-29 04:56:18'),(67,'6e3cb7c871eac3fa2b13bf5e8e86137ae674589e',1,'2012-01-20 02:37:12'),(68,'6b28aa5dfbe76d76e14b98454fd33092c2d02010',1,'2017-02-15 09:07:35'),(69,'2d2e675a60a43c3fd9ddb5123bf270fe67e8311f',1,'2015-06-20 12:09:08'),(70,'0128b2cc9e16f967d04230785cd04e4d1e9fa365',0,'2017-06-11 22:25:59'),(71,'7efa7bc47351ec9a6e78fb2792b8e359fc1638ef',1,'2018-01-31 15:29:17'),(72,'a9ca3419b9b0cd5e63f6ee666c1568e9ead86b63',1,'2015-07-10 12:10:07'),(73,'f98e5b5bbc747d9c4ca922508d501399b95af3d8',0,'2012-10-30 10:22:41'),(74,'a0fd24be30e167d7f9d45b9b4b165a251bbd814c',1,'2019-03-07 13:08:31'),(75,'f57dfa50b1d04411261e7ec5d039d1ab12a914d0',1,'2017-04-25 20:41:47'),(76,'6cc7f5f6b3292f887843bd8bb45ac9c66a71bf99',1,'2014-05-24 12:50:48'),(77,'330634dee2cd1338c21994440c013e8456d2fad1',0,'2012-01-05 09:13:57'),(78,'95e382f853ed9e7e8fe4fd370b05a44f21e744c4',1,'2020-10-04 10:31:37'),(79,'3485d5cdddc820e03d428fac9061aefc91ee22ad',1,'2017-02-24 16:16:37'),(80,'87549cfd7f4b713128d02aad403efb9c804476f7',0,'2018-08-25 03:30:02'),(81,'608664f1cc6d58872c7e6e3b8a04b58cd9c53070',1,'2014-02-11 23:31:52'),(82,'f971c8723c758c379a82caddd141238b90ef4711',1,'2011-12-31 05:01:21'),(83,'8d5c80b6ca2482da166445c8bf8de0501f3eeaf7',1,'2013-05-13 11:15:41'),(84,'bfeb1029b4fff54cbbfc61738349fb081cdab927',1,'2017-07-30 09:38:02'),(85,'0824e4b53fa7be9515f6775a2270ec23bc1af6a4',1,'2013-01-22 01:11:57'),(86,'a04c0be9aabcacf85d48605ca84c3bcf854bf005',0,'2020-03-13 16:29:55'),(87,'8e74e9db13fe8f978304226d86c6ab1ec888de7c',0,'2014-11-07 17:38:20'),(88,'50d9284a11afe61a45d1e9577b305eee23c9b8b0',0,'2016-12-07 04:00:43'),(89,'9504717f3964b2dfcf5533196eff7855261bc15f',0,'2021-01-22 14:49:50'),(90,'bb84d0f37722662d5c20fcaf8d49892acc08a005',1,'2016-05-17 21:58:01'),(91,'5ef8071d9975eb1b0442e30b693bcf78525c6c1b',0,'2017-09-16 05:39:59'),(92,'0f7b27c1f7de69a97f33689d3b11a8fb734473c9',0,'2012-04-01 22:17:12'),(93,'861cbfc9bea14bf1370e5037c48b2751bbd43e09',0,'2018-04-27 05:24:31'),(94,'2f1e3fdbff96ac46764b34c8e71bd9ac60ae207d',0,'2016-09-28 14:19:42'),(95,'d4bb2ed9b9b4179ed66cd0c02cfe68e208d2a05e',0,'2016-03-15 22:48:08'),(96,'a78c90e5848bf7172ac1c327d18b08d029271469',1,'2014-04-24 12:30:10'),(97,'595c416ae73c17793d1d9a5704df02f3678eebeb',0,'2016-04-23 17:42:13'),(98,'20ed2e8c2ae3dc28385dc66e53846660a84575af',1,'2012-02-17 20:42:34'),(99,'d4904e20242fab82e197a7a8e74de531bc4ccdfc',1,'2011-03-25 18:11:14'),(100,'af513bfeb7f64cab9aba8fe3c9b1e602a7b8a9ea',1,'2013-08-09 13:06:23'),(1,'7f84e698ab5e0762b8d1a575ea0d8bb12a65c84f',0,'2011-03-19 18:48:44'),(2,'762b74efde063e57618a4ff939b9f78082d9f5e2',1,'2011-04-09 15:27:29'),(3,'09342955cd42d98c2982e038a188dff1a11f7dde',0,'2017-04-08 20:01:42'),(4,'d42f28e7577ef9652ffa30a99e9240d5256dfae8',0,'2019-09-27 04:16:21'),(5,'ea5887e6840eb04406fc784057d4fb85409ae9d2',0,'2017-01-31 03:12:27'),(6,'919eca8f490fde2460dbc0133b2ea06d43f1d5ed',0,'2012-01-21 21:41:54'),(7,'566e7a81694c568e4cab936daa79b23ea91d3500',1,'2017-06-03 17:55:44'),(8,'dbed564d9fefb2bf5c3e1ed7bd45071eed40e44c',0,'2016-05-16 15:56:36'),(9,'a9d96242f97e617ce151ca69b296a57c556405a7',0,'2015-12-09 05:51:02'),(10,'24c38234c725aea411ffb6321f4f83f102627c3f',0,'2011-11-06 17:58:07'),(11,'94210011d147bea4404c561f2b04fc3e01bc5d96',0,'2019-09-22 19:26:11'),(12,'fbda66a03e3b35494ce267dc3b08eb6968a26d17',1,'2016-07-27 04:29:29'),(13,'970045f3a13d71176119bdf852753e80db7cfbcd',1,'2011-11-13 01:37:11'),(14,'8a0264aab72c9853873fe93d8b6835fd30fa6590',0,'2019-12-23 12:38:50'),(15,'21f01343cd381e8d79f275434ed5e667d64957f5',0,'2014-12-13 06:56:33'),(16,'99063d21d1a5f58d059ab9268edf9b8a1633a4a9',0,'2011-07-14 16:10:20'),(17,'3f7fe4198149cccd7ccfc140f0baed5a8d7725dd',0,'2019-10-08 20:01:20'),(18,'8760ca27a4dfa502ad93c8a87eb44802a522d143',0,'2014-05-03 05:09:38'),(19,'d064c2d84f36f4ddebbbd81b0a493f2d1c80fb4a',0,'2013-10-08 07:51:07'),(20,'e7132233ee8d2d4ad3063a2038265b8c8f807cfa',0,'2011-04-24 18:18:12'),(21,'8355f1cd7dc58dee17afab096d5dc0595816063a',1,'2015-04-22 21:53:50'),(22,'78ef0c5ec3772c0160562e5ceafe06756cefd4e3',1,'2020-04-21 01:03:25'),(23,'5400ccfa78f99c44e999148893fdba8f261fb43b',0,'2017-12-30 20:34:23'),(24,'fb7245985fe6732ddf490ce43ed89b75ff22b950',0,'2011-07-26 17:38:03'),(25,'d7349cdaa2f1250ab327f2694d1d995e369fcf1f',1,'2016-07-03 04:22:05'),(26,'945bbf656c9e40b93bca8304d272e357b999e3a4',1,'2017-03-01 21:09:04'),(27,'621d43ceb5fddbc4befa5a3b9e7f55dcaf607168',0,'2014-10-03 19:16:14'),(28,'da64641b30ddd98031e837732c26d9016fa83f7b',0,'2017-07-23 06:52:52'),(29,'a15481c7a1bd52b7df98582443a70bd50df8677b',1,'2014-02-14 18:32:31'),(30,'a9e8c034240a568efb6521a87fe679f7601472a9',0,'2011-07-31 00:08:54'),(31,'2a60270d825e77431d57ca649a1f0f22029063fa',1,'2015-04-10 19:35:02'),(32,'b38c725d49e684a91e081f25b2407538e80a7c92',0,'2014-09-12 23:28:42'),(33,'4a7ac781edd6c7836736461715e074a3ebd589b1',1,'2012-04-03 03:01:57'),(34,'644e2e779b8c7fa606fa3aa09f9ebe83682907ce',0,'2013-03-22 12:29:54'),(35,'493fff3efe78f9fce88518dda27fe9f3106e2372',1,'2014-12-11 05:30:15'),(36,'efbad58a8c940618f83b34cf7ca7a9e64e5b8cc8',1,'2013-08-23 00:10:21'),(37,'a1458893987387f443031dcf64b5dc76e0a8a707',0,'2014-03-08 20:41:29'),(38,'ddd09884a820c833608d2ce56ca9978612ffde89',1,'2016-08-24 01:57:05'),(39,'08acfb82a0087be59119e0be1bf79d9b65b47420',1,'2018-06-08 01:27:40'),(40,'20fb6f44398bbee84c372840587844d0a5cef900',0,'2012-07-23 04:22:04'),(41,'94178ce85a11b715dd7f4973aeaa1e8a7f01d943',1,'2015-04-02 07:01:03'),(42,'1be248bc99248d7e23fbd56643327c0ce011973d',0,'2012-10-23 15:43:38'),(43,'738c653718c3f1ef02dd512623f15a9ae3e703d4',0,'2015-09-01 11:23:03'),(44,'a9905663698c5e0ae70689077e38735f8a174c96',0,'2013-07-22 04:49:25'),(45,'8f75214b64298b520ee7c35f161231108d3a4cd3',1,'2019-09-03 12:59:18'),(46,'16096fe25a0c40f6c1b79af4c02ee46d62bbc201',0,'2011-08-29 20:43:15'),(47,'612b95a9713633e3727922d3381daf7f10c3d15b',0,'2017-06-26 18:09:45'),(48,'f42e1ac749972c2eec0bde0ab585560c23a96c19',1,'2020-06-11 03:44:45'),(49,'e8782d5ed4bdd2b132348b9e1f8a4d2c2b1f4e2c',1,'2013-11-26 23:08:41'),(50,'d072f6adefb88a7d017072ec2111c325e63937ec',0,'2019-12-30 16:21:05'),(51,'2724a411828b34e235a53ca96e3dbe842217b1f2',1,'2013-12-22 08:43:47'),(52,'76a782876fe70e44993a4cd7b154a0fcad2f620b',0,'2013-12-13 01:32:43'),(53,'ea737df8805e764f3a78e051f5540c68d7afe43a',1,'2019-05-19 03:38:22'),(54,'90aa12efa5cbc3d1b0f810c1e2b6ff142267b3ed',0,'2018-02-18 23:49:25'),(55,'beeb3df19c2b7be922ff10b80a353ab06a777003',0,'2013-12-24 15:11:11'),(56,'f61235a702f121ac160b0f647cfcb37eb6337e75',1,'2020-12-15 05:45:25'),(57,'021f01a1e47a0fab42ff06fcc1a966f4bbfe332a',1,'2011-08-27 07:19:40'),(58,'e452283ce163cb0abce9c15967d4f5196b62a8ef',1,'2013-06-04 01:01:35'),(59,'bb454c31e1b7c70ef6cbe7deb95d543d6f3278e2',0,'2014-05-26 23:47:10'),(60,'57f0713945d68707d98202aaafe5b91275b5314c',1,'2016-02-10 18:33:07'),(61,'097baa40f2cd83c625756ea14bce112a8fa1421b',1,'2018-01-27 16:49:45'),(62,'89dd6803872be241327622b4c6d2ed2d9526da9a',1,'2017-12-21 06:53:04'),(63,'7b78c4a26478eae9685f5d3766b04e80cd0916c9',1,'2013-09-01 17:32:24'),(64,'1ea6bf7a6fb0ebe08a130f9d072207cd62f6d7fd',0,'2020-01-27 05:11:33'),(65,'1d6eaf0fe1073ed4244dc973d683dea37df8fce7',0,'2018-03-27 23:55:09'),(66,'3e9c50f272838fc05b5e9dcb444acabd246e2aba',1,'2016-09-29 10:51:42'),(67,'3df1f3f1ae24209ae728dfb0061cf0d74a68ce4a',0,'2011-06-02 18:09:00'),(68,'d74b691abbb3953df48cd4314fc9a9d7e00fda6a',1,'2011-04-22 20:02:49'),(69,'fe3a9fc231abdbb974bb96af6aa181c16469a5e0',1,'2019-11-11 16:25:33'),(70,'ba906f81cc3d7d59e68e60a4092e05912cb77d67',1,'2011-11-06 00:16:02'),(71,'fee51ea27bf812064e50cc2609d36f9e693ef67e',1,'2016-06-07 12:53:17'),(72,'4ff298e40fcf493efb38ccdae70ac25690065ac8',0,'2014-04-23 21:50:24'),(73,'07d8cfd692a3caf3d0ff7a21cef042c36c53662b',1,'2015-03-26 02:28:29'),(74,'a1c0023789eb37136228a1902c6ea3180d69446a',0,'2012-10-10 22:38:16'),(75,'fff9c61bb9dbe5c4717f5d956ad048a47e39dec9',1,'2018-06-28 13:38:25'),(76,'55a2600abf8475c8faa71d13b87372db8a3b6270',1,'2017-04-08 11:39:46'),(77,'86c5aa3c0a6df4c0f2a9798ec9f4e9632674efe9',1,'2013-03-25 03:38:16'),(78,'6d27bc92bb53323fb109a7da6d308cb5d93ccc70',1,'2018-11-01 17:38:20'),(79,'186b31a0914c0775aae31a00c7ca1307c6b7e9e9',1,'2014-06-15 13:03:19'),(80,'1bdf0d3147f7930c8d4c373681c79e022e8a012b',1,'2019-10-17 12:47:03'),(81,'d38ba6caeae1dcd5bfd9b220944bc9ed08491573',1,'2020-01-28 04:10:02'),(82,'27d98367f3d25ed657d2283d89601b6190d74fea',1,'2014-08-10 14:19:48'),(83,'f225f4ecef74376af4c3617e21fa8a461796697f',1,'2017-06-18 17:03:44'),(84,'bf458e31058a5e31f8b713ab40900631c9b74612',0,'2012-03-28 16:02:47'),(85,'b32e181c797f648895244915d31848b3c3112ff1',0,'2011-09-02 20:22:17'),(86,'82cebe6a3774675b82bfd628a3fb780ee0b49746',0,'2013-10-27 01:39:19'),(87,'4c85ff72af81d9cf4b2a753280a5471dc6e9b1c7',0,'2014-02-09 06:46:16'),(88,'ca8154a85da72a90a3cc66c3b0480e47b371b36e',1,'2016-07-26 16:55:25'),(89,'17bcaaf0a2a45963881e07cde40c70353d727fa8',1,'2013-12-09 19:38:56'),(90,'e53329264e012f335267f13f08044b8bdeb38a37',1,'2019-01-03 20:34:03'),(91,'f22644ac9068ca447f2101017eaba9d0e81ea580',1,'2019-02-23 08:06:46'),(92,'64782de23b587644d6916dbbd6b8dfd4e83177ca',1,'2019-09-24 04:09:39'),(93,'36a7c59e6b8897d070da30b300d8d92dfda2bd8e',0,'2016-11-05 08:07:10'),(94,'d5bab73f3dfce20065cef17936916b6f2fdcea6c',0,'2018-04-08 02:11:50'),(95,'81241f64487627ef873b9fb9f64d9fab8abaf0bd',1,'2020-07-23 03:37:50'),(96,'90f090056d2494f035915c814304fd27d6fe9e1b',0,'2011-11-03 19:20:34'),(97,'c8f3737509736d5946254705de23d08b7faa7214',0,'2017-04-09 18:56:37'),(98,'cff5e4db23c2ed3f06f31c5f0b02422833713f7d',1,'2011-07-30 10:15:35'),(99,'d6bfb119d8919ea51bc98f50e60d4a39c8cba4c7',0,'2013-06-26 16:22:45'),(100,'6f1ea2d22cbf2d7de9642ce7b07fbc7de2e50fdc',0,'2021-02-06 14:41:51'),(1,'7bc5dd2a43102161b1500b7462147cb7d0c3a655',0,'2020-11-01 12:01:13'),(2,'6dfa98e1882a4642e9bc43c5c6d65a3fc88f7e67',0,'2013-09-27 15:14:13'),(3,'9fc7fb29a1ff1ed7fc679732762fcc7d225d7392',1,'2020-03-21 15:51:54'),(4,'db11dfb3939f863da429f2d98624485edd43bf76',0,'2018-10-22 07:47:03'),(5,'af3ee450856c0f66b5d3aff8b0fa7dd219ad5b21',0,'2014-05-01 02:32:31'),(6,'f7f9a00ee66790ac4538800d30d60ec8bbaecc4a',0,'2017-04-02 01:22:51'),(7,'4cdab6fa1608421ce1c43178f3101612a8497c08',1,'2011-08-10 09:40:39'),(8,'812eb523a4e79c267c9763c0a7ed1ab7b9289acb',0,'2018-09-25 13:14:36'),(9,'74af24ddca70bd9aec405d8ff969b04073c44459',0,'2015-04-23 01:23:36'),(10,'fa9f12a1ff18b9332c49360763dc7b0c49ec1a3b',0,'2012-09-18 07:43:20'),(11,'92da472a3a64a81e038af0f21ee2a6d2834e3418',0,'2012-12-24 04:19:52'),(12,'bd81898e010ccd8e99220f3d198bd81d4b1e3173',1,'2017-03-21 19:16:38'),(13,'6bb77ca606d8c9736cbe28d85c4464f9c1c377cd',0,'2014-01-20 06:01:01'),(14,'24b97cc8fee8def6f5915c3be05971bfecf7c19d',1,'2018-07-20 15:43:56'),(15,'e1642ed64879f686f5da7b5992f66b4cf67aca57',1,'2013-08-13 16:57:43'),(16,'87c67b43b77ead25d263bed501b5105704dd2f8b',0,'2013-03-29 18:02:50'),(17,'c4e82dbd5064b2e1e01a4530b6b6add085d20337',0,'2016-05-31 21:15:26'),(18,'0719711463f19df19bf0bd44c93930f8453a18ff',0,'2019-10-15 14:06:47'),(19,'02da500397c0cb0d9a095760481c7e51f7135b38',0,'2012-04-16 19:48:42'),(20,'b97bac5f295d9b34e842bd61c2797689ab564caa',0,'2019-10-16 23:43:38'),(21,'201d53d8df737bafeb39f1ae8f9a0e9edfa466d4',0,'2017-06-15 06:26:38'),(22,'832b57051b34db1182932f5c623f8fdc4c6d879c',1,'2016-03-15 21:39:23'),(23,'bbbc0a5097f0641fb92e2b6742500ded2c05321a',0,'2014-03-31 04:11:38'),(24,'03d9d080c16d1c3309c3f696d94e0cda3335f1ea',1,'2016-11-05 05:58:13'),(25,'329c361cbf8ea6da3c2f14968f5f9ebea929d79b',0,'2018-01-01 07:14:40'),(26,'9f467612db549a13c2bde834af8226fe91b6fee9',0,'2013-07-15 20:12:27'),(27,'7cbc3f214fa44ef7dfc541a7c77dc5754534bca0',0,'2016-11-03 22:24:44'),(28,'cff7ea2962f0c8350e5eec9b6802f03caf748b1e',1,'2015-04-11 17:14:10'),(29,'2d3a9e6b70813abf50c6d1793c09c9abc52357c5',0,'2017-02-26 17:25:01'),(30,'c1d1bfa96ebed190814e94da879dad8747190066',1,'2013-09-05 16:33:34'),(31,'13ef822411b9b8d72c0a2b7b6bcf46418551fa02',1,'2011-09-10 18:45:58'),(32,'495880b949d2dc708746ffca591a0531d0ed71e1',0,'2011-11-10 02:13:35'),(33,'95e5d107d64d11741927722aeb194297bfba9c8b',0,'2011-11-16 16:00:46'),(34,'5a891b9a0547b1006f023e4a15fa1ae184016c12',0,'2014-01-01 17:24:19'),(35,'64d9062847c6bde0fb13d50b9b5c8101f983e85f',1,'2014-07-27 08:01:43'),(36,'ac12f75e45364ce04c69cade6c43d9868846b188',1,'2015-01-28 01:20:53'),(37,'22d16c05e45af8d0df64682c67e419a8d71615a5',0,'2015-02-25 19:51:32'),(38,'0d9cabe4ae6c5c5b38275b783f7f3d5dce97dfd0',0,'2012-03-24 18:04:18'),(39,'2fbdc071042665bbf7a4fe791c36da3b9647028b',1,'2011-08-18 11:35:55'),(40,'0d13724f387fc7594c402886483b80ce67485db3',1,'2013-09-30 01:09:07'),(41,'1d5145f84b9f7d9a42a880669b352bebac0bc0a2',1,'2018-08-25 09:25:37'),(42,'2188c2a5c78dbd3a80de2144ddeb70709845f47b',1,'2021-03-04 03:05:25'),(43,'15d36eefa994533c45c8584290797e02391d7613',1,'2017-07-28 15:45:10'),(44,'33af5faca0b291c613d96fd1f77b089a3dffaaf8',1,'2020-09-16 01:12:10'),(45,'af41eff09c2df0cc47bd4c021cba37f770d562e0',1,'2019-04-16 13:14:09'),(46,'216740fff578ac329cb6f4c661ec45d05c230721',1,'2016-10-06 12:17:25'),(47,'7e1ec15cbed87a501eabf43ffe24f764e9e0f7a4',1,'2017-07-10 21:07:12'),(48,'f4afb6603e202abd9008a8b70ade9471b3470a67',1,'2020-11-25 00:27:28'),(49,'8ecda989888d0dd93a4c90825c305b8bd4876636',1,'2020-06-16 23:14:11'),(50,'07f37f48e681e658b5e20672ddc8ad697045f208',1,'2020-04-19 17:24:44'),(51,'add764185877826f2520baaa02faa7fe935653ed',0,'2012-08-24 18:54:10'),(52,'20d34b2383bd6b74f09555e7638ff301cde2387b',1,'2013-02-02 19:04:06'),(53,'ef4d1f3a8276e56afd7f7d418af3a6138ae42d1c',0,'2020-10-10 12:53:07'),(54,'aaeb4200a90f90d74c23bf40a6badbdadc41959d',1,'2016-09-13 04:27:40'),(55,'d440959c3d19ca13ff712a5dcdfd3f1a242f435c',1,'2018-02-12 18:19:49'),(56,'6b3a1c8966f1005130424638269ce59e12b099c6',0,'2021-03-13 10:40:31'),(57,'0237f6a866fcbf11b51cc367a46aa21b80ffdf0a',1,'2019-01-26 20:45:18'),(58,'56f927f73db2937470f614e9d125eccbca2ffff9',0,'2011-10-29 21:31:17'),(59,'eb10691d88ff46b33576c4e05be3851963c8c9dd',0,'2020-12-23 16:38:42'),(60,'21f62e0c23f04b49e7e6c8e70c6fcbf4369240b1',0,'2015-07-11 00:52:43'),(61,'f8296057774e62bc9a39dddd729cabaa17a148a7',0,'2011-10-28 07:26:15'),(62,'08779515854d134128ba1508e0657f115da2afce',1,'2014-11-18 22:48:31'),(63,'9db61638411c0d6f706b0480ee194f0fcfd37697',0,'2012-02-15 12:55:40'),(64,'15a3a7f72f850a06fc4b9102100db2bfa19b89c8',1,'2011-10-10 04:10:01'),(65,'ea0d0604e39ea933d6ee2f7c54cdaeb918c9075b',0,'2011-12-17 01:01:34'),(66,'6495f795f4fd49faf4cffc8f7210baa03fcea355',1,'2018-02-20 23:35:37'),(67,'0ba7a87727a0e0f10a4a2261cbb2073897e0cac8',0,'2014-02-18 05:48:32'),(68,'6b9017620cc847f20fb2a5a2443ca56c021d7151',0,'2019-11-21 08:42:02'),(69,'a0b2e5acfeb84a656bbee1c4cd1ff17f11261d51',1,'2019-01-22 14:51:33'),(70,'3b65e7b5aa791757a02596946770dccd6a9f242b',0,'2016-04-14 08:17:08'),(71,'ddaf1f9b305e74a8fe61cff6c2beb20297581806',0,'2018-03-13 12:43:16'),(72,'592f08648048aa6d68a1a59356ef42b0501ca899',1,'2017-05-15 14:06:54'),(73,'5d0e6bba2b4cda27f251c39dfa9264347d367fe0',1,'2017-11-11 09:09:41'),(74,'81074c6ab83433aa927df7d3ed1ba1b55172e9d8',1,'2011-11-29 17:50:11'),(75,'b6fdcc2458371ef6f7fed70469fb9a6e2e1288f2',0,'2016-02-15 16:46:34'),(76,'f45bacfc6106540f2bd304a071e5c63c22cfca00',0,'2018-03-20 15:31:49'),(77,'a5d8daead3323b6a798761ad608be627ce1d04e7',1,'2020-05-25 15:30:56'),(78,'8743c6a75fb84ef9a9ec58cefe89a07ac59294ab',1,'2016-11-21 11:01:05'),(79,'6a1b84c054ba1d4edb8e50a97fadad424f111a6c',1,'2019-03-14 19:18:20'),(80,'f3694e9277356d67738047c4d900c38a6bdbe65b',0,'2017-06-24 10:09:35'),(81,'cb60a243b16168d3854ffe6fed0040530838a3cb',0,'2020-04-18 08:49:15'),(82,'3a82e574519ac294a1575d03c1160678fb52a46d',0,'2018-01-12 08:22:25'),(83,'352eaa5f251ae7c6fb0db44378f5e1e9e0cd9ff6',1,'2012-11-05 10:58:34'),(84,'fe6467a6771e6fd0ab81792fae9c17a5f6d5a194',1,'2012-10-03 23:53:07'),(85,'0051ea326558169b45b27134fc6972c273c6fbc7',0,'2018-03-18 00:28:00'),(86,'820fbdd96c51cd166117bc3a51e82ecf807ba9aa',0,'2016-08-14 00:12:04'),(87,'80fc862593ffc0c406488b84ac3f491cc0b4decc',0,'2015-03-21 18:43:42'),(88,'a4112c72f2188b224179223c4ae336d5912da4d3',1,'2015-09-28 05:40:06'),(89,'88a2abdc5b42877da9b0f2b79216abed6a2a8d91',1,'2019-01-01 08:23:22'),(90,'39d51d180a0152f87f3ac145bd1610179cc7f34d',1,'2018-10-27 00:48:33'),(91,'fd7a3c26a9a54686f7ed9e9e23c1c107fdef146a',1,'2012-07-13 08:00:23'),(92,'ba65fb7f36b7d3b47c9949ca1f781091a10a893d',1,'2016-05-31 23:57:48'),(93,'caa5387ecc46bf16d637c54a48e14b20befca594',1,'2011-10-13 20:29:50'),(94,'6464bfbfe05e98722332c1006c3de761c1a73ad9',1,'2016-12-29 00:33:53'),(95,'9908f148a3a2177b74c759154f153bb7ef46de44',1,'2016-02-21 23:01:06'),(96,'30f56f875bbecca64939fdbc1bcaaa5f9ee1e156',0,'2020-08-19 22:48:59'),(97,'36e52b78e7e932120449df3daf43df5d32fa9707',1,'2015-02-25 10:20:18'),(98,'621c9c4ba0274f1a8073270d7f7fea0942e1c85d',1,'2020-09-16 23:39:44'),(99,'f3fee9e2ee5e4eac3cd467f3d2f11275cef6aea1',1,'2014-06-16 10:12:11'),(100,'d3d0c774e7164002ac5cb4f360d12899f214eeeb',0,'2013-02-22 09:52:05');
/*!40000 ALTER TABLE `passwords` ENABLE KEYS */;
UNLOCK TABLES;
/*!50003 SET @saved_cs_client      = @@character_set_client */ ;
/*!50003 SET @saved_cs_results     = @@character_set_results */ ;
/*!50003 SET @saved_col_connection = @@collation_connection */ ;
/*!50003 SET character_set_client  = utf8mb4 */ ;
/*!50003 SET character_set_results = utf8mb4 */ ;
/*!50003 SET collation_connection  = utf8mb4_0900_ai_ci */ ;
/*!50003 SET @saved_sql_mode       = @@sql_mode */ ;
/*!50003 SET sql_mode              = 'STRICT_TRANS_TABLES,NO_ENGINE_SUBSTITUTION' */ ;
DELIMITER ;;
/*!50003 CREATE*/ /*!50017 DEFINER=`root`@`localhost`*/ /*!50003 TRIGGER `passwords_insert` AFTER INSERT ON `passwords` FOR EACH ROW BEGIN
  	CALL log_insert('passwords', 'insert', NEW.user_id, concat('Пароль: ', RPAD(LEFT(NEW.password,3), 10, '*'), ', Активен: ', NEW.is_active));
END */;;
DELIMITER ;
/*!50003 SET sql_mode              = @saved_sql_mode */ ;
/*!50003 SET character_set_client  = @saved_cs_client */ ;
/*!50003 SET character_set_results = @saved_cs_results */ ;
/*!50003 SET collation_connection  = @saved_col_connection */ ;
/*!50003 SET @saved_cs_client      = @@character_set_client */ ;
/*!50003 SET @saved_cs_results     = @@character_set_results */ ;
/*!50003 SET @saved_col_connection = @@collation_connection */ ;
/*!50003 SET character_set_client  = utf8mb4 */ ;
/*!50003 SET character_set_results = utf8mb4 */ ;
/*!50003 SET collation_connection  = utf8mb4_0900_ai_ci */ ;
/*!50003 SET @saved_sql_mode       = @@sql_mode */ ;
/*!50003 SET sql_mode              = 'STRICT_TRANS_TABLES,NO_ENGINE_SUBSTITUTION' */ ;
DELIMITER ;;
/*!50003 CREATE*/ /*!50017 DEFINER=`root`@`localhost`*/ /*!50003 TRIGGER `passwords_update` AFTER UPDATE ON `passwords` FOR EACH ROW BEGIN
  	CALL log_insert('passwords', 'update', NEW.user_id, concat('Пароль: ', RPAD(LEFT(NEW.password,3), 10, '*'), ', Активен: ', NEW.is_active));
END */;;
DELIMITER ;
/*!50003 SET sql_mode              = @saved_sql_mode */ ;
/*!50003 SET character_set_client  = @saved_cs_client */ ;
/*!50003 SET character_set_results = @saved_cs_results */ ;
/*!50003 SET collation_connection  = @saved_col_connection */ ;
/*!50003 SET @saved_cs_client      = @@character_set_client */ ;
/*!50003 SET @saved_cs_results     = @@character_set_results */ ;
/*!50003 SET @saved_col_connection = @@collation_connection */ ;
/*!50003 SET character_set_client  = utf8mb4 */ ;
/*!50003 SET character_set_results = utf8mb4 */ ;
/*!50003 SET collation_connection  = utf8mb4_0900_ai_ci */ ;
/*!50003 SET @saved_sql_mode       = @@sql_mode */ ;
/*!50003 SET sql_mode              = 'STRICT_TRANS_TABLES,NO_ENGINE_SUBSTITUTION' */ ;
DELIMITER ;;
/*!50003 CREATE*/ /*!50017 DEFINER=`root`@`localhost`*/ /*!50003 TRIGGER `passwords_delete` AFTER DELETE ON `passwords` FOR EACH ROW BEGIN
  	CALL log_insert('passwords', 'delete', OLD.user_id, concat('Пароль: ', RPAD(LEFT(OLD.password,3), 10, '*'), ', Активен: ', OLD.is_active));
END */;;
DELIMITER ;
/*!50003 SET sql_mode              = @saved_sql_mode */ ;
/*!50003 SET character_set_client  = @saved_cs_client */ ;
/*!50003 SET character_set_results = @saved_cs_results */ ;
/*!50003 SET collation_connection  = @saved_col_connection */ ;

--
-- Table structure for table `posts`
--

DROP TABLE IF EXISTS `posts`;
/*!40101 SET @saved_cs_client     = @@character_set_client */;
/*!50503 SET character_set_client = utf8mb4 */;
CREATE TABLE `posts` (
  `id` bigint unsigned NOT NULL AUTO_INCREMENT COMMENT 'Идентификатор строки',
  `owner_id` bigint unsigned NOT NULL COMMENT 'Ссылка на пользователя-владельца',
  `community_id` bigint unsigned NOT NULL COMMENT 'Ссылка на группу',
  `title` varchar(130) NOT NULL COMMENT 'Зоголовок поста - тема',
  `is_fix` tinyint(1) DEFAULT '0' COMMENT 'Закреплен - всегда вверху группы',
  `is_sign` tinyint(1) DEFAULT '0' COMMENT 'с подписью',
  `body` text NOT NULL COMMENT 'Текст поста',
  `status` enum('current','arhive','delay') NOT NULL COMMENT 'статус current- текущий, arhive - архивный, delay (с отложенной публикацией)',
  `activate_at` datetime DEFAULT NULL COMMENT 'Таймер активации поста',
  `created_at` datetime DEFAULT CURRENT_TIMESTAMP COMMENT 'Время создания поста',
  `updated_at` datetime DEFAULT CURRENT_TIMESTAMP ON UPDATE CURRENT_TIMESTAMP COMMENT 'Время обновления поста',
  PRIMARY KEY (`id`),
  UNIQUE KEY `id` (`id`),
  KEY `owner_id` (`owner_id`),
  KEY `community_id` (`community_id`),
  KEY `posts_title_idx` (`title`),
  CONSTRAINT `posts_ibfk_1` FOREIGN KEY (`owner_id`) REFERENCES `users` (`id`) ON DELETE CASCADE ON UPDATE RESTRICT,
  CONSTRAINT `posts_ibfk_2` FOREIGN KEY (`community_id`) REFERENCES `communities` (`id`)
) ENGINE=InnoDB AUTO_INCREMENT=501 DEFAULT CHARSET=utf8mb4 COLLATE=utf8mb4_0900_ai_ci COMMENT='Посты';
/*!40101 SET character_set_client = @saved_cs_client */;

--
-- Dumping data for table `posts`
--

LOCK TABLES `posts` WRITE;
/*!40000 ALTER TABLE `posts` DISABLE KEYS */;
INSERT INTO `posts` VALUES (1,1,1,'Autem sunt velit quidem esse fugit totam atque.',0,1,'In perspiciatis laborum qui pariatur dolorum rerum quisquam. At explicabo ipsam et doloremque qui expedita et aut. Minus quo minima nobis occaecati vitae ea sed. Repudiandae perspiciatis non ea illo quia.','delay','2020-09-19 11:31:29','2013-08-31 01:54:19','2020-12-26 12:46:45'),(2,2,2,'Atque placeat inventore sit doloribus omnis.',0,1,'Et blanditiis dolor ea autem repudiandae vitae non. Id vel numquam et rerum. Omnis maxime qui molestiae est. Et necessitatibus consectetur eius aut aliquid doloribus.','delay','2021-03-08 04:38:24','2018-11-13 17:47:37','2012-04-28 19:06:28'),(3,3,3,'Alias illum vel quaerat officiis maiores.',1,1,'Aut enim quaerat dolores. Laboriosam ipsum cum laudantium quos ut fugit sunt. Dolorum minima debitis magnam molestias eum. Ut ratione qui quia.','arhive','2021-02-26 20:21:58','2011-10-21 12:42:09','2013-09-01 12:24:58'),(4,4,4,'Exercitationem voluptatem minima rerum voluptate et fugit cum debitis.',1,1,'Dolores nostrum quas quas sunt et consequatur illum. Est ea est natus qui maxime. Consequatur expedita labore voluptas mollitia quia sunt. Nostrum minima qui nulla.','arhive','2021-03-05 18:13:34','2019-06-06 02:57:34','2019-09-02 08:04:00'),(5,5,5,'Veniam placeat dolor sit eius quis natus iure.',1,1,'Eum qui nihil qui sapiente ipsam quod omnis consequatur. Est error autem ut atque alias provident error. Qui consequuntur nemo in ipsam fuga repudiandae debitis.','delay','2020-05-22 20:14:36','2011-11-02 01:24:28','2012-04-07 18:39:54'),(6,6,6,'Et eos aut iste modi et laudantium quo.',0,1,'Qui eveniet dicta excepturi voluptas maxime. Iusto minima perferendis repudiandae ullam. Et temporibus nulla enim et corrupti in.','current','2020-06-29 06:36:07','2013-10-06 05:28:41','2017-07-04 18:43:54'),(7,7,7,'Vel ea atque repellat ut ut sequi quae consequatur.',0,1,'At sunt illo fuga quasi. Quia saepe et aut ut consectetur provident et vero. Qui quis similique in autem.','current','2020-05-22 14:56:05','2014-12-25 23:36:41','2014-05-04 07:32:44'),(8,8,8,'Voluptates dicta maiores quia sapiente.',1,0,'Quas ut rerum harum dicta ad fuga quas voluptatem. Consectetur qui et ut voluptas magni provident. Aut illo aut recusandae. Sequi fugiat necessitatibus facilis.','current','2020-05-23 14:38:23','2017-06-08 03:23:01','2018-02-25 08:26:35'),(9,9,9,'Iste dolorum non possimus illum est nostrum.',1,1,'Reprehenderit vel ea assumenda est ad. Excepturi aut excepturi quae asperiores est id. Eius dolorum ut et et tempora veritatis. Fuga dolorem aliquid non odio iusto. Neque voluptates quod et.','arhive','2020-10-09 15:52:10','2016-06-03 10:37:25','2016-06-14 22:28:39'),(10,10,10,'Corporis ea pariatur a quaerat nesciunt quasi voluptates.',1,1,'Saepe voluptas dolorem eligendi laudantium dignissimos nihil. Repudiandae magni qui voluptatem temporibus ut ut. Delectus non perspiciatis dolorem earum assumenda. Eveniet vitae et ea aut sapiente. Id quo rerum dolor maiores perspiciatis id nostrum dignissimos.','current','2020-05-17 18:00:33','2016-06-05 17:11:16','2018-03-29 15:30:29'),(11,11,11,'Illo ex non dolorem impedit rerum molestiae.',1,0,'Sed doloribus est aut incidunt. Rem necessitatibus voluptas tempora perferendis. Fugiat nostrum quia et animi modi nulla numquam quis. Iusto eos nihil enim nisi at autem commodi velit. Eum deserunt unde vel iste voluptatem iste.','delay','2021-01-26 23:49:40','2017-06-30 03:50:56','2012-08-04 11:25:41'),(12,12,12,'Ab enim nulla amet exercitationem corrupti.',0,0,'Impedit mollitia veritatis qui officiis eaque reprehenderit. Laudantium ullam aut omnis expedita. Sit facilis exercitationem nulla pariatur molestiae fugiat quidem.','arhive','2021-02-08 08:47:27','2014-09-20 09:59:30','2017-01-03 17:20:05'),(13,13,13,'Aliquam enim nam commodi illum aliquid ipsum.',0,0,'Sunt praesentium eum est quam. Voluptatem omnis mollitia minima facere sunt.','delay','2020-11-02 18:08:19','2020-04-03 16:31:27','2020-06-15 02:32:47'),(14,14,14,'Doloremque soluta sit ut illum.',0,1,'In dolores qui ut rerum voluptas veritatis maiores. Soluta quia molestiae minus ut impedit. Ut delectus ipsa et quaerat est delectus neque id.','current','2020-04-29 02:43:18','2012-07-18 04:45:52','2016-09-25 03:34:28'),(15,15,15,'Officiis laudantium ab deserunt blanditiis.',0,1,'Dicta rem consequatur quibusdam quod. Et quasi voluptatem eligendi ab aspernatur aut voluptas. Sed neque esse cum eos error repudiandae saepe aperiam.','current','2020-10-30 20:02:02','2016-03-02 03:58:45','2012-08-26 04:09:37'),(16,16,16,'Autem velit quam eos qui.',0,1,'Odio placeat ut et magni vitae non. Voluptatibus illo aut corrupti debitis necessitatibus. Omnis magni deleniti unde et. Voluptatem consectetur ab possimus facere.','delay','2020-10-20 00:32:46','2014-05-02 12:42:59','2016-02-01 17:07:36'),(17,17,17,'Aut dolor esse aut.',1,1,'Similique quas consequuntur sit enim qui asperiores. Odit earum debitis odio et natus. Expedita consequatur magnam veniam architecto.','delay','2020-04-13 11:55:15','2016-12-28 08:59:26','2020-01-04 03:17:15'),(18,18,18,'Fugit et sed vitae eligendi asperiores.',1,1,'Quia officiis ut culpa. Et doloribus et est debitis eligendi commodi. Qui quisquam rerum ducimus veritatis quae cum iste tempora. Nihil id vero odio.','arhive','2020-05-27 04:37:57','2011-10-29 07:05:49','2018-06-14 09:19:03'),(19,19,19,'Non nihil in esse voluptatem.',1,0,'Aut praesentium id hic nemo eveniet sit autem. Quibusdam asperiores a distinctio aperiam. Eveniet voluptatem at dignissimos est amet inventore.','delay','2020-08-01 21:24:46','2021-02-11 13:40:36','2017-08-18 08:38:01'),(20,20,20,'Ipsam dolor enim modi omnis explicabo non.',1,0,'Temporibus vitae non sint sunt veniam eum. Sapiente distinctio nihil eveniet rerum sit et.','arhive','2020-08-04 03:43:14','2020-01-24 11:16:20','2017-05-23 22:48:03'),(21,21,1,'Explicabo et atque laboriosam numquam est nam sunt sit.',1,1,'Consequuntur esse reprehenderit dignissimos nisi dignissimos dolorem tempore. Occaecati aliquam id non dolor optio. A doloremque est sit mollitia. Aut quis odit quaerat fugit aut.','current','2020-09-30 09:34:10','2014-11-22 22:39:38','2019-03-19 15:27:00'),(22,22,2,'Molestiae rerum illo distinctio delectus deleniti nihil temporibus id.',0,0,'Consequatur labore quisquam alias non. Nisi aliquam ab qui voluptas consectetur quibusdam. Earum consectetur ut nihil voluptatum cupiditate et optio et.','current','2020-08-20 20:47:00','2018-02-09 18:59:40','2016-10-05 20:35:24'),(23,23,3,'Accusantium assumenda cupiditate a possimus quidem.',0,0,'Et et corrupti quibusdam occaecati et quis. Aliquid dolorum iure esse. Ut unde occaecati voluptate dolores. Quia tenetur deserunt iusto officia sed quis dolorum.','current','2020-09-13 02:50:15','2017-10-25 02:14:52','2016-01-26 15:07:59'),(24,24,4,'Error enim et voluptatem accusantium.',1,1,'Dolores voluptatem adipisci facere voluptatem mollitia. Similique atque accusamus in qui quos reiciendis aut. Ducimus placeat libero facere neque. Sed aliquam cum id aut aliquid veniam.','delay','2020-05-27 17:23:54','2020-07-18 00:36:09','2016-09-06 12:30:50'),(25,25,5,'Eum non sint illo debitis sit itaque alias.',1,0,'Cum rerum eos adipisci id voluptas rerum ducimus quisquam. Temporibus hic tempore vitae voluptates non fugiat rerum. Sit occaecati molestias voluptates.','delay','2020-07-25 01:42:04','2020-10-25 22:59:27','2012-06-13 12:55:50'),(26,26,6,'Quo delectus autem eos eligendi.',0,1,'Quia vitae modi aliquid quae quia quia. Et unde voluptatem et quia sit voluptas ut. Voluptas dolorum in est culpa amet exercitationem consectetur. Sint minima impedit ut aut.','current','2020-11-10 21:47:13','2011-07-21 19:35:30','2015-03-07 04:40:37'),(27,27,7,'Temporibus reprehenderit sit quam et.',0,0,'Beatae est dolorem expedita dolorem et provident quia. Aut nulla error ut corrupti omnis est. Dicta asperiores doloremque laboriosam. Perspiciatis aspernatur iusto officiis aut.','delay','2020-05-11 23:36:31','2012-04-09 03:21:14','2014-07-31 15:57:15'),(28,28,8,'Ipsam quis non id id rerum amet.',0,1,'Aspernatur nam officiis enim maiores ad voluptatem. Ut vel dolorem autem est officiis.','arhive','2020-11-02 10:14:19','2015-10-13 02:15:03','2017-01-13 09:01:04'),(29,29,9,'Quia reiciendis ducimus esse est.',1,1,'Voluptatem assumenda eos fugiat aperiam illum. Quas a sit et voluptates deleniti. Qui qui quia alias.','delay','2020-05-02 22:34:06','2017-10-01 02:09:00','2021-03-07 20:15:23'),(30,30,10,'Dolorum recusandae voluptatem earum quos doloribus maxime.',0,0,'Necessitatibus dolor eveniet fuga possimus labore eos esse. Rerum voluptatem omnis cumque deserunt quos. Modi dolorum debitis nisi et eum. Dolores dolorum aliquid aspernatur suscipit provident ut aliquam magni.','delay','2020-09-17 18:10:09','2018-11-16 01:16:09','2011-07-14 11:43:06'),(31,31,11,'Temporibus sunt labore occaecati iure quod.',0,1,'Fugit et voluptates aut qui modi autem adipisci. Aut doloribus in excepturi aperiam qui. Asperiores consequatur dolores quos. Fugiat expedita expedita blanditiis architecto quibusdam. Ut quos sapiente laudantium ut.','delay','2021-03-09 17:34:34','2017-07-14 18:51:25','2021-01-23 19:15:01'),(32,32,12,'Dolorem est incidunt excepturi ducimus.',0,1,'Ut corporis placeat nisi magni voluptas est. Qui est voluptatem perspiciatis maxime. Atque vel dolor dolorem officiis cumque. Atque ipsam ratione qui reiciendis dolor quas eius.','delay','2020-07-24 06:43:13','2012-04-06 23:18:16','2014-04-07 16:15:25'),(33,33,13,'Qui et voluptatum quia provident omnis quis quis.',0,0,'Quisquam voluptatem officia numquam animi. Dolor dicta non a sint omnis ut. Sint laudantium quod ea corporis veritatis perspiciatis molestias.','delay','2020-09-02 04:24:56','2013-01-19 10:32:56','2014-10-24 06:30:01'),(34,34,14,'Voluptatem sed eos occaecati voluptatem aut.',0,0,'Ut perferendis quos omnis architecto. Reprehenderit debitis id possimus officia. Non dolores dolorum ipsa molestiae facere aut natus. Ducimus ad magni animi qui eaque. Laudantium sunt molestiae laudantium occaecati sed rem atque.','current','2020-11-14 20:36:39','2012-04-11 01:48:38','2013-03-24 21:56:29'),(35,35,15,'In consequuntur similique culpa recusandae quo.',1,1,'Vero eius ut magnam at dolorem facere. Molestiae autem occaecati minus a eos ab. Ut commodi ab nulla est itaque est.','current','2020-08-04 20:28:56','2013-05-20 01:14:51','2015-05-19 15:10:03'),(36,36,16,'Voluptatem aliquam neque nobis fugiat ipsam nulla.',0,0,'Nihil quia id non natus sunt temporibus praesentium harum. Ab magnam laudantium reprehenderit soluta. Hic voluptas aut repudiandae ullam. Aut debitis perferendis nisi in fugiat nihil.','arhive','2020-12-03 21:26:41','2011-04-03 22:14:10','2019-04-03 00:49:06'),(37,37,17,'Accusantium rerum mollitia enim assumenda voluptatem natus.',1,1,'Perferendis deserunt minima tempora. Nihil blanditiis consequatur vel quas porro nemo et beatae. Maiores accusantium voluptates quisquam error fugit assumenda officia. Assumenda itaque minus aut dignissimos quibusdam exercitationem suscipit.','delay','2020-05-02 12:39:34','2020-12-13 16:47:45','2015-05-07 23:41:01'),(38,38,18,'Qui sint at sit sunt fugit culpa.',0,1,'Laboriosam libero adipisci dolores rerum qui. Nesciunt ut et ad quaerat eum. Dignissimos quos consectetur hic expedita impedit.','delay','2020-09-05 11:04:55','2011-03-23 21:30:42','2012-07-14 22:15:02'),(39,39,19,'Quis expedita enim nemo ipsa.',1,1,'Veritatis dolores necessitatibus recusandae nisi. Inventore dolor molestiae architecto cupiditate explicabo culpa dolorem. Ratione dolores vitae consequuntur iusto sed voluptatum. Laborum voluptatibus sed qui cum aut.','arhive','2020-05-26 17:21:43','2015-05-03 01:49:47','2012-12-17 11:19:34'),(40,40,20,'Minima aut aspernatur suscipit explicabo corporis harum.',0,0,'Dolor et hic aperiam ad voluptate. Est accusamus est accusantium molestiae. Excepturi nisi illo molestiae nam.','delay','2020-10-02 17:27:09','2014-05-16 06:29:37','2020-06-23 17:36:26'),(41,41,1,'Eos perspiciatis voluptatem voluptate.',1,1,'Id rerum ut dolorum quos repudiandae. Sed quasi sed quas sequi molestiae aut. Rerum tempora voluptatem est ratione dolor iste.','delay','2020-04-02 14:40:47','2012-10-06 13:18:53','2014-03-19 20:44:27'),(42,42,2,'Temporibus quod fuga est quo minus voluptatem voluptates nihil.',1,0,'Et quia ipsam voluptas illum nihil dolorem dolor suscipit. Est tenetur voluptas consectetur blanditiis perspiciatis. Quia et voluptates provident et. Omnis consectetur perspiciatis et consequatur sequi nesciunt suscipit et.','current','2020-09-10 17:11:43','2012-08-05 03:10:09','2017-03-17 08:46:56'),(43,43,3,'Exercitationem magnam excepturi consequatur ad est.',1,0,'Voluptatem maiores reiciendis enim expedita natus facere atque doloremque. Delectus minus cum cupiditate cumque.','arhive','2020-05-29 12:47:26','2020-07-10 14:22:23','2019-02-13 03:49:51'),(44,44,4,'Animi fuga rerum non esse neque.',0,1,'Unde quos ea veniam nihil id. Quos sunt aut voluptates saepe reiciendis tempore. Et reprehenderit et libero sunt eos ea cupiditate. Est at modi enim alias ab.','delay','2020-09-16 08:23:17','2015-10-01 11:54:52','2020-07-13 15:54:27'),(45,45,5,'Saepe qui quos fugit nulla.',0,0,'Dignissimos et molestiae est et aut sapiente. Aut expedita qui illum. Voluptas qui praesentium aliquid autem. Dolor ut soluta molestiae quis deserunt laudantium asperiores.','arhive','2021-03-07 20:00:15','2019-03-28 17:14:36','2016-07-28 19:50:51'),(46,46,6,'Ullam ut laboriosam consequatur sapiente beatae ipsa.',1,1,'Omnis corrupti tempora sit laudantium et debitis. Est quod nobis blanditiis corrupti sunt vitae. Minus repellendus nostrum vel aut mollitia quo sit. Earum doloremque molestiae atque et error deserunt.','arhive','2020-04-22 07:33:17','2015-10-17 10:46:21','2017-06-02 19:43:18'),(47,47,7,'Unde asperiores et reiciendis voluptatem iste illo amet.',1,0,'Adipisci aut sed nostrum. Similique ex quo sint vitae. Molestias itaque sed quo velit. Modi sed sunt in et harum.','current','2020-09-27 19:56:06','2020-11-10 10:11:18','2016-02-12 22:51:43'),(48,48,8,'Ad provident pariatur voluptatem est quis ullam.',1,1,'Molestiae tempore expedita iusto nobis molestias. Culpa explicabo quisquam accusantium quas animi laborum. Nihil quis excepturi id rem.','current','2020-08-23 09:46:56','2019-11-22 05:17:25','2020-08-16 17:00:52'),(49,49,9,'Culpa voluptas accusamus quae iusto sed officia.',1,1,'Aliquam esse natus eos dignissimos inventore suscipit placeat minima. Cupiditate enim tempora modi doloremque. Esse fugiat facere amet exercitationem odit sint.','delay','2020-07-15 07:57:51','2015-10-03 07:56:02','2019-09-05 04:32:13'),(50,50,10,'Voluptatibus et aut eius aut.',1,0,'Temporibus est quibusdam corporis. Aut et unde consequatur quasi esse. Praesentium dolor alias distinctio rerum ullam corrupti.','arhive','2020-11-03 05:23:40','2020-07-24 00:30:17','2015-10-29 17:43:22'),(51,51,11,'Repudiandae provident cum eveniet.',1,1,'Molestiae culpa rem dolor est sapiente. Et ex dicta ut similique assumenda dolorem. Voluptate doloribus ab rem debitis occaecati officiis ab non. In quia aliquam quisquam.','delay','2021-03-09 02:44:48','2019-12-11 13:05:34','2016-02-08 19:36:16'),(52,52,12,'Est aspernatur et dolorem et officiis et quisquam doloribus.',1,1,'Voluptate veritatis magni aliquid non facere. Delectus nihil et amet dolores error sed. Unde quidem voluptatem quae.','delay','2020-07-04 03:41:39','2013-04-20 12:14:48','2017-09-08 22:09:09'),(53,53,13,'Fugiat corporis ratione quo eum.',1,0,'Optio ut quidem et expedita. Veritatis fugiat et sint voluptatem eius quo quos. Ipsum sequi quo sed tempore.','arhive','2020-04-04 10:02:39','2015-11-30 13:32:02','2015-01-29 22:47:42'),(54,54,14,'Dolor ipsum officiis eveniet qui id saepe.',0,0,'Molestiae sint corporis atque eligendi sed fuga dolor nam. Labore dicta incidunt eum officiis a amet. Omnis et quaerat est fugit. Iure omnis perspiciatis dolore vel pariatur quia possimus.','delay','2020-06-25 12:49:06','2012-03-12 07:17:21','2015-02-09 06:37:20'),(55,55,15,'Quo nam atque quia placeat numquam.',1,0,'Et possimus rem consectetur expedita voluptas sit ut. Ut temporibus veritatis eos qui ex ut. Quasi perferendis voluptas quod ut iste temporibus.','arhive','2020-08-26 15:16:03','2020-05-06 01:25:17','2014-04-27 17:23:49'),(56,56,16,'Unde earum sit illo nihil debitis non deserunt reprehenderit.',1,0,'Velit ipsam ut eum delectus nam. Doloremque rem quo necessitatibus explicabo aut dolores. Odit ea aut dolorem earum unde nesciunt error ipsa.','current','2020-10-28 06:29:57','2016-06-07 11:26:39','2011-03-16 20:07:35'),(57,57,17,'Aliquam eos voluptas quaerat sint dolorum.',0,1,'Voluptatem corrupti ut omnis ducimus. Officiis voluptate aut sapiente. Exercitationem maiores beatae et minus impedit. Dolore quis ex sed sed debitis.','arhive','2020-12-18 21:07:32','2019-06-04 04:45:40','2016-12-08 16:14:49'),(58,58,18,'Omnis magni et aut aspernatur laborum sed recusandae.',0,0,'Incidunt delectus id animi rem et. Eum sit molestiae sapiente praesentium expedita porro blanditiis. Et impedit eius consequuntur commodi totam minima sed. Id doloremque fuga quia rerum qui.','delay','2020-12-23 13:53:48','2018-05-05 09:27:35','2019-07-04 20:35:03'),(59,59,19,'Et unde perferendis pariatur nulla nesciunt.',1,0,'Dolore porro vero labore. Exercitationem sed repudiandae ab sunt.','arhive','2020-09-21 16:03:35','2020-11-21 14:05:39','2011-07-13 22:26:00'),(60,60,20,'Libero ad et fugiat harum culpa.',0,1,'Unde laborum quis ea quae eos. Pariatur eius nemo aut nulla dolor. Provident qui qui nam vel cum et atque rerum. Nulla quibusdam perferendis atque quod consequatur qui dolore dolores.','arhive','2020-12-11 12:24:57','2018-10-20 15:55:06','2016-10-23 02:41:24'),(61,61,1,'Dolor eos est animi dolorum error est.',0,1,'Saepe officia laborum est consequatur. Voluptatem totam repellendus numquam molestiae. Odio numquam inventore aut est ea quis animi.','current','2020-08-29 17:56:53','2018-12-18 22:23:15','2019-10-23 17:56:32'),(62,62,2,'Dolore dignissimos non ipsum non adipisci.',1,1,'Voluptatem exercitationem ut omnis id dolores temporibus. Et perferendis expedita quasi consectetur cum voluptatum ea. Earum laudantium sed voluptatem earum quas porro. Rem nostrum architecto accusamus enim sed.','current','2021-02-04 18:26:00','2019-07-13 12:27:50','2012-12-10 22:05:25'),(63,63,3,'Excepturi molestiae vel architecto quia qui qui dicta perspiciatis.',1,1,'Aut nemo omnis officiis repudiandae fugit ut. Voluptate voluptas suscipit ea sint quod. Consectetur qui laboriosam quidem est.','arhive','2021-02-07 08:33:08','2020-08-21 12:11:03','2013-04-30 20:05:26'),(64,64,4,'Nam consequatur iure est quia odio molestiae quas.',1,1,'Et impedit et eos consequuntur. Est est qui architecto eaque. Et dignissimos autem illum ullam fugit voluptas. Doloribus et id et voluptatem ex temporibus.','delay','2021-01-13 22:50:19','2013-12-23 00:58:35','2012-08-05 11:09:07'),(65,65,5,'Est necessitatibus ad atque quibusdam esse cupiditate sint.',0,0,'Alias placeat beatae voluptas corrupti aut deleniti. Aut omnis corporis velit temporibus totam rem consequatur quia. Beatae quo tempora ut est illum. Rerum sequi harum veritatis sit asperiores voluptatem facilis adipisci.','current','2021-01-01 20:56:17','2018-05-03 01:14:20','2019-05-15 21:17:16'),(66,66,6,'Nesciunt quidem expedita neque facere enim molestias.',1,1,'Rerum illum nobis officia. Fugiat et sunt in ut aut. Eum repellat alias assumenda accusamus nam hic.','current','2020-07-12 02:18:14','2013-04-22 13:07:26','2021-01-05 05:58:33'),(67,67,7,'Aliquam qui sequi et non.',1,0,'Et qui sed et dolorum soluta aut perferendis. Enim aut consequuntur beatae aut quis.','arhive','2020-10-07 21:28:54','2019-05-21 15:20:33','2021-01-12 09:24:08'),(68,68,8,'Aliquam et sit dolorem rem quos omnis facilis.',1,1,'Cum dolore suscipit adipisci cupiditate et dolores. Provident qui rerum perferendis perspiciatis aut. Quos et illum excepturi amet consectetur ut excepturi. Aspernatur soluta ut quae consectetur aut esse molestias.','current','2020-05-28 19:38:10','2013-02-07 11:49:40','2012-10-05 00:59:20'),(69,69,9,'Aut ut nihil dolore sint et nesciunt quod inventore.',0,0,'Deserunt distinctio voluptas dolores corporis fuga. Exercitationem reprehenderit autem consequatur quia. Et dolorum molestiae quis nisi commodi. Blanditiis illum quia qui eius et iure. Deserunt nihil fugit et aut explicabo quia tempora.','delay','2020-04-15 23:31:34','2012-02-04 12:47:55','2016-02-04 10:00:47'),(70,70,10,'Nesciunt iste delectus qui veniam nemo incidunt.',1,0,'Ad ut suscipit beatae quidem excepturi quasi. Est ut voluptatem ipsam modi iusto sapiente.','arhive','2020-04-30 18:43:54','2012-03-23 17:21:54','2014-07-15 11:32:45'),(71,71,11,'Aperiam sapiente totam modi perspiciatis.',0,1,'Ipsam nihil exercitationem dolor voluptate quidem et expedita. Alias unde voluptate rem. Quia non consequatur et consequatur id exercitationem minima.','current','2021-02-22 03:42:00','2014-10-30 08:56:45','2020-05-02 06:19:45'),(72,72,12,'Dolorum non minus similique temporibus placeat fugit.',0,0,'Ut debitis sit iste cumque consequuntur perspiciatis accusantium. Eos et consequuntur consequatur aut delectus et est. Enim quidem quasi esse. Iste reprehenderit omnis vel assumenda. Rerum autem quia est veritatis.','arhive','2020-06-21 20:14:33','2020-04-14 18:10:34','2020-05-25 11:27:31'),(73,73,13,'Eius at laudantium blanditiis architecto aut et molestias.',0,0,'Explicabo qui placeat harum omnis numquam modi explicabo. Ratione at voluptas et excepturi quod culpa ut suscipit. Sed sit reprehenderit tempora. Rem omnis aut occaecati aperiam.','current','2020-04-06 18:11:05','2013-04-05 02:04:59','2016-10-26 18:06:45'),(74,74,14,'Modi atque fugit qui possimus.',0,1,'Sint necessitatibus sed magnam eos. Id itaque fugit deserunt eum enim aspernatur. Necessitatibus voluptatem architecto quod animi repellendus et.','arhive','2020-10-08 03:44:11','2018-05-07 13:33:57','2017-08-05 17:47:05'),(75,75,15,'Eius sit blanditiis minima suscipit nulla numquam.',1,1,'Neque labore veritatis aut velit deserunt et nostrum inventore. Est et nihil sit maxime.','delay','2020-11-14 00:12:36','2012-04-19 16:00:47','2016-03-27 04:24:34'),(76,76,16,'Et amet facilis quis corrupti recusandae.',0,1,'Est voluptas voluptatum quae alias nulla. Blanditiis qui repellendus corporis. Sit natus reprehenderit autem qui.','delay','2020-06-16 02:13:36','2015-09-04 17:51:11','2015-12-17 18:31:19'),(77,77,17,'Quae et earum rem velit consectetur.',1,1,'Molestias consequuntur qui animi consequatur tenetur ad alias. Explicabo alias et dolorem iusto consequatur voluptatem dolores expedita. Est quia eum nam pariatur. Ut numquam ipsam soluta est explicabo similique quo voluptas.','delay','2020-12-02 04:00:28','2017-12-13 23:25:58','2017-08-15 23:45:31'),(78,78,18,'Autem esse architecto sed necessitatibus sunt minus hic.',0,0,'Amet sit ea esse excepturi voluptatem modi. Ab velit omnis sed rerum. Consequatur cumque ut totam voluptas. Aut velit dolorem quisquam et tempore quia voluptatem. Blanditiis sit autem quo.','delay','2020-03-25 08:26:33','2018-12-31 18:41:40','2020-02-13 02:37:48'),(79,79,19,'Vel provident ut fuga nesciunt et.',0,1,'Eos et adipisci non vero corrupti nisi. Animi eaque et fugit voluptas nihil est quae. Qui omnis sint placeat architecto. Consequatur consequatur ut aspernatur.','current','2020-07-20 07:21:53','2016-01-07 15:39:21','2015-07-22 10:26:54'),(80,80,20,'Eos cum nulla dolor est occaecati sit consequatur.',1,0,'Perspiciatis illum voluptates exercitationem rerum odit deserunt et. Rerum voluptas exercitationem dolorem accusamus. Ipsam quis explicabo aut quaerat. Architecto autem quia enim qui enim modi.','current','2020-10-21 01:52:51','2019-10-04 05:41:56','2014-04-25 16:53:55'),(81,81,1,'Exercitationem nam explicabo temporibus consequatur.',0,1,'Quibusdam voluptatem animi explicabo ea. Reprehenderit nesciunt quam voluptas facilis quisquam dignissimos. Ut quo qui temporibus non sed.','arhive','2020-08-24 14:54:22','2014-02-05 13:18:41','2014-03-18 07:07:34'),(82,82,2,'Maxime cupiditate sed dolorum voluptas iste reiciendis sapiente.',1,1,'Dolore id similique eos ducimus eos sunt et consequuntur. Eius incidunt ut itaque cumque nobis nostrum. Perferendis suscipit voluptatum impedit sapiente. Eum sit numquam maxime odio sit molestiae enim.','current','2021-02-04 16:29:54','2011-10-05 06:08:35','2013-06-12 10:58:13'),(83,83,3,'Hic ad ullam soluta temporibus sit aperiam.',0,0,'Molestiae qui tempora a officia esse libero. Eum ullam est necessitatibus a et quia officiis. Cupiditate perferendis assumenda atque suscipit omnis ratione. Hic fugit illo occaecati voluptatem aut nisi dolorum.','current','2020-09-23 18:59:25','2017-09-03 17:12:32','2018-11-08 09:51:27'),(84,84,4,'Voluptatibus laboriosam et reprehenderit perferendis molestias et.',0,0,'Placeat quae est aut adipisci architecto fugit. Quia impedit eveniet quis rerum placeat. Mollitia repellat sapiente quia dolorem velit ex quo. Odio aliquam quod hic at.','delay','2020-12-10 21:12:06','2016-08-17 04:01:08','2018-02-14 01:10:54'),(85,85,5,'Eos et necessitatibus maxime.',0,0,'Eligendi quidem a mollitia incidunt omnis cumque. Eveniet assumenda atque quo quia quasi sint.','current','2020-09-24 05:34:02','2015-01-29 17:24:56','2016-03-10 23:58:52'),(86,86,6,'Dolorem qui sequi reiciendis expedita necessitatibus provident.',0,0,'Velit quia ut ad placeat earum. Eum autem ipsum nostrum sint quis doloremque. Perspiciatis illo eius tempora officia qui totam.','current','2020-06-18 15:36:00','2016-03-21 00:16:58','2017-09-17 12:45:49'),(87,87,7,'Eum sint est est ipsum et facere.',0,0,'Quis quasi quis accusamus quis sapiente cum dolorum. Ut molestiae odio modi nisi sequi et qui. Velit voluptatem et velit. Doloremque repellendus magni et accusamus esse et eius.','delay','2020-10-25 14:47:32','2015-04-25 19:58:30','2020-03-02 21:48:55'),(88,88,8,'Exercitationem nostrum maiores dolor debitis vel.',0,1,'Sit quia tenetur quis nihil quia et. Optio dolorum consectetur dignissimos aut. Id libero totam aut et voluptatem temporibus. Dolorem iusto nesciunt vero quod.','delay','2020-10-14 23:44:27','2021-01-24 00:08:38','2014-02-05 15:50:18'),(89,89,9,'Sunt sint et laudantium porro voluptate et.',1,1,'Fuga sequi voluptate et repudiandae quasi autem sint. Rerum cupiditate consequatur qui odit illo architecto quia.','delay','2020-08-16 13:17:20','2015-07-04 02:58:48','2019-01-16 14:40:59'),(90,90,10,'Velit corrupti enim eveniet et.',0,1,'Dolor voluptas vel accusamus fugit. Iusto asperiores quo dicta sit et aut vel. Dolore error est dolor et. Nulla quia officia velit earum fugiat quae nesciunt.','current','2021-03-09 00:41:08','2013-03-28 01:29:56','2013-08-07 04:20:04'),(91,91,11,'Pariatur nulla sit et vitae ad.',1,0,'Quo vel corporis porro et qui praesentium repudiandae provident. Odio et quis earum rerum. Iusto nemo qui possimus perferendis sit.','arhive','2020-09-02 11:21:18','2011-04-14 11:32:58','2016-10-29 19:48:09'),(92,92,12,'In minima recusandae deleniti sit omnis.',0,0,'Veniam beatae nemo quis. Id voluptatem expedita quia. Nostrum explicabo quo aliquam.','current','2021-02-24 18:14:42','2014-09-15 21:45:11','2016-12-24 22:52:05'),(93,93,13,'Consectetur omnis ad blanditiis veritatis et voluptatem qui dolor.',1,0,'Quam error cupiditate mollitia perspiciatis et voluptatem sed. Quod atque veritatis dolorem suscipit est et. Impedit nam earum nesciunt.','current','2020-04-04 09:50:21','2019-11-30 00:28:52','2020-12-28 21:44:07'),(94,94,14,'Maxime molestiae sequi nihil necessitatibus eum dolor tenetur quia.',0,1,'Animi aspernatur molestiae cum repellat consequatur maxime consequatur consectetur. Commodi quam eos et distinctio error in in. Sint nulla sed harum.','current','2020-10-10 12:35:40','2014-03-20 01:39:58','2015-03-24 10:33:27'),(95,95,15,'Laboriosam quia et at iusto.',1,1,'Corrupti et veritatis ullam quos occaecati natus. Nobis ipsa sed debitis minus excepturi. Culpa quaerat eum magnam dolorem autem saepe.','delay','2020-10-24 05:07:35','2015-03-16 09:51:47','2019-04-29 13:13:54'),(96,96,16,'Et qui aut quos.',0,0,'Blanditiis qui asperiores enim ut consequuntur perspiciatis. Id omnis aut sed. Ea ad molestias rerum repellendus. Sequi et autem corporis maiores saepe.','arhive','2020-07-06 05:42:43','2012-09-26 07:20:47','2018-12-13 23:49:49'),(97,97,17,'Et enim quia consequatur eos et est qui.',1,0,'Dolorum soluta ea commodi doloribus ut earum. Cupiditate pariatur dolores eius dolor suscipit laboriosam eligendi. Est error ratione non quia accusantium atque.','delay','2020-05-24 09:53:49','2016-07-15 11:53:55','2018-07-03 22:17:45'),(98,98,18,'Temporibus dolore corporis dolores molestias.',0,1,'Necessitatibus sed perspiciatis facilis ex sed est. Eveniet ex asperiores sed quia quo similique quod. Ut dolor ratione vel. Voluptatibus tempore ut beatae aut quia.','arhive','2021-02-28 08:17:53','2014-11-15 11:38:56','2011-05-16 09:04:35'),(99,99,19,'Quidem nisi quisquam nemo nihil officia.',0,1,'Saepe aut quis adipisci perspiciatis voluptatem tempora. Autem quas tempore iure nisi et. Adipisci minima eos nihil dolor. Eveniet occaecati consequatur aperiam et.','delay','2020-11-10 16:15:22','2017-07-09 16:18:28','2011-11-21 04:14:58'),(100,100,20,'Nihil omnis explicabo temporibus odit.',0,0,'Recusandae fugiat in consectetur voluptatum sunt quia. Ut beatae est rerum voluptas facilis dolorem dolor. Possimus et et ut exercitationem omnis voluptate nobis aut.','delay','2020-07-28 13:27:02','2017-12-03 05:46:00','2020-12-25 09:39:04'),(101,1,1,'Recusandae eligendi consequatur iure quisquam sint culpa quo.',0,1,'Beatae molestiae labore corrupti et. Omnis numquam dolores officia quibusdam in suscipit minus ut. Impedit quia nihil saepe est animi nesciunt blanditiis.','arhive','2020-12-21 05:17:56','2014-03-26 18:17:35','2020-02-19 14:02:11'),(102,2,2,'Est consequatur itaque pariatur.',0,1,'Accusantium ea qui occaecati voluptatem possimus. Amet repellendus et adipisci in nobis molestias. Laborum nobis hic distinctio molestias vel error nihil.','current','2020-05-31 16:05:50','2020-05-18 08:53:45','2019-10-24 00:53:55'),(103,3,3,'Hic autem maiores est incidunt nisi.',1,1,'Dolore quasi eos voluptatem quas nemo est voluptatem. Nostrum cumque architecto dolor optio eum sed deserunt. Voluptas et dolorem tempora voluptates nulla sit. Dolor quo voluptas ducimus et voluptas consectetur eligendi.','current','2020-06-08 22:10:46','2019-03-22 00:29:24','2015-05-31 20:28:01'),(104,4,4,'Aliquam voluptates iste doloribus alias optio aut sunt.',1,1,'Amet recusandae a voluptate animi et voluptatibus vitae quasi. Nesciunt est quo et. Molestiae quas occaecati ut architecto totam quidem.','delay','2020-07-02 01:08:16','2017-05-13 03:16:15','2014-02-17 11:38:18'),(105,5,5,'Aliquid qui dolor omnis nisi non.',1,0,'Quis qui aut libero. Sint quam libero exercitationem ut eum accusantium. Exercitationem totam exercitationem et.','arhive','2020-03-26 12:18:09','2019-12-07 08:39:33','2012-02-02 19:14:16'),(106,6,6,'Distinctio laudantium iure facere eum eum ut.',1,0,'Nulla vel quibusdam dolor sunt temporibus asperiores. Modi sed officia veniam laborum. Vel non vero non. Cumque architecto architecto unde.','delay','2020-07-26 23:31:01','2011-06-21 12:26:48','2011-11-26 01:37:58'),(107,7,7,'Et non nisi similique nesciunt omnis nesciunt aut.',0,1,'Neque eaque tenetur eos officiis quia. Omnis consequuntur doloribus provident ipsum. Quia accusamus deserunt optio quas id.','current','2021-03-13 03:52:24','2012-09-01 22:02:43','2011-11-13 03:48:51'),(108,8,8,'Quia mollitia enim doloremque aut vitae magni.',0,0,'Mollitia quaerat sit repellat. Non enim rerum consequatur vel et. Consequatur recusandae nobis vitae veritatis. Laudantium dolores consequuntur quia tenetur eius.','current','2020-09-05 17:30:17','2013-11-03 03:34:37','2012-07-31 12:05:31'),(109,9,9,'Excepturi quod ad ut eum praesentium dolores.',0,1,'Porro odio cupiditate voluptatem suscipit. Et nemo possimus fugit natus. Architecto itaque vitae voluptas ullam nostrum.','arhive','2020-11-22 20:20:52','2017-06-12 05:58:33','2020-03-29 10:37:56'),(110,10,10,'Eos ipsam sunt perspiciatis sit architecto.',1,1,'Culpa quisquam aut suscipit quia corporis non quibusdam. Quos corrupti eaque molestiae nisi labore velit vitae. Et aliquid sapiente ut earum. Pariatur maxime voluptas in minima sed officia.','current','2020-05-25 14:58:08','2016-11-17 16:39:16','2017-04-08 09:23:45'),(111,11,11,'Vitae animi veniam qui vitae ullam dicta.',1,0,'Accusamus amet voluptas magni quia in. Aperiam et ut et aliquam. Necessitatibus architecto facere veritatis ducimus. Rem fuga est autem totam quibusdam.','arhive','2020-07-26 03:28:56','2016-11-29 09:09:39','2012-05-12 19:00:07'),(112,12,12,'Voluptatem quasi dolorem architecto sint eaque illo voluptas.',0,1,'Alias eius libero eaque sequi. Culpa earum placeat porro omnis nam molestiae. Commodi expedita quod nesciunt commodi laborum. Officiis ut neque rem sint similique.','delay','2021-01-30 03:03:08','2016-05-24 13:29:37','2018-05-04 06:59:46'),(113,13,13,'Et sint nisi et repudiandae ea voluptas ipsum.',0,0,'Ut quia quaerat autem est optio. Non quidem aperiam quis possimus ipsa. Recusandae est provident non quam rerum. Et ut animi a nesciunt.','current','2020-04-14 06:37:25','2017-11-18 08:08:53','2018-01-27 20:08:52'),(114,14,14,'Pariatur at consequatur ut debitis.',0,0,'Rerum quia quia aut. Qui voluptatibus molestias fugit fugit. Blanditiis dolor ducimus et odio ut velit molestiae. Quaerat ut officia reprehenderit sint dolores aut distinctio. Voluptatibus magni eos dicta et dolor atque.','arhive','2020-03-30 06:47:20','2016-03-26 20:27:00','2015-07-10 19:32:22'),(115,15,15,'Mollitia distinctio perferendis accusamus officia quia iste quos.',0,1,'Voluptas vero earum tempora. Perspiciatis aut iure minima debitis explicabo. Quod repellendus magnam et explicabo et delectus ipsam.','current','2020-08-10 16:24:49','2014-02-12 08:57:03','2020-04-27 01:33:03'),(116,16,16,'Facere nihil maxime ab tempora.',1,0,'Rem quibusdam eaque a molestiae qui. Praesentium rerum aut quidem molestiae. Aut pariatur quasi dicta laudantium eos consequatur et. Rerum necessitatibus sunt atque excepturi. Consequuntur totam eos perferendis sapiente eum.','current','2020-10-07 02:26:44','2014-07-18 21:54:48','2012-03-28 09:41:04'),(117,17,17,'Vitae laborum ratione molestiae odit pariatur perferendis.',1,1,'Aut labore et nisi voluptatem. Maxime enim reprehenderit et vitae. Eius deserunt fuga doloribus eligendi nostrum quaerat.','delay','2020-12-01 19:08:51','2013-11-14 01:12:41','2019-07-22 17:31:40'),(118,18,18,'Culpa amet hic at dolore dolorum non eum.',0,0,'Modi debitis consequuntur temporibus totam. Ea natus quibusdam blanditiis qui inventore in ex eligendi. Eaque dolore autem architecto et. Illum molestias in repellendus in.','arhive','2020-12-09 21:00:43','2013-08-15 07:14:24','2014-07-19 00:15:58'),(119,19,19,'Illum mollitia et aut libero similique rerum impedit omnis.',1,1,'Non qui enim eos soluta et laboriosam molestiae. Nesciunt nihil veritatis ad nobis et blanditiis aut. Voluptatum sed sunt omnis unde. Est iusto doloribus nobis sequi dolor ut. Molestiae illum rerum cumque ipsa.','current','2020-07-04 18:31:00','2016-10-31 20:40:07','2019-02-25 01:05:02'),(120,20,20,'Possimus amet veniam quia cum distinctio fuga unde praesentium.',1,0,'A doloribus dolore aut sunt. Id voluptatem voluptatem qui omnis. Odio architecto reprehenderit doloremque vero necessitatibus et. Exercitationem omnis doloremque qui provident magni inventore.','delay','2020-07-19 20:04:22','2011-12-17 16:30:53','2015-05-13 13:26:09'),(121,21,1,'Laboriosam ea atque sit vel illum odit.',1,0,'Aut qui omnis perspiciatis in illo fugiat. Eos ducimus nulla consequatur. Fuga sed reiciendis magnam in est facere eveniet. Temporibus soluta consectetur et inventore et provident ut.','current','2020-06-20 16:12:25','2018-10-13 11:36:40','2011-11-15 05:02:49'),(122,22,2,'Ut ex iure similique voluptatem ipsa.',0,1,'Et aut repellat laboriosam est. Repellendus vitae cupiditate vel omnis. Maxime voluptas nulla corrupti ea libero. Aut dolorem est sequi exercitationem qui.','arhive','2021-01-15 21:06:46','2018-06-15 22:25:34','2011-06-26 21:52:33'),(123,23,3,'Ipsum inventore enim vero enim.',0,1,'Explicabo laboriosam explicabo delectus iusto nisi reprehenderit. Quae et sed nam dolor voluptatum repudiandae. Totam occaecati velit et. Quae aut est beatae modi nostrum nesciunt non.','delay','2020-03-28 23:37:25','2015-11-25 16:59:43','2016-01-20 23:57:27'),(124,24,4,'Illo facilis velit animi.',0,0,'Nulla suscipit nostrum enim nulla fugiat est veritatis. Harum quos adipisci voluptatem voluptas. Blanditiis dolor possimus facilis ut fuga tempora.','current','2021-02-21 16:13:57','2018-08-29 16:57:13','2012-02-06 02:57:45'),(125,25,5,'Perferendis qui et culpa rerum accusantium libero.',1,1,'Est qui laudantium est iusto. Ut dicta amet culpa id quis ab ea. Voluptatem distinctio quia sed perferendis maiores. Quisquam optio dolores neque.','arhive','2020-06-19 00:26:13','2014-04-22 02:47:19','2016-10-24 16:15:05'),(126,26,6,'Est necessitatibus quidem molestiae non tenetur ipsa.',0,0,'Eum voluptatem voluptates sed laboriosam praesentium autem. Tenetur consectetur sint magnam. Et consequatur sit accusamus reprehenderit exercitationem tempore. Ab temporibus consequatur quia autem.','current','2020-03-27 00:15:24','2016-04-25 08:45:57','2019-06-11 01:30:19'),(127,27,7,'Quaerat officiis modi aut voluptatibus ut.',0,0,'Quaerat similique harum rerum maxime explicabo. Qui corporis corporis voluptas et adipisci consequatur ratione. Sapiente aut at et non vero nostrum reprehenderit ab.','arhive','2020-05-14 08:51:46','2018-03-10 22:39:06','2018-12-13 23:39:48'),(128,28,8,'Tempore odit eum voluptas ut illo nemo.',1,0,'Amet iusto vel exercitationem ratione sequi nihil. Ut sequi voluptatem quis omnis nihil quo. Est dolores sapiente doloremque et.','arhive','2020-07-26 16:56:03','2019-01-23 16:04:11','2020-09-14 14:18:24'),(129,29,9,'Iste ipsa mollitia repellendus beatae eum.',1,0,'Ipsa tempora magni quaerat et quia aut quaerat. Officiis autem corrupti perferendis dolor. Qui dicta iste suscipit debitis adipisci.','arhive','2021-02-14 16:48:19','2014-12-25 05:33:34','2012-02-17 22:08:08'),(130,30,10,'Quia architecto aut dolores sapiente et dignissimos.',1,1,'Ipsum eligendi ipsam minima voluptas vitae dolor ipsam. Doloremque incidunt numquam sed rerum. Deserunt amet provident quas eos unde non similique. Distinctio minus quibusdam eveniet voluptatem quibusdam.','arhive','2020-07-08 04:08:25','2011-05-24 18:08:02','2018-10-26 05:23:16'),(131,31,11,'Et eum odio at qui minus.',0,1,'Velit quia est dolor cum. Facilis expedita est voluptatibus ad ut et consequatur. Sed et cupiditate aliquam ut aliquid excepturi. Necessitatibus animi temporibus dicta ut sint.','arhive','2020-10-14 12:59:27','2013-04-27 03:45:32','2017-09-20 12:26:56'),(132,32,12,'Labore explicabo quia perferendis nobis esse autem id.',0,0,'Est tempore est aliquid officiis et. Quis nemo qui occaecati quaerat placeat deleniti. Officiis quis tenetur autem commodi. Accusamus repellendus earum in in.','delay','2020-09-03 20:50:39','2015-02-20 21:27:16','2018-07-26 04:22:03'),(133,33,13,'Totam et libero enim quia reprehenderit necessitatibus.',1,0,'Minus omnis fuga iusto est dicta sit reprehenderit impedit. Ut harum inventore consequatur exercitationem molestiae vel. Nobis nobis culpa reprehenderit ipsam error nemo doloremque. Tempore deserunt accusantium rerum eos consectetur qui dolores.','delay','2021-02-09 16:27:04','2016-06-02 14:43:02','2020-08-15 07:51:55'),(134,34,14,'Perspiciatis minus rerum enim.',1,0,'Facere ut consequatur eos hic eaque dignissimos. Dolores voluptatibus in rerum aut. Distinctio voluptate est et tempora consequuntur velit.','current','2020-12-10 05:32:22','2013-04-04 20:10:38','2020-08-23 01:43:49'),(135,35,15,'Enim quisquam maxime quia nemo atque.',1,1,'Ea voluptatem beatae ab recusandae ut repellat. Ea nesciunt numquam ipsa at sed quasi voluptatibus. Aut cupiditate quia occaecati reiciendis nihil ut.','delay','2020-06-09 21:59:47','2021-02-11 23:17:42','2015-05-10 08:20:06'),(136,36,16,'Hic sit quas autem ullam omnis atque ea.',0,0,'Repellat sequi voluptate consequuntur molestiae. Ex id sunt repellat earum at. Qui vero eligendi animi et optio.','current','2021-02-01 22:17:17','2012-05-22 06:38:35','2017-08-09 12:44:18'),(137,37,17,'Iusto voluptatem quia qui autem quod explicabo voluptatem.',1,1,'Qui quis perferendis molestiae. Et aut fuga aut voluptate dolorem nostrum deleniti fugiat. Repudiandae ex velit omnis iure est. Incidunt et molestias enim excepturi consectetur consequatur quia consequuntur.','current','2020-07-09 15:16:53','2013-02-03 06:03:10','2015-09-29 07:43:33'),(138,38,18,'Voluptatem ut eveniet molestiae ad velit officia molestiae.',1,0,'Molestiae omnis consequatur qui quo. Voluptatem sit iusto velit sed voluptas rerum impedit.','arhive','2020-07-04 07:51:43','2015-06-04 15:51:28','2014-05-31 12:02:44'),(139,39,19,'Quis adipisci sint est qui exercitationem voluptate.',1,0,'Voluptate voluptatem inventore aut tempore eveniet consequatur cumque. Quo necessitatibus rerum atque deleniti est. Ipsum deleniti non esse esse sit hic.','arhive','2020-06-06 18:32:00','2013-10-29 11:38:11','2017-05-11 04:25:24'),(140,40,20,'Minus atque et sed perspiciatis doloribus nostrum harum minus.',0,1,'Ipsam tenetur eos omnis assumenda quo. Reprehenderit molestiae nam et eaque sint numquam. Ipsam doloribus hic at. Rem incidunt blanditiis similique ullam possimus labore non.','delay','2020-03-23 08:07:54','2019-07-06 03:23:41','2017-12-12 22:29:53'),(141,41,1,'Molestiae odit eaque mollitia excepturi sunt.',1,1,'Et sequi explicabo qui enim non. Laudantium voluptate at ipsa esse laborum animi et. Accusantium nam reiciendis facere tempore illum est.','current','2020-08-01 07:56:08','2013-01-18 07:39:36','2020-04-10 02:22:52'),(142,42,2,'Rem nulla voluptas dignissimos voluptas aut veritatis sed.',0,1,'Et et quia optio. Id accusantium necessitatibus incidunt ex magni qui ducimus. Saepe ab repellendus illum illum rerum aliquam sint. Sequi sapiente accusamus inventore et dolor. Quia molestiae nihil non id.','current','2021-01-14 22:31:54','2016-03-16 21:40:33','2019-03-04 09:48:45'),(143,43,3,'Amet pariatur tempore debitis ut cum maxime.',0,1,'Aliquam at exercitationem doloribus ut consequatur dignissimos. Voluptatibus vel atque ipsam et ea aut exercitationem quo. Voluptatum voluptas aut itaque at officia modi.','arhive','2020-12-09 21:33:40','2013-03-24 06:00:57','2018-07-29 22:21:32'),(144,44,4,'Soluta et deleniti et error sint voluptas vero dolor.',0,0,'Aut consequatur fugiat architecto sed. Eligendi architecto nihil incidunt aperiam tempore molestiae ea. Dolorem in dolores dolores asperiores neque. Sapiente corporis reprehenderit et consectetur beatae architecto.','arhive','2021-02-22 13:22:39','2016-04-17 18:34:41','2018-10-06 21:54:56'),(145,45,5,'Ut minus vel harum deleniti quam.',0,1,'Reiciendis deleniti consequatur saepe qui aspernatur. Tenetur qui consequuntur perferendis. Quis libero sequi dolor culpa dolorum nesciunt dolore.','arhive','2020-07-22 11:14:16','2020-01-25 10:58:23','2018-01-02 16:36:20'),(146,46,6,'Magnam est culpa voluptas nostrum quia.',1,0,'Quod alias vero omnis eligendi aperiam numquam libero. Qui quo enim quos fugit sit voluptate consequuntur. Iure incidunt eos et perspiciatis accusantium repudiandae earum.','arhive','2020-10-01 01:54:13','2017-11-16 05:11:59','2019-03-09 01:56:15'),(147,47,7,'Dolorum ut unde cumque maxime ut non quo praesentium.',0,1,'Odit deserunt omnis neque in. Dolorem maiores molestiae autem itaque architecto dignissimos. Minima a quisquam vero aliquam id. Velit et distinctio ut doloremque eaque.','arhive','2020-11-28 23:33:11','2020-12-10 21:28:07','2014-02-14 00:29:01'),(148,48,8,'Sit in quia et provident distinctio.',1,1,'Rem quo laudantium animi maxime voluptatem doloribus veritatis. Omnis dolorem neque repellendus reiciendis velit.','current','2021-02-23 03:12:44','2017-02-19 21:02:45','2017-06-05 01:10:17'),(149,49,9,'Vero et voluptas ipsum dolor nulla.',0,1,'Natus commodi voluptas nobis quis sed dolores. Eveniet natus quisquam exercitationem optio suscipit eveniet suscipit. Minima odit et ab consequatur.','delay','2021-02-17 11:51:19','2016-04-05 20:02:33','2013-03-30 08:00:02'),(150,50,10,'Ipsam deleniti nihil est velit laudantium et.',0,1,'Assumenda impedit provident quos facilis ea sit voluptates animi. Commodi sed necessitatibus dicta perferendis officiis est. Similique officiis vitae atque quis in. Et quae et nesciunt cumque aut adipisci. Velit et mollitia ut iure libero dicta corrupti ipsam.','current','2020-07-02 01:46:51','2011-11-26 06:50:28','2011-07-14 12:07:35'),(151,51,11,'Molestiae autem repellendus minima sint beatae excepturi.',0,1,'Sit nobis eos autem beatae. Eligendi cupiditate sunt voluptatem quas. Magni alias et incidunt nam saepe.','arhive','2020-08-13 20:55:00','2019-12-08 11:17:05','2015-09-08 12:07:13'),(152,52,12,'Qui et aut beatae voluptates qui.',1,0,'Eos est delectus tempora doloribus consequatur eligendi dolor similique. Et voluptatibus quidem repellendus qui repellendus. Eligendi aspernatur voluptas quam velit quae ab quis officiis. Tempora quisquam odit alias dolorem quis nemo sint.','delay','2020-07-31 10:34:55','2018-02-06 12:35:32','2020-11-23 12:29:29'),(153,53,13,'Sunt quae minima voluptas iusto rerum laudantium quia.',1,0,'Id et necessitatibus eos. Quibusdam consequatur aperiam veniam itaque. Repudiandae nihil voluptates expedita voluptas mollitia est.','current','2020-04-20 02:06:23','2013-11-30 13:19:46','2015-06-15 06:13:41'),(154,54,14,'Expedita magnam eligendi placeat quam veritatis.',1,0,'Dolores pariatur odit ratione dolore. Sint voluptas ipsa quia ipsam necessitatibus. Quam expedita necessitatibus qui vel explicabo reiciendis placeat dolorum.','delay','2020-05-11 12:05:53','2019-11-19 05:35:10','2017-07-11 13:47:36'),(155,55,15,'Expedita praesentium dolor amet.',0,1,'Aut neque ex temporibus minus praesentium sapiente nam est. Vero sed vero sapiente eos. Aut est et distinctio sapiente magnam.','delay','2020-06-30 19:25:36','2019-01-27 10:01:37','2020-02-12 00:55:25'),(156,56,16,'Nulla voluptas labore nobis neque.',0,1,'Rerum voluptas earum ut ut. Aliquam quas laboriosam quisquam reiciendis.','delay','2020-08-20 01:27:59','2019-03-15 06:44:57','2015-03-19 12:10:54'),(157,57,17,'Nostrum dolore rerum quia non.',1,1,'Id sint dicta molestiae vel laborum voluptatem. Sunt maiores sapiente atque non et sed. Doloribus placeat voluptates commodi. Et consequatur distinctio rerum at et.','current','2021-01-24 01:42:16','2012-03-03 21:13:47','2013-09-27 16:40:34'),(158,58,18,'Distinctio dolore vero amet magni saepe cupiditate.',0,1,'Laudantium dolores blanditiis voluptatem voluptate maiores minus nemo recusandae. Hic maxime et veniam ea. Ipsam similique voluptates vel nihil sed. Quia alias numquam possimus magni ullam.','current','2020-07-27 20:19:57','2020-06-06 11:41:11','2016-08-03 19:42:29'),(159,59,19,'Velit laboriosam accusantium harum commodi quia.',0,0,'Voluptas possimus cum reprehenderit ut. Dolorem dolores perferendis occaecati et quia consequatur sunt corrupti. Accusamus animi rerum neque quod sed ipsam. Aut autem omnis nesciunt.','delay','2020-07-22 20:44:10','2012-04-29 03:16:14','2014-07-27 13:21:01'),(160,60,20,'Suscipit et molestiae blanditiis.',0,0,'Earum sequi laudantium autem voluptas ullam incidunt. Aut corporis illo qui labore modi. Aut qui id enim fugiat eligendi vero.','arhive','2020-10-12 02:03:40','2020-11-07 03:02:26','2016-10-22 13:21:27'),(161,61,1,'Voluptas odit ut voluptatem dignissimos ullam illo est.',0,1,'Doloremque quis quo minima repudiandae quam. Ut molestias inventore accusantium possimus. Ut esse molestias officia dolor voluptatibus.','delay','2020-06-04 19:13:51','2017-12-05 12:03:50','2017-03-31 22:40:59'),(162,62,2,'Veniam sunt et inventore quia vitae.',1,1,'Quis id qui repellat. Quod accusamus officia aut voluptates rerum. Quod dolorem mollitia saepe id beatae ratione. Harum non aperiam in.','current','2020-09-11 06:30:21','2014-11-30 05:29:07','2017-08-19 08:20:32'),(163,63,3,'Et minima voluptates fuga.',1,0,'Eveniet ea quos aliquam quibusdam enim. Qui magni ipsa et reprehenderit sapiente dolorem. Dolore et at iusto quis.','arhive','2020-07-29 14:41:50','2015-07-09 20:20:52','2018-10-19 01:27:22'),(164,64,4,'Ea fugiat ratione rerum incidunt eius dolore atque.',1,0,'Et voluptates pariatur officia perspiciatis facilis sint iure. Facilis dolorem sed quasi aliquid. Repellat laboriosam facilis quia repellat.','delay','2020-12-28 17:23:34','2018-09-28 15:23:38','2016-12-10 05:28:31'),(165,65,5,'Voluptates iure aut beatae assumenda.',1,1,'Perferendis fuga quibusdam at laudantium et. Beatae saepe ut est harum totam consectetur laudantium. Aperiam est vitae voluptatem vero.','current','2020-07-09 13:48:06','2017-02-25 10:46:19','2017-08-28 04:26:04'),(166,66,6,'Quae recusandae fugiat modi.',1,0,'Qui voluptatem quia eveniet harum accusantium quos molestiae. Dolorem assumenda porro est necessitatibus. Quos cum minus qui corrupti natus.','delay','2020-10-22 22:09:04','2011-10-18 11:07:40','2013-03-31 02:12:25'),(167,67,7,'Quam amet nam placeat accusantium recusandae.',1,1,'Mollitia aut ipsa eaque et. Veritatis quod officiis aut amet itaque. Placeat sequi magni eum quod nihil. Omnis est quia magnam corporis enim sit. Praesentium laborum error aut aliquam itaque dolorum tenetur quia.','delay','2020-12-28 15:45:33','2018-09-03 17:32:32','2020-03-03 18:39:12'),(168,68,8,'Est consequuntur modi enim fuga.',0,0,'Nostrum nostrum quis accusantium hic voluptatem perspiciatis. Recusandae dolor repellendus ipsam sapiente id qui aut. Veritatis nostrum mollitia et est. Odit neque mollitia ab ut velit.','arhive','2020-12-04 20:38:37','2016-01-24 18:20:02','2020-12-08 04:21:12'),(169,69,9,'Eaque voluptatem animi tempora deleniti facere mollitia.',0,1,'Ad fugit impedit est et quis quidem quae. Dolor quae voluptate corrupti consequatur. Qui autem reprehenderit eum id nesciunt. Quae natus porro commodi.','current','2020-10-16 23:23:29','2014-08-07 13:10:22','2014-03-26 09:10:33'),(170,70,10,'Vero nihil aut debitis omnis porro odit.',0,1,'Sint labore aut sint placeat ut quaerat soluta. Maiores sit voluptatum repellendus suscipit quos. Molestias beatae rerum voluptatem alias aliquid.','arhive','2020-12-01 18:06:13','2019-09-24 19:36:33','2013-11-09 03:17:57'),(171,71,11,'Sed quia odit est et ut non.',0,1,'Qui voluptatem nisi culpa facere. Quaerat quisquam voluptatem sequi ea. Aut aliquid eius aut expedita fuga eveniet cumque. Deserunt at quod omnis veritatis odio nisi est.','arhive','2020-08-03 13:15:42','2019-03-10 15:21:18','2021-01-29 09:17:30'),(172,72,12,'Aut cupiditate nihil non.',1,1,'Accusantium quos qui officia accusantium corporis. Commodi placeat dolor veritatis iure voluptatem. Quis quas iure vitae repellendus quis asperiores facilis. Recusandae quos adipisci unde velit harum.','delay','2021-02-10 07:00:49','2016-01-20 21:00:32','2016-06-12 09:46:28'),(173,73,13,'Vel ut in officiis ratione.',0,0,'Nesciunt tempora asperiores unde dolores quo. Labore iusto qui sequi consequatur. Eos cum sapiente ducimus sint. Beatae perferendis dolorem eius maxime nam et eos voluptas.','current','2020-11-03 12:37:37','2011-06-12 19:34:07','2011-12-18 09:07:44'),(174,74,14,'Architecto iste consequatur atque.',0,1,'Et est aliquam odio et veritatis quis. Voluptate consequuntur voluptatem ex nisi. Quasi error consequatur qui odio voluptatem impedit.','current','2021-02-03 13:41:56','2017-04-24 15:57:39','2012-10-26 23:06:15'),(175,75,15,'Cupiditate nesciunt quos quo culpa iste.',1,0,'Et iure sint illum voluptatem non sequi. Et repudiandae sed qui aperiam voluptatem. Nostrum molestias quo ab assumenda. Consectetur deleniti quibusdam suscipit libero similique.','arhive','2020-04-18 13:32:05','2011-04-08 18:46:07','2017-09-21 02:41:35'),(176,76,16,'Aspernatur similique quaerat perspiciatis porro illum.',0,0,'Doloremque labore repellat nulla totam doloribus. Quis ex sit minus. Occaecati iure non impedit sapiente quo.','delay','2020-07-02 02:59:44','2015-02-08 05:36:33','2012-05-06 00:42:57'),(177,77,17,'Eum deserunt accusantium quam cupiditate.',1,0,'Numquam minima aperiam temporibus ut omnis autem. Optio omnis consequatur vero accusamus ipsa quod quae. Autem accusantium accusamus sint fugiat aut aliquid facilis enim. Ducimus atque illo corporis necessitatibus.','delay','2020-12-08 19:39:02','2015-07-17 02:46:49','2013-07-01 16:17:20'),(178,78,18,'Ut ut vel eum itaque ut animi in.',0,1,'Temporibus vitae eos numquam dicta. Consequatur magni sed autem quia vel unde autem. Pariatur nemo error eligendi enim nesciunt consequatur assumenda officiis. Laborum vel adipisci voluptas laboriosam et.','current','2020-07-29 02:50:28','2013-07-06 17:32:57','2018-06-03 19:15:16'),(179,79,19,'Veniam quis nobis iusto dolorum consequatur ipsa.',0,0,'Et autem ut ut. Quo hic temporibus provident quis explicabo accusantium optio.','arhive','2020-08-28 03:30:44','2011-05-13 19:25:43','2011-12-06 22:05:52'),(180,80,20,'Molestias est totam quibusdam.',1,0,'Voluptas id voluptatem similique delectus. Aut sed sit fugiat et iste. Quaerat sed aliquam libero qui sunt dolorem nulla id. Et unde exercitationem aut itaque perferendis.','current','2020-03-21 16:16:48','2014-08-03 06:34:15','2020-12-25 18:41:34'),(181,81,1,'Maxime est ab aut ipsam tempore sunt consequuntur.',1,0,'Distinctio qui perferendis velit quas aut molestias. Maxime est sint aperiam et odio pariatur libero. Tenetur voluptatem occaecati rerum dolor et. Est est quia officia expedita.','delay','2020-07-03 10:54:20','2017-09-16 12:44:45','2018-11-18 23:46:07'),(182,82,2,'Nisi corrupti qui minima quam dicta aut in eaque.',0,0,'Dolorem necessitatibus in ex rerum optio deleniti eligendi. Ratione vel enim beatae explicabo. Voluptatem quaerat dolor ad in.','arhive','2020-05-14 11:35:28','2013-11-03 13:48:42','2018-12-25 05:30:26'),(183,83,3,'Rem doloribus non tempora qui officia facilis omnis.',1,0,'Repellendus tempore delectus consequuntur distinctio delectus. Sed hic sapiente fuga voluptas suscipit quaerat. Aut aut eum perspiciatis soluta quia.','current','2020-11-20 12:09:08','2017-02-09 12:50:39','2012-01-16 06:57:28'),(184,84,4,'Velit dolores dolorem deserunt ut placeat vitae cum.',1,0,'Nulla voluptas modi nihil. Ratione totam impedit aut quis error rerum. Eum recusandae autem fugiat quis dolorem sunt.','arhive','2021-03-08 05:29:40','2012-07-11 20:12:45','2015-10-17 20:10:57'),(185,85,5,'Neque saepe quisquam earum.',0,0,'Quas qui possimus ab ratione nemo. Repudiandae in incidunt ut. Necessitatibus quis voluptates libero nam rerum. Sequi voluptas expedita aut velit officia. Consequuntur veniam sapiente officia molestiae aut est tenetur quisquam.','current','2020-06-06 21:15:40','2020-04-16 19:32:10','2017-10-06 01:40:50'),(186,86,6,'Totam nihil ea dolorem eum quae distinctio ex.',1,1,'Facere eos at dolore ut. Et deleniti deserunt delectus sequi suscipit. Quas explicabo provident vel voluptatem. Impedit nihil totam quia non quasi.','current','2020-08-24 17:52:00','2018-07-15 08:19:47','2013-06-27 05:47:18'),(187,87,7,'Magnam iure distinctio ipsam quas asperiores.',0,1,'Consequuntur temporibus et vero expedita tenetur. Quod qui dolorem in et et voluptas sunt.','delay','2020-05-24 17:50:24','2013-11-14 00:45:55','2014-02-27 14:57:52'),(188,88,8,'Recusandae quibusdam laboriosam consequatur nobis et ea enim.',1,0,'Recusandae non eligendi maiores quia explicabo vel. Dolorem laboriosam dolore tenetur dolor assumenda exercitationem hic. Corrupti molestias mollitia aliquid laboriosam voluptatem iste ea quaerat. Eligendi est autem et exercitationem dignissimos. Dolor ut quia et aliquam.','delay','2020-06-02 04:52:05','2013-10-03 17:08:35','2020-11-27 14:11:27'),(189,89,9,'Sunt dolores officiis expedita tempora ducimus.',1,1,'Quod est asperiores enim ab ratione id. Ratione qui eius distinctio. Ad sed iure commodi nisi et in maxime. Officia commodi vero aperiam. Voluptatem numquam blanditiis consequatur maiores fuga.','current','2020-11-13 02:16:52','2012-09-12 18:21:30','2017-06-19 20:53:29'),(190,90,10,'Ut id sunt id est.',0,0,'Beatae commodi quis vel est consequatur. Nisi sit possimus qui provident dolor facilis culpa. Consequatur ipsa est aperiam libero.','arhive','2020-05-17 00:52:54','2021-03-09 02:24:22','2018-12-12 14:00:58'),(191,91,11,'A quidem et nobis dicta repudiandae libero repudiandae.',1,0,'Sit odit et ut nihil. Temporibus molestias fuga vero voluptas eum aut. Et sit in nam laboriosam. Aspernatur iusto tempora eveniet nulla sit similique.','current','2020-10-26 01:29:18','2014-08-06 12:45:37','2014-04-30 23:16:00'),(192,92,12,'Omnis maxime aut ea occaecati.',1,0,'Et consectetur qui et nobis sint suscipit et. Ut sit natus non facilis sed et adipisci. Nihil porro vel facilis numquam et.','delay','2020-06-14 22:19:48','2013-08-17 13:50:49','2013-07-06 21:47:54'),(193,93,13,'Omnis animi ratione velit beatae.',1,0,'Rem dolor corporis sapiente aut voluptas quibusdam cum. Facilis laboriosam doloremque modi iure excepturi reprehenderit doloremque consequatur. Ipsum ex ea suscipit fugit. Illum sunt omnis mollitia nemo eius.','current','2020-08-24 23:50:06','2011-08-20 05:26:44','2019-02-11 02:38:17'),(194,94,14,'Quia ab nulla ab aliquid.',1,0,'Sint vel esse qui. Eveniet modi cupiditate ducimus et cumque deserunt ut. Iste mollitia minus autem itaque consequatur minus. Laborum doloremque neque non.','delay','2020-11-13 21:35:15','2020-12-27 00:40:39','2020-03-24 16:21:27'),(195,95,15,'Est fugiat et sapiente aliquam rem officia perferendis soluta.',1,1,'Non esse consequuntur est sapiente sequi incidunt. Dolor consequatur magni ratione accusantium ea. Error aliquid voluptatem cum labore.','delay','2021-01-31 11:18:17','2017-08-01 00:50:36','2011-07-01 19:49:52'),(196,96,16,'Et possimus dolorem et non vero sit.',1,0,'Omnis voluptas maxime nihil eveniet. Sed dolores et voluptatibus est sit quis sunt. Molestiae voluptatem occaecati adipisci saepe earum odio dolorem.','delay','2020-10-31 15:02:59','2011-07-04 05:50:37','2018-05-22 16:46:38'),(197,97,17,'Recusandae ab ratione libero consequatur ab voluptatibus.',0,1,'Voluptatem recusandae omnis nam voluptatem sed. Velit at quasi iste nesciunt aliquid aut. Animi voluptatem id eum iste. Sint aut quos omnis consequuntur.','delay','2020-08-09 22:40:59','2012-08-15 04:08:40','2019-07-25 16:30:00'),(198,98,18,'Aut quia assumenda id fugiat optio corporis.',1,1,'Doloremque qui sint numquam nisi. Enim placeat rerum architecto optio. Ut harum libero quo voluptatem.','delay','2020-06-12 05:35:42','2012-12-15 23:03:12','2018-01-15 02:44:04'),(199,99,19,'Amet dolores esse modi repudiandae enim qui nostrum.',0,0,'Nemo sint veniam nobis laudantium. Corporis aliquam eum et recusandae.','delay','2020-07-21 09:07:40','2011-11-23 08:47:22','2018-07-22 07:48:37'),(200,100,20,'Voluptates aut neque in earum ad.',1,1,'Harum ducimus praesentium mollitia non. Sunt natus quia numquam aspernatur et. Ut explicabo et ipsa voluptas tenetur nemo nisi eum.','current','2021-01-23 06:37:15','2019-07-05 22:47:36','2012-02-16 10:18:08'),(201,1,1,'Et velit sequi eum illo.',1,0,'Aut deleniti minus cumque atque autem eaque sit. Voluptate vitae est sapiente reiciendis rem omnis et. Cupiditate voluptate vel voluptatem est in corrupti qui eos.','current','2020-10-28 13:01:42','2012-02-13 12:16:41','2016-03-02 21:08:38'),(202,2,2,'Deserunt in quasi culpa aperiam cum fuga et.',0,1,'Necessitatibus mollitia provident est quisquam odio. Temporibus provident inventore excepturi est repellat. Delectus doloribus hic quod itaque facere odio perspiciatis est.','delay','2020-03-31 22:53:37','2013-09-20 20:45:16','2016-11-03 08:00:00'),(203,3,3,'Ut consequatur laboriosam dicta alias.',0,1,'Omnis tempora optio omnis laboriosam dolorum non nostrum. Nam architecto cum et est explicabo. Repellendus pariatur quidem dignissimos veniam labore. Repellat hic dolores numquam accusamus voluptatem et.','delay','2020-12-09 16:32:42','2018-04-22 11:14:07','2019-03-15 15:44:37'),(204,4,4,'Similique eius officia perspiciatis cupiditate.',1,1,'Ut veniam laudantium placeat enim aperiam omnis at. Voluptatem illum unde ipsum facilis maxime. Velit commodi eveniet aperiam aut natus eligendi ea. Sit corrupti qui optio assumenda corrupti nobis nihil.','current','2020-10-14 08:12:13','2013-09-16 12:59:26','2015-11-14 19:57:55'),(205,5,5,'Dolor mollitia omnis distinctio hic.',0,0,'Cumque totam itaque saepe aut. Impedit vitae sunt amet. Omnis aliquam necessitatibus delectus cumque fuga. Tempora odio facere est.','current','2020-12-02 21:21:11','2016-03-07 21:08:58','2012-11-23 05:31:00'),(206,6,6,'Corporis et cum odit id ex occaecati.',1,0,'Voluptatum odit et quasi ut. A veritatis aut facere minima debitis assumenda magni. Officia dolorem molestiae est corporis. Ut assumenda minus maiores iste ea numquam fugit.','current','2020-05-03 21:21:24','2014-02-10 11:46:05','2020-12-24 23:34:41'),(207,7,7,'Est quas modi consequuntur corrupti qui est aut.',1,0,'Vel fugit amet tenetur libero consequatur est rerum commodi. Ea quam aliquam qui molestiae sequi earum maxime. Nesciunt enim qui minus similique. Laborum sunt quae sed perspiciatis facilis voluptatem. Ipsum repellendus in sed eos.','arhive','2020-09-14 11:35:40','2011-09-20 18:24:29','2019-06-15 22:41:52'),(208,8,8,'At enim et harum.',0,0,'Eligendi totam voluptatem et cum illum sequi distinctio. Placeat minima consequatur sunt velit. Et sunt voluptatum quas ut perspiciatis. A dolor aperiam quo accusamus earum ipsam. Repudiandae doloribus officiis quis.','delay','2020-09-10 15:57:01','2015-07-01 17:47:27','2020-12-16 14:51:21'),(209,9,9,'Ducimus iure porro in autem autem.',0,1,'In quam autem quia cumque. Enim eum odio at exercitationem. Expedita magnam quis reiciendis dolore.','arhive','2020-06-05 00:44:07','2016-01-29 15:30:41','2020-11-08 05:48:11'),(210,10,10,'Adipisci quo vel distinctio et aut.',0,1,'Autem numquam repudiandae magni reprehenderit culpa. Et ea ab dolores sunt rerum. Enim velit cum rem ab. Nam voluptate dolore dolorem nobis aliquid iste repellat.','current','2020-03-30 11:55:53','2011-04-06 09:50:03','2017-08-01 20:24:57'),(211,11,11,'Distinctio libero consequatur dolore dolorum nostrum eum.',1,0,'Architecto assumenda voluptates quibusdam ut. Explicabo neque et voluptate doloribus minima. Sapiente et exercitationem molestiae sapiente impedit corporis ut.','delay','2020-03-25 12:59:30','2012-08-22 17:16:44','2015-12-01 09:32:48'),(212,12,12,'Laborum dolorem quis laboriosam sit dolorem.',1,1,'Enim qui voluptatibus possimus. Enim tenetur veniam pariatur rerum aliquam. Sequi non nihil id consequatur reprehenderit. Culpa et incidunt corporis qui ullam.','current','2020-03-20 13:19:38','2018-03-11 00:29:07','2017-01-16 07:33:38'),(213,13,13,'Quis perspiciatis vero consectetur aut numquam ut qui.',0,0,'Corporis voluptas repudiandae illo labore deleniti dicta. Tenetur accusamus molestias consequatur rerum repellendus id. Optio rerum consequatur reiciendis numquam quaerat.','arhive','2020-06-26 03:26:22','2014-05-04 23:35:46','2020-07-14 01:11:19'),(214,14,14,'Perspiciatis pariatur veritatis sit.',1,1,'Sed repudiandae quia eos adipisci est. Soluta quod totam rerum assumenda vitae. Pariatur assumenda consequatur quos est rerum et explicabo. Vel cum rerum accusamus.','arhive','2020-08-15 13:27:57','2013-07-09 03:11:08','2013-02-02 05:07:03'),(215,15,15,'Voluptatem neque ipsum est natus.',1,1,'Quia magnam voluptatem tempora similique dolore. Officia velit qui in possimus perspiciatis esse deserunt. Similique aliquid animi qui consequatur similique sunt. Vel est nostrum quod nostrum tenetur.','delay','2020-10-31 08:23:15','2013-03-22 09:53:58','2020-01-28 06:05:17'),(216,16,16,'Corporis et vel voluptas eligendi molestias sed.',0,1,'Perferendis quidem deserunt rerum quod nemo deserunt eos. Doloribus vel est ipsum. Magnam repellendus illum voluptates sint eveniet eos sed quo. Nihil fugit sequi laborum soluta.','current','2020-04-19 11:08:22','2012-12-10 01:19:06','2017-08-10 19:00:20'),(217,17,17,'Et at qui exercitationem ea mollitia.',1,0,'Voluptatem hic unde enim incidunt ratione sed esse. Hic dolorem rerum occaecati id sit ut odio quibusdam. Deserunt id laborum earum. Est repellat rem adipisci ea numquam reiciendis.','arhive','2021-02-21 18:56:37','2014-12-14 06:42:32','2014-06-20 02:03:47'),(218,18,18,'Deserunt voluptates veritatis saepe iusto minima.',1,0,'Cum cum debitis consectetur assumenda rerum numquam neque. Qui sit sed cumque ut non veritatis. Autem ipsum ad a cumque et tenetur.','current','2021-03-12 13:36:30','2020-11-28 22:54:14','2020-12-31 21:34:42'),(219,19,19,'Consequatur doloremque vitae voluptas voluptatem sed at illum.',1,0,'Debitis est deleniti sed nobis enim quod. Est eligendi totam aut aut. Non voluptate velit vel repellendus ea.','arhive','2020-04-03 09:56:27','2011-07-26 06:10:23','2012-01-25 11:37:12'),(220,20,20,'Voluptatem nihil vel error et nobis ipsam.',0,0,'Corporis ut molestias aut delectus praesentium quos et eum. Veritatis quibusdam autem voluptates quis voluptates. Qui fugit et enim ad in est. Est rerum soluta est quia nesciunt nemo quas.','current','2020-11-03 13:08:55','2020-05-22 15:13:10','2015-10-20 03:39:03'),(221,21,1,'Laboriosam nihil at at dolor sint dignissimos incidunt.',1,1,'Aperiam inventore consequuntur earum dolorum. Dolore qui dolorum expedita. Neque sit beatae architecto temporibus earum similique expedita.','delay','2021-03-07 20:50:59','2015-09-27 21:45:23','2016-12-14 17:03:01'),(222,22,2,'Non cupiditate perferendis enim ea quae minima minima impedit.',0,1,'Sequi architecto aspernatur aliquam sed. Cumque mollitia nisi repellat quis consectetur. Placeat distinctio est quae porro.','delay','2020-08-15 12:06:03','2018-10-28 14:50:51','2017-07-30 14:37:07'),(223,23,3,'Non accusamus exercitationem impedit.',1,1,'In magnam exercitationem optio perspiciatis explicabo consequatur qui veritatis. Et aperiam maiores repellendus nesciunt ea exercitationem veritatis. Beatae maiores totam quia occaecati voluptates. Omnis eum minus quidem ex repellat rem aut.','arhive','2021-01-21 05:05:58','2012-07-29 13:59:39','2016-10-17 13:54:54'),(224,24,4,'Repellendus non impedit deleniti ducimus.',0,1,'Voluptatum et voluptas quas rem aut. Ducimus sapiente error quibusdam nihil qui qui laborum. Provident quidem voluptates est explicabo. Molestias eum nobis modi impedit reiciendis. Et consectetur error eos et nesciunt qui quia.','delay','2020-09-25 08:29:54','2019-08-02 12:54:42','2012-08-10 05:31:32'),(225,25,5,'Ea voluptatibus et mollitia esse praesentium.',0,0,'Facilis magni error ex et occaecati ea. In aspernatur nemo ut quidem et officia. Et molestiae ducimus et non sed consequatur repellendus. Officia consectetur earum eum nihil.','delay','2020-08-24 14:08:02','2013-12-05 23:47:05','2012-08-17 13:18:13'),(226,26,6,'Harum vel commodi illo ut.',0,0,'Unde voluptatibus quis aut et. Natus voluptatibus aperiam culpa exercitationem accusamus sit. Et perspiciatis voluptas tempore.','arhive','2020-08-22 19:37:26','2013-05-16 23:08:57','2019-08-05 12:18:11'),(227,27,7,'Libero asperiores laborum molestias repellendus laudantium et dolorem quia.',1,0,'Fugit aut voluptas reiciendis facere. Iure explicabo ut vel praesentium quis. Corrupti voluptas natus omnis et.','arhive','2020-09-01 17:30:52','2020-06-19 12:53:28','2011-11-16 14:05:42'),(228,28,8,'Quod suscipit quaerat porro expedita molestiae dicta cupiditate amet.',0,1,'Saepe accusamus praesentium est eum deserunt praesentium aut. Veritatis blanditiis provident voluptatem ipsa maxime ea qui. Minima esse nihil laborum quae. Enim quo nulla voluptatem a voluptatem sit.','arhive','2020-07-29 08:40:08','2011-07-14 16:23:09','2020-05-03 14:45:23'),(229,29,9,'Nobis impedit quia quaerat voluptatem ipsam beatae.',0,0,'Est architecto placeat fugit id rerum. Aut nam asperiores placeat animi totam nihil mollitia aut. Vel rerum quis adipisci quis. Quos nisi quo omnis minima deleniti accusamus. Aspernatur quibusdam aut doloribus eos inventore nam.','delay','2020-05-17 21:07:43','2017-08-12 13:11:52','2020-02-06 10:42:33'),(230,30,10,'Molestiae cum nam molestias deleniti eos quia et.',0,0,'Natus error quia quo saepe at facere. Harum ut non et consequuntur minima fugit.','current','2020-11-11 05:23:21','2016-08-08 02:23:43','2018-07-01 20:22:35'),(231,31,11,'Et tempore consectetur sunt incidunt necessitatibus ipsum mollitia.',0,0,'Officiis reiciendis iure voluptate totam modi at consequuntur. Autem error placeat vel exercitationem delectus. Praesentium est qui neque similique similique vitae. Occaecati illo et voluptatum est aut et magni.','arhive','2020-07-05 09:34:20','2017-08-23 19:31:43','2011-03-22 09:59:13'),(232,32,12,'Unde nulla enim omnis rerum qui repellendus.',0,0,'Nobis eveniet voluptates ut ipsum at ullam. Est dolore assumenda magnam voluptas eaque suscipit doloribus. Fugit ut illum aliquid laudantium dolorum et maiores.','delay','2021-02-09 03:51:12','2015-10-18 12:52:21','2015-05-15 07:23:40'),(233,33,13,'Dolores laborum atque at laudantium excepturi et consectetur.',1,0,'Dolor corporis inventore cum fugiat eum eius est. Laboriosam accusamus sed ut facilis iure quos sed.','arhive','2020-05-12 23:59:17','2018-04-21 23:50:42','2013-03-02 21:45:15'),(234,34,14,'Exercitationem molestias expedita culpa reiciendis illo dolor.',0,0,'Similique voluptates tempora hic aliquam. Perferendis cum voluptatem reprehenderit. Explicabo exercitationem et quidem facilis exercitationem dolore dolorum. Eos et est officiis quia fugiat ullam.','current','2020-04-28 04:21:06','2013-09-19 01:26:16','2020-03-16 12:23:31'),(235,35,15,'Quidem perferendis aspernatur et tempora cumque ducimus.',0,0,'Labore ut aut laudantium est tempore. Aliquid quas error nemo harum. Beatae quia sint non omnis rerum est.','current','2020-12-09 02:41:30','2017-06-16 09:47:16','2020-02-03 03:29:18'),(236,36,16,'Delectus dolores quam qui sint officia dolor sunt reiciendis.',1,0,'Molestiae cupiditate dignissimos et ad fugit nulla qui. Quis eum omnis voluptatem dicta magni. Numquam beatae quae a laborum. Maiores rem mollitia odit corporis excepturi error et.','current','2020-06-06 03:34:30','2020-07-12 23:36:23','2016-12-11 00:06:03'),(237,37,17,'Voluptatem pariatur ex cum et aut qui.',1,0,'Iste inventore placeat maxime officiis dolore. Distinctio rerum eveniet voluptatem velit nulla non et. Deserunt modi vero est accusamus rerum dolor. Ducimus quaerat provident laudantium et occaecati quidem perferendis.','delay','2021-02-12 19:10:24','2021-01-18 10:22:03','2020-12-15 10:11:44'),(238,38,18,'Enim quia in consequatur.',0,0,'Porro sed aut sed voluptas necessitatibus nostrum labore. Occaecati dolor voluptatem aut. Est pariatur adipisci repellendus alias.','current','2020-06-17 23:28:58','2013-03-29 22:07:47','2014-12-07 23:39:10'),(239,39,19,'Sit sed maxime corporis quia facilis laboriosam.',1,1,'Velit qui animi quia dolorem. Voluptas laborum et animi est nesciunt. Vel occaecati explicabo omnis dolor.','arhive','2020-11-21 19:18:22','2013-03-07 21:24:20','2020-07-29 06:51:47'),(240,40,20,'Vel blanditiis consequatur et ea aut.',0,1,'Neque et totam voluptatibus reiciendis eos eos perferendis est. Minima nemo at sed provident dolorem. Pariatur necessitatibus sunt nisi ut culpa maxime. Consequatur cupiditate et cumque libero.','current','2021-03-07 05:06:23','2014-07-02 00:17:39','2016-12-16 05:45:32'),(241,41,1,'Magni debitis sunt ut non.',0,1,'Natus est et consequatur eos. Laborum nesciunt est repellendus corrupti praesentium. Atque voluptatibus quia assumenda at. Recusandae ab et fugit quam.','arhive','2020-03-31 08:42:47','2012-11-01 11:28:55','2012-03-01 06:02:11'),(242,42,2,'Autem aspernatur non et architecto deserunt fugit expedita.',1,0,'Fuga culpa soluta ratione neque sunt. Odio aut maxime dignissimos veniam nihil. Delectus rerum voluptatum impedit ab enim nisi occaecati. Eos quam suscipit ipsam.','current','2020-08-24 07:33:15','2019-12-28 21:21:39','2016-02-29 09:23:39'),(243,43,3,'Quo quis minus quibusdam adipisci similique dignissimos ducimus.',0,1,'Tempora numquam quis consectetur nulla ea cum tempore. Corporis occaecati dolorem quia aut veniam et. Et mollitia est nemo atque dolores quia ipsam.','arhive','2020-11-17 10:41:17','2021-01-08 15:17:47','2017-07-26 03:16:53'),(244,44,4,'Aut sed hic dolorum sint beatae non est qui.',0,1,'Ipsa ducimus blanditiis ut voluptate alias maiores. Temporibus rerum illum eum qui quo vero accusantium.','delay','2020-03-17 16:03:00','2017-11-06 09:44:19','2013-02-08 20:34:18'),(245,45,5,'Voluptatum quaerat dolores earum voluptas optio sed.',0,1,'Vero laudantium et et. Et accusamus modi similique eveniet debitis et. Dolorum impedit modi dolorem eveniet et vel. Quo odio facere adipisci qui error.','current','2020-05-11 17:57:12','2017-05-29 03:15:56','2020-07-06 00:28:47'),(246,46,6,'Molestiae reprehenderit dolor fugit laudantium.',1,0,'Consequatur velit corporis qui voluptatem quibusdam reiciendis repudiandae. Deserunt qui voluptatem maiores dicta. Dolor velit nesciunt eaque ipsum totam sint.','delay','2020-06-20 16:56:08','2013-11-24 21:11:34','2017-04-12 04:08:25'),(247,47,7,'Quas et animi qui nesciunt voluptas.',1,0,'Accusamus velit tempore saepe tempore et. Dolor qui porro dolor. Expedita aliquam voluptatem ab in. Consectetur sapiente omnis ut. Enim saepe at incidunt perspiciatis eveniet sit mollitia atque.','delay','2020-07-21 10:44:30','2016-09-24 21:14:33','2013-09-14 01:14:22'),(248,48,8,'Commodi animi perspiciatis voluptatibus sed.',0,0,'Explicabo ea sunt dicta expedita eaque quo ab perferendis. Voluptatem beatae magnam a officiis labore et consequatur adipisci. Non qui vel sapiente. Error repudiandae voluptatibus molestias.','arhive','2020-05-02 05:06:51','2017-10-21 17:53:25','2014-10-01 20:18:50'),(249,49,9,'Aut vero aut adipisci voluptas dignissimos ex aut.',0,0,'Natus et beatae iste autem. Et et iure iusto accusamus repellendus eum eius. Eos distinctio minus qui qui soluta consectetur. Quo laborum tempore qui ea repellat.','arhive','2021-01-13 20:45:52','2014-05-02 04:08:53','2020-08-24 12:44:25'),(250,50,10,'Et cupiditate velit quia tempora quibusdam.',0,0,'Expedita numquam ipsum quia voluptas et facere sed. Aut vel ea qui ut. Adipisci qui et pariatur est.','delay','2020-11-05 23:00:47','2012-07-10 14:10:31','2020-08-14 22:04:17'),(251,51,11,'Beatae omnis beatae provident sit vel corporis culpa.',1,0,'Quas adipisci aliquam nam aut qui et sint libero. Non cum atque nobis. Quis ea velit maiores unde voluptatem illo et.','current','2020-11-13 05:48:53','2018-11-04 22:55:41','2011-12-21 09:57:56'),(252,52,12,'Dolores perferendis et ullam tempore repellat sit.',1,0,'Cum voluptatem commodi quo ut voluptates. Neque reprehenderit qui alias. Dolorum sequi qui nihil sit vitae. Iusto aut amet ut delectus sit sapiente repellat.','arhive','2021-01-06 23:47:04','2015-12-08 01:38:52','2012-09-20 12:11:58'),(253,53,13,'Qui vel nemo quia unde quo sunt qui.',0,1,'Voluptatem quisquam quis possimus aut nobis inventore possimus. Commodi iusto consequatur quo dicta inventore hic dolorum. Inventore dolor porro sint ut possimus. Qui necessitatibus qui rem rerum. Reiciendis totam consequatur perferendis quidem occaecati ipsam corrupti.','current','2021-03-13 00:27:52','2021-02-08 15:30:28','2012-03-08 16:00:54'),(254,54,14,'Rem qui tempora eos.',0,0,'Consectetur animi distinctio mollitia. Corrupti ea animi aut cupiditate consequatur. Accusantium quo in unde voluptas veniam et voluptatem.','arhive','2020-11-14 13:49:45','2020-02-01 23:32:35','2015-07-13 22:08:30'),(255,55,15,'Animi est magni repellendus deleniti corrupti.',0,0,'Sunt corporis consequatur voluptatem adipisci suscipit optio. Sit dignissimos et laboriosam cupiditate dolor. Aut nihil vel nihil magni magni vel. Consequatur consequatur a quisquam dolor ad consequuntur.','delay','2020-06-02 08:01:09','2017-06-29 05:02:42','2018-11-20 04:02:55'),(256,56,16,'In ratione nesciunt perspiciatis et ut.',1,1,'Qui aperiam sit magnam dolorem temporibus vel amet. Aut dolores magnam qui accusantium. Nihil qui soluta molestiae ipsum est. Consequatur earum aut quaerat autem.','delay','2020-11-15 07:50:56','2012-02-07 13:00:10','2017-02-16 02:46:53'),(257,57,17,'Optio voluptas dolor assumenda recusandae.',1,0,'Quas tempora provident eaque non omnis sunt. Voluptas quisquam facere dicta dolorum officia. Repellat voluptatem et ratione delectus quis est nostrum. Sit eos nesciunt ullam quo necessitatibus sit.','delay','2020-04-13 00:10:34','2011-06-25 13:58:06','2012-10-25 17:57:04'),(258,58,18,'Nobis accusantium quasi expedita eos accusamus in facere illo.',0,1,'Laudantium sed minus vel minima hic iusto consequatur. Cum expedita dolores in et sit. Sequi nobis alias dolores qui. Rerum nulla sint tempora tempora excepturi laudantium voluptatem.','current','2020-06-08 18:30:02','2020-04-21 08:38:31','2017-03-30 07:47:18'),(259,59,19,'Aperiam alias vero deserunt hic sequi nihil maxime neque.',1,1,'Deleniti optio id distinctio earum dolores delectus. Eum qui cumque iure dolor ea qui accusamus quos. Maxime fuga rerum aperiam aliquid fugit qui et. Sapiente magnam exercitationem velit aut amet officia aperiam mollitia.','arhive','2020-06-20 05:04:37','2014-07-20 18:12:55','2015-03-18 09:56:09'),(260,60,20,'Ut sint et cupiditate consequatur ipsam omnis quod.',1,0,'Maxime excepturi sed repellat nulla quia itaque atque. Necessitatibus aliquid molestias dolor architecto dolores et amet. Labore totam et non provident veritatis aliquid esse.','arhive','2020-04-28 21:06:05','2020-05-19 17:02:31','2014-05-26 21:38:26'),(261,61,1,'Quas minima blanditiis ab rerum nihil quas iure.',1,0,'Harum et cum fugiat voluptatibus laboriosam rerum modi. Quis mollitia voluptates quo eum. Eius ipsum ex omnis facilis officia velit possimus. Consequatur quia saepe at ut consequuntur error.','delay','2021-02-03 15:02:42','2018-11-09 02:10:58','2015-03-15 18:43:55'),(262,62,2,'Laboriosam voluptatem explicabo modi voluptatem.',0,1,'Ut harum nihil vel commodi laborum. Quis quam quasi quis cum itaque.','current','2020-09-15 12:49:08','2014-12-15 20:37:22','2013-04-30 14:54:02'),(263,63,3,'Ipsa ab sed nemo voluptatem cumque et sed.',0,0,'Aliquid sed accusantium voluptates delectus et quis eos suscipit. Quia est necessitatibus harum totam quos suscipit. Tempore vel qui magnam. Fugit sint atque sunt.','arhive','2020-11-12 17:19:48','2012-03-25 12:13:06','2013-12-24 18:07:30'),(264,64,4,'Voluptatem enim quasi nobis.',1,1,'Exercitationem sint inventore illum laudantium ullam molestias minus soluta. Debitis sunt voluptates rerum dolorem tempora aut. Odio in totam eum est est est autem. Voluptatem aut repudiandae quaerat pariatur quidem ullam.','arhive','2020-05-07 20:28:44','2014-12-30 05:35:16','2012-12-28 13:11:34'),(265,65,5,'Alias quia aut consequuntur nulla neque architecto.',1,1,'Nihil exercitationem voluptates quisquam nostrum facere autem id. Aliquam eaque aliquam dolore placeat placeat. Sit et ut et cupiditate et eum odio quisquam. Magnam quae quia vel aut quibusdam tempore non.','current','2020-05-28 01:52:01','2021-02-02 15:30:14','2020-02-01 23:12:37'),(266,66,6,'Maiores et repudiandae corrupti voluptates.',0,0,'Ut cum reiciendis itaque aperiam. Magnam culpa velit officiis. Quaerat placeat aut tenetur exercitationem. Eos quisquam nobis voluptatum et et tempore similique rerum.','delay','2020-05-05 17:35:16','2019-06-16 03:28:19','2012-12-29 11:18:29'),(267,67,7,'Blanditiis non dicta quo dolorum.',0,0,'Ratione et atque perferendis perspiciatis vitae saepe totam. Voluptatem doloribus aut rerum vel nemo. Corporis aliquam fuga maxime sit. Omnis est repudiandae et dolore.','arhive','2020-11-02 05:05:39','2020-02-29 18:08:05','2020-04-14 16:15:08'),(268,68,8,'Deleniti culpa necessitatibus et ut optio saepe.',1,1,'Facilis doloremque quaerat voluptatem dicta. Minima amet maiores ut maiores et. Fugit deserunt et porro voluptate reiciendis. Pariatur minus sit quia architecto expedita.','delay','2020-12-21 23:26:56','2018-03-05 14:33:11','2011-07-07 03:44:24'),(269,69,9,'Ad nihil iusto dignissimos aliquid sapiente quas voluptate.',0,0,'Cum soluta unde provident. Sint dolor aut minus soluta. Qui deserunt veritatis possimus reiciendis repellat molestias sint.','current','2020-07-02 15:28:37','2017-02-09 11:48:54','2012-10-31 20:23:03'),(270,70,10,'Dolor deserunt aliquid vel facilis nesciunt aut est.',1,0,'Et molestiae voluptatibus ut est et. Ad pariatur necessitatibus qui consequatur itaque quos. Voluptas repellendus provident qui. Cumque eveniet voluptatum deleniti animi ea facilis.','delay','2020-08-19 17:21:31','2013-04-30 21:41:33','2015-02-19 04:05:45'),(271,71,11,'Explicabo voluptas non provident repellat molestias.',1,1,'Iusto laborum praesentium ipsum blanditiis omnis autem. Aperiam dolor necessitatibus sequi sequi praesentium ut exercitationem praesentium.','current','2020-04-22 14:57:24','2012-05-19 22:03:56','2016-12-18 13:41:45'),(272,72,12,'Laboriosam dolore non quo consequatur ullam totam perspiciatis.',1,1,'Repellendus mollitia qui asperiores eum et iusto. Explicabo accusantium nesciunt harum voluptatem dolores laborum consectetur atque. Voluptas aperiam non illum et. Non ex sunt eaque sit accusantium dolorem. Et adipisci corrupti ea sit consequatur suscipit excepturi.','arhive','2020-12-14 02:51:46','2018-06-02 17:28:38','2017-08-10 23:49:07'),(273,73,13,'Eum dolore provident alias fugiat quis maxime.',0,1,'Soluta aliquam quidem accusamus. Provident ut fugit quia modi perferendis quis voluptas. Officia consectetur numquam vel delectus.','current','2020-12-16 16:12:15','2020-07-22 07:45:05','2016-02-15 23:23:36'),(274,74,14,'Atque voluptas magni ad earum et iste.',0,1,'Nulla in eum sunt quaerat eos consequatur cum. Quod repudiandae minus id esse provident. Et non magnam voluptatibus sit. Culpa iste ducimus beatae impedit consequatur aspernatur.','delay','2020-09-13 00:32:39','2013-08-19 03:00:59','2015-12-02 23:53:46'),(275,75,15,'Saepe molestiae amet velit totam aperiam.',1,0,'Reiciendis quo neque quam fugit voluptas vero ex distinctio. Earum et placeat rem dignissimos cumque est. Tempore ipsa et repellendus tempore ea autem enim et. Omnis quia est soluta dolore eum ex dignissimos facilis.','arhive','2020-03-18 20:13:38','2016-01-28 19:46:13','2018-09-26 19:08:07'),(276,76,16,'Consectetur aut repudiandae ea eveniet.',1,0,'Quam culpa odit excepturi esse aut enim unde. Facere nulla et dolorem. Perspiciatis magni totam possimus rerum et unde sed. Nemo est tempore et.','delay','2020-07-18 13:47:02','2012-06-06 00:10:45','2020-10-02 00:17:44'),(277,77,17,'Occaecati ut atque quis.',1,0,'Dolor voluptates quod rerum. Est quas ut excepturi eligendi dolorum in. Placeat ex eos ea. Quaerat voluptatibus ut impedit dicta velit accusamus.','delay','2020-12-17 03:05:51','2014-11-27 22:43:17','2013-09-21 12:51:44'),(278,78,18,'Itaque voluptatum assumenda maxime nemo quia.',1,0,'Dolor libero iusto totam repellendus maiores fuga. Alias voluptatem nostrum et.','delay','2020-03-16 17:21:26','2018-03-06 01:45:18','2013-05-05 12:06:45'),(279,79,19,'Alias pariatur et et quidem quas sapiente.',1,0,'Molestiae placeat temporibus porro quia distinctio. Sit sapiente natus facere ad corporis porro cupiditate. Voluptatem repudiandae placeat in est.','current','2020-12-05 00:23:06','2015-02-01 09:45:25','2021-03-04 17:44:35'),(280,80,20,'Dolorum ut doloribus omnis reprehenderit eos.',0,0,'Eius similique quia distinctio quia sequi. Consequatur non sit repellat pariatur. Eum ut voluptatem ut.','arhive','2020-08-16 12:46:47','2015-03-10 06:38:54','2021-02-17 01:39:16'),(281,81,1,'Voluptatem dolorem dolores magni odio.',0,0,'Occaecati fugit sed provident labore voluptatem nisi. Ex est molestias numquam. Ducimus vitae ipsum eius amet non omnis ipsum.','delay','2020-07-18 09:41:41','2018-09-24 00:46:16','2011-12-19 16:47:39'),(282,82,2,'Distinctio placeat excepturi animi id dolore neque cumque.',1,1,'Unde voluptates architecto voluptas illo. Quibusdam natus repudiandae vel sed minus reprehenderit quis. Exercitationem praesentium cumque corporis velit quia ullam recusandae.','arhive','2020-09-21 09:26:27','2020-08-15 22:02:31','2020-05-08 02:28:18'),(283,83,3,'Corporis officia maiores provident et dolor molestias placeat asperiores.',0,1,'Maxime distinctio temporibus distinctio fugiat quasi qui incidunt. Error qui cum et voluptatum porro rerum. Est quas rerum qui. Animi eos ipsum accusantium voluptatem pariatur omnis.','arhive','2020-10-10 12:40:18','2015-05-21 12:07:22','2011-10-11 19:29:10'),(284,84,4,'Doloribus ullam voluptas ad sint consequuntur laboriosam.',0,1,'Iste ut aut consequatur facilis enim. Ea quaerat aut velit sit est consequatur. Illum perspiciatis fugit recusandae modi qui.','current','2020-12-28 12:40:42','2013-06-05 10:13:02','2011-11-03 21:57:31'),(285,85,5,'Et reprehenderit voluptatum deleniti minima in.',0,1,'Autem reprehenderit molestias eos deleniti. Assumenda nisi aut voluptatem tempore pariatur. Dolor accusantium inventore blanditiis.','current','2020-08-17 05:10:08','2018-03-26 03:35:44','2016-05-06 18:03:11'),(286,86,6,'Quis recusandae voluptas cupiditate sit autem quia.',0,1,'Enim alias eveniet deserunt deleniti officiis nobis. Ut tenetur iste est commodi. Nihil consequuntur sed voluptatem cupiditate delectus possimus similique. Quisquam sunt temporibus beatae voluptatibus quia. Similique minima accusamus animi blanditiis odio illum.','current','2020-12-18 04:48:39','2012-10-15 11:00:39','2014-06-22 01:46:03'),(287,87,7,'Magni et similique nemo corrupti omnis dolores perspiciatis.',1,0,'Id est deleniti modi ducimus est numquam. Non iusto quae consequatur ipsum. Quo deleniti velit vitae quasi architecto nostrum omnis.','current','2021-02-09 08:19:51','2019-12-16 18:48:18','2011-11-16 00:09:47'),(288,88,8,'Qui enim culpa nemo qui vel voluptatem deleniti.',0,1,'Maiores esse natus eum. Non non odit officiis porro quis. Suscipit doloremque harum officia. Voluptatem aliquid ut illo molestiae quam in odio eum.','arhive','2020-07-13 22:49:45','2016-12-31 18:06:23','2018-10-25 09:46:02'),(289,89,9,'Rem sint nobis sint et et praesentium et.',0,1,'Et possimus quam autem maxime occaecati. Enim aspernatur tempora unde nihil quam aliquam voluptas. In voluptatem minima ipsam libero voluptatibus eveniet velit. Occaecati nulla repellat nulla hic recusandae.','arhive','2020-07-29 13:13:16','2012-09-21 23:36:44','2013-08-31 15:22:35'),(290,90,10,'Expedita blanditiis cupiditate repudiandae doloremque voluptatum ad dolorem.',1,1,'Pariatur commodi magnam est voluptates corrupti in. In alias eius omnis ipsa officia velit autem. Velit alias minus ex ullam fuga blanditiis deserunt. Et dolores molestiae qui consequatur sunt.','delay','2020-09-27 05:04:55','2013-12-17 05:18:40','2011-09-30 09:12:07'),(291,91,11,'Iste quis excepturi sit facere ea autem.',0,1,'Nobis quos architecto fugit earum soluta iste nam. Quisquam est aut aliquid ab ipsa. Atque perferendis est fugiat dolor.','delay','2020-12-24 05:06:27','2019-08-14 09:29:39','2020-08-26 00:09:55'),(292,92,12,'Libero impedit laudantium delectus id ea amet et.',0,1,'Qui iusto corporis nemo. Enim cum et aut dolores. Expedita quae et saepe ducimus molestiae. Et enim nemo error officia voluptatem rerum enim nobis.','arhive','2020-12-07 05:21:59','2016-08-29 17:56:09','2017-11-30 02:49:04'),(293,93,13,'Delectus non odit voluptas voluptas ipsum.',0,0,'Quia nostrum fugiat ipsam nulla reprehenderit. Ratione qui ullam et consequatur. Labore vitae magni repudiandae qui voluptatibus saepe. Voluptatem iure non fugit et recusandae iste nemo.','delay','2020-09-01 12:41:09','2014-08-12 08:10:22','2014-07-01 20:53:50'),(294,94,14,'Est quibusdam aspernatur qui eligendi.',0,1,'Aspernatur laudantium ex nihil occaecati impedit quos. Magnam quas cumque magni est ut quam enim in. Sit neque dolorem consequatur pariatur rerum assumenda excepturi.','current','2020-10-03 04:00:43','2019-01-05 04:33:26','2016-09-17 12:35:31'),(295,95,15,'Ipsum optio saepe consequuntur quia provident.',0,0,'Magnam illo eum eos sint odit distinctio magnam. Necessitatibus possimus exercitationem rem eos quisquam. Aliquam sed dolorum maxime. Quos temporibus ut odio placeat mollitia aut autem dolorem.','delay','2020-09-09 02:49:58','2014-12-10 00:26:19','2016-12-02 09:42:15'),(296,96,16,'Aperiam distinctio ducimus id.',1,0,'Eaque provident eius beatae nemo mollitia tenetur veritatis. Ea voluptate labore excepturi dolorem. Aut aut ullam eaque aut esse vel nobis. Omnis est minus doloribus pariatur.','arhive','2020-12-20 11:26:47','2020-07-29 02:23:29','2011-08-20 06:04:48'),(297,97,17,'Beatae sint facere molestias quis voluptatum iusto.',0,0,'Qui debitis tenetur dignissimos natus provident facere fuga. Iusto molestiae accusamus delectus qui. Distinctio magnam rerum quidem.','current','2020-12-15 20:47:00','2017-02-18 01:19:33','2018-02-09 17:06:04'),(298,98,18,'Consequatur et libero voluptates omnis et sunt.',0,1,'Odio voluptatem voluptas libero. Voluptatibus nihil id quia et consequatur placeat. Recusandae omnis ut itaque illum consequatur.','arhive','2020-04-04 19:35:16','2016-01-22 07:01:17','2016-09-02 10:31:25'),(299,99,19,'Nihil nemo harum ipsam quis laborum.',0,1,'Ut quaerat commodi assumenda repellendus itaque ea. Voluptas voluptas ut dolorem. Pariatur dicta adipisci dolor deleniti.','delay','2020-07-19 15:22:36','2012-12-24 21:45:23','2014-01-09 14:37:57'),(300,100,20,'Et iusto est qui expedita.',1,1,'Aliquid ad tempora officiis tempora numquam. Nihil id itaque vero molestiae consequatur maxime. Pariatur aut maxime ab aut reiciendis libero explicabo.','current','2020-05-23 11:00:22','2017-09-20 09:06:59','2014-03-20 20:08:26'),(301,1,1,'Sit temporibus rem ut magnam sit aut mollitia aliquam.',1,0,'Aliquam qui quia consequatur ad et rerum sint. Eveniet a incidunt ut qui. Architecto voluptatibus error dolore omnis delectus. Nihil dolorem quod labore ut nam corrupti velit.','delay','2020-12-07 11:17:53','2014-10-09 07:25:10','2018-07-12 20:24:10'),(302,2,2,'Natus omnis iusto nihil fugiat ut tempora occaecati.',1,0,'Sunt eligendi rem recusandae qui quod repellat. Eligendi hic aspernatur et. Rem dolore aliquid eos magnam odio eveniet aut. Magni dicta eveniet perferendis expedita aut est qui nostrum.','arhive','2020-04-21 05:05:58','2013-05-09 21:45:30','2015-03-18 08:22:05'),(303,3,3,'Laudantium reprehenderit ut minus cum.',1,1,'Aut dolor omnis delectus nam reiciendis culpa quas. Dicta vero dolor praesentium rem qui labore consequatur.','delay','2020-09-12 15:37:03','2016-05-17 16:38:48','2014-05-08 18:38:46'),(304,4,4,'Iusto fugit aliquam eligendi eligendi.',1,0,'Et impedit qui qui rerum blanditiis ducimus consequuntur. Labore esse hic facilis sequi minus sit distinctio. Non aut et veniam aperiam ut. Aliquid explicabo ut tempore provident ipsam officiis consequuntur natus.','arhive','2020-10-29 14:37:34','2012-07-16 05:30:03','2017-04-30 08:30:06'),(305,5,5,'Perferendis quos sequi dolores tempora illo.',1,1,'In omnis cum occaecati et quaerat aut. Repellat nisi ea laudantium est ut sint quasi quia. Sed id voluptates minus debitis et et repellat.','current','2020-07-13 05:26:18','2016-09-10 16:38:56','2020-06-18 13:34:49'),(306,6,6,'Et eos laboriosam voluptatibus ad.',0,1,'Illum sit voluptates laborum id amet est. Quos consequatur corporis et aut. Ad aut asperiores recusandae cupiditate.','delay','2020-10-26 07:02:27','2012-07-17 07:45:50','2012-03-06 15:55:34'),(307,7,7,'Doloremque aut voluptas temporibus amet aut pariatur.',1,1,'Eos est esse amet vitae earum. Iure nihil aut dolor adipisci rerum voluptatem. Cum eum ipsam quis consequatur reiciendis iste aut. Commodi quia incidunt sapiente. At qui et rem rem ab.','arhive','2020-10-26 13:02:26','2014-10-08 23:05:31','2020-05-12 23:16:37'),(308,8,8,'Rerum corporis sapiente culpa quisquam asperiores.',0,1,'Dicta dolor repudiandae dolorem commodi placeat excepturi quidem quam. Voluptas rerum sit sed recusandae ut corporis. Reiciendis est facere sint sint.','arhive','2021-03-05 11:50:23','2012-05-13 08:38:39','2018-07-25 13:32:36'),(309,9,9,'Quaerat voluptas aut perferendis enim veniam.',1,1,'Ratione quas illo explicabo et quia. Quibusdam ab fuga saepe. Nisi labore et magnam optio aut illo.','current','2020-05-26 05:18:57','2020-12-17 05:34:04','2015-11-13 10:11:13'),(310,10,10,'Aut aut occaecati illum nostrum ipsam ea.',0,0,'Aut sit iste sed autem ad ut aut. Tenetur est in minus harum ab. Vitae voluptatibus soluta nam quas et necessitatibus.','delay','2020-05-20 17:51:13','2013-11-23 15:39:59','2017-09-02 13:02:52'),(311,11,11,'Ullam qui iste est et molestiae sed porro tenetur.',1,1,'Quis officiis perspiciatis illum non unde sequi qui et. Consectetur molestiae sed totam accusamus aperiam tempore.','delay','2020-12-14 08:25:57','2012-09-02 06:29:02','2014-07-01 17:46:00'),(312,12,12,'Aut sunt et id eveniet.',1,1,'Autem impedit harum voluptatem ut rerum. Minima ullam est et sunt laborum vero. Eum expedita molestiae possimus culpa illum.','arhive','2020-06-07 02:19:50','2012-11-10 02:30:17','2019-06-23 09:19:59'),(313,13,13,'Sapiente itaque neque et doloremque quod.',0,1,'Nisi rerum deleniti quod adipisci aut iure qui. Iste perferendis reprehenderit nostrum consequuntur omnis qui. Dicta quo saepe quo ipsum sit.','current','2020-11-30 18:45:50','2016-10-03 14:06:14','2018-12-22 02:43:43'),(314,14,14,'Quia sed et est blanditiis tempore.',0,0,'Tempore pariatur commodi quia. Libero laboriosam et quisquam soluta sint maxime. Corporis earum enim ut adipisci et est sapiente. Animi quod similique ab qui porro quod occaecati. Nam veniam illo est.','delay','2020-09-16 15:25:27','2016-03-26 01:12:12','2017-07-13 21:51:05'),(315,15,15,'Aut enim consequatur ea libero cum sit nulla.',1,1,'Libero veniam deserunt quibusdam tempore modi. Cupiditate dolorum accusamus esse aut aliquam. Ut aut soluta possimus velit adipisci nihil itaque. Error autem ipsum illum architecto quas non sapiente. Labore consequatur et placeat nostrum error alias accusamus.','current','2020-09-16 03:42:57','2016-03-28 17:46:54','2018-01-17 11:00:18'),(316,16,16,'Asperiores necessitatibus hic quia sapiente sit incidunt fugit quo.',0,0,'Qui et dolorum minima id officia. Quas et expedita doloremque incidunt natus. Quis in non minus aut alias. Voluptatem odit veniam impedit nulla odit.','arhive','2020-08-09 08:02:58','2019-02-17 06:10:50','2014-10-24 15:38:46'),(317,17,17,'Qui qui suscipit harum voluptatibus velit tempora.',1,0,'Porro et suscipit sint earum voluptatem. Veritatis et eius odio qui. Ipsa placeat ex voluptate et sunt asperiores et. Minus quibusdam odit a iste.','current','2020-08-26 10:31:51','2014-09-18 07:13:48','2020-11-21 11:09:02'),(318,18,18,'Qui consequatur molestiae cumque sit et.',0,1,'Qui aperiam dolores saepe dolores. Sapiente laboriosam sit qui expedita ab ad sapiente. Animi ut quia tenetur dolor. Enim expedita quia voluptatem earum. Commodi reprehenderit sit et modi accusamus.','current','2020-10-29 09:31:23','2013-03-03 11:25:26','2019-04-25 12:11:22'),(319,19,19,'Laudantium ut perspiciatis sint nisi consequatur quod.',1,1,'Qui repellat sed doloribus reiciendis ut et. Voluptatum nihil tenetur magni natus. Quae voluptatem et aut nulla voluptas aut voluptatibus sed.','arhive','2020-11-05 20:08:52','2020-03-26 15:53:29','2012-06-12 02:00:34'),(320,20,20,'Dolorum et natus repudiandae porro modi veniam dicta.',1,1,'Quaerat laudantium voluptatem in illo autem in eius. Incidunt quia molestiae omnis consequuntur. Ad ut ratione deserunt molestiae consequatur nesciunt. Autem numquam et quas sit.','delay','2020-09-14 16:56:27','2020-04-25 06:34:22','2012-03-18 02:27:29'),(321,21,1,'Maxime numquam incidunt nostrum voluptatem.',0,1,'Voluptas rerum qui placeat sit. Quibusdam quam iusto a nobis dolorem. Eaque ut et commodi earum consequatur laboriosam. Facilis corporis fugit qui placeat ab ipsa.','arhive','2020-10-09 00:30:53','2019-06-13 06:29:35','2012-03-10 03:50:35'),(322,22,2,'Possimus laboriosam velit expedita nihil fugiat quaerat omnis.',0,1,'Et cum dolorem vitae in est consequuntur non incidunt. Sit sint velit qui officiis. Ex et occaecati soluta in incidunt voluptates. Quod et in et recusandae.','delay','2021-03-09 20:00:01','2012-09-16 17:45:49','2018-08-22 14:24:09'),(323,23,3,'Ut itaque velit quisquam tempora non officia omnis.',0,0,'Sapiente aut tempore recusandae ratione vitae ipsa laborum. Adipisci id est vitae quia illum a nemo. Magni autem est minima autem.','current','2020-09-11 06:53:34','2018-12-15 22:12:49','2016-10-07 21:49:46'),(324,24,4,'Et laboriosam ut reprehenderit et voluptas rerum modi.',0,0,'Laboriosam et atque est dignissimos corrupti. Quam repellat eum est voluptatem corporis consequatur.','arhive','2020-04-14 23:08:48','2020-05-22 09:07:02','2011-10-23 19:26:09'),(325,25,5,'Hic enim assumenda possimus dolores rem aut.',1,0,'Voluptatem repudiandae consequuntur delectus dolores aperiam. Natus eius rerum distinctio illo aut nam earum. Omnis aut consequatur enim ut dolor. Magnam molestiae dolor et voluptatibus quaerat.','delay','2020-06-18 05:37:28','2016-09-24 18:42:11','2019-02-06 03:58:48'),(326,26,6,'Eos nulla veritatis nisi voluptatem tempore et.',1,0,'Illo aperiam sint quibusdam ut ut enim molestiae consequuntur. Qui et nesciunt ad qui eius. Aut ipsum rem qui veniam tempore. Repudiandae laborum maiores animi voluptatibus expedita et.','delay','2020-11-28 16:14:34','2017-03-28 16:53:23','2018-12-30 05:18:13'),(327,27,7,'Est quia consequatur tempore quas.',1,0,'Ea est voluptates enim qui porro nesciunt expedita. Occaecati consequuntur ratione eos nobis a. Laboriosam mollitia quia nam explicabo dolores. Iure est quos accusamus est explicabo corrupti incidunt et.','current','2020-06-18 23:25:36','2013-01-14 05:06:13','2012-06-15 12:45:14'),(328,28,8,'Qui ea consectetur veniam accusantium.',1,0,'Quia possimus accusamus voluptate. Corrupti quisquam qui id voluptatem repellendus. Quibusdam velit numquam velit sunt praesentium.','delay','2020-07-27 02:24:11','2012-04-26 03:49:13','2020-06-05 12:04:09'),(329,29,9,'Esse aperiam aut soluta.',0,1,'Praesentium iusto eum quo qui. Quaerat odit iure quis nihil inventore. Numquam rerum quo aut eius doloremque temporibus iure. Inventore sapiente facere fugit et fuga alias animi suscipit.','arhive','2020-03-30 02:43:21','2019-01-26 21:57:37','2017-11-03 17:45:16'),(330,30,10,'Dolor harum voluptatibus impedit eveniet voluptatem doloremque eaque.',0,0,'Est non ipsa reiciendis voluptate. Reiciendis commodi exercitationem expedita. Ut quis itaque tempora excepturi. Nostrum nam blanditiis rerum totam aut ducimus ut. Earum ducimus omnis eaque rerum.','delay','2020-08-05 09:05:25','2015-02-12 19:43:15','2015-03-24 06:49:57'),(331,31,11,'Autem eum vitae magnam.',1,0,'Laudantium voluptas voluptates dolores. Voluptatem aut velit laborum quibusdam quidem soluta. Qui quia quaerat consequatur perspiciatis quod.','current','2020-11-30 02:39:35','2014-03-25 13:12:43','2017-02-19 05:15:13'),(332,32,12,'Aspernatur impedit aliquid aut velit accusamus.',0,1,'Occaecati qui atque magni sunt. Natus consequuntur dolorem illo et. Voluptatem aut atque enim.','arhive','2020-07-30 03:30:37','2020-01-08 18:31:08','2012-05-18 22:51:22'),(333,33,13,'Doloremque ut iusto vitae expedita.',0,0,'Consequatur optio odio sint. Maxime sint atque accusamus dolore sunt saepe. Est architecto delectus qui aperiam praesentium. Asperiores tenetur voluptas beatae rerum impedit aut voluptas veritatis. Sequi aut deleniti iure accusantium.','current','2020-07-18 13:45:54','2013-04-28 14:21:43','2018-01-12 21:13:12'),(334,34,14,'Quos neque voluptate reiciendis enim recusandae est tempore expedita.',0,0,'Accusamus ratione vitae ut inventore sequi et. Quas suscipit est minima enim quo error officiis non. Et corrupti reprehenderit aut repudiandae ipsum. Qui accusamus sint ea velit aliquam sit.','delay','2020-10-08 19:47:10','2015-07-01 11:42:57','2014-03-19 02:47:15'),(335,35,15,'Aut esse dolorem vitae.',1,0,'Debitis et et sit eligendi nulla culpa consectetur. Aut enim rerum nihil alias repellendus. Est distinctio tempore assumenda est veniam. Et autem aut id consequuntur consequatur in laudantium beatae.','current','2020-12-28 00:33:56','2012-12-18 22:58:03','2017-02-01 06:01:21'),(336,36,16,'Omnis temporibus et et architecto rerum.',1,1,'Voluptas adipisci nulla possimus dignissimos reiciendis iusto. Ex autem voluptas quam incidunt. Itaque dolore illum dolores doloribus doloremque quia quia.','delay','2020-11-17 17:11:40','2016-07-19 16:55:54','2018-08-25 16:26:31'),(337,37,17,'Qui itaque sit sit aut.',0,0,'Modi a ea voluptatem ea voluptatibus reprehenderit quaerat. Ipsam fugiat omnis velit voluptatibus accusantium quia nihil. Quibusdam debitis rerum aliquam nemo error tempora.','arhive','2020-10-13 20:13:36','2014-11-25 12:22:36','2018-07-16 18:19:28'),(338,38,18,'Suscipit aspernatur sit asperiores suscipit molestiae incidunt consequatur.',1,0,'Cum ex doloremque aut. Rerum a laborum ea tempore.','current','2020-08-19 01:29:13','2017-09-23 13:11:05','2018-11-14 12:04:04'),(339,39,19,'Ad nesciunt dolor saepe recusandae id vel.',0,1,'Quis quis aspernatur quas consequatur dolorem. Illo eligendi molestiae quis explicabo occaecati rerum. Quis sequi unde unde nobis delectus. Autem et inventore eligendi esse a enim. Libero quod sint repellat saepe saepe.','current','2021-01-08 10:05:11','2015-04-14 08:50:22','2013-07-25 20:06:27'),(340,40,20,'Qui culpa dolor magni consectetur non.',0,0,'Dolores vero in voluptas optio. Illum illo aut qui quasi nostrum ullam rerum. Culpa sed voluptas officia inventore.','arhive','2021-03-03 09:16:28','2013-01-30 04:25:51','2014-02-06 01:41:02'),(341,41,1,'Perferendis iure odio in eos quibusdam.',1,1,'Qui nihil quos sequi id. Fugiat quaerat voluptatibus quis omnis ut cumque quidem. Expedita ut iste quis ipsam nemo quia.','delay','2020-05-06 11:30:12','2021-01-27 03:05:57','2015-09-01 11:56:12'),(342,42,2,'Doloremque optio optio ratione expedita minus dolor.',1,0,'Ut rerum inventore eveniet illo voluptatem. Fugit expedita nisi officiis odio unde. Laborum libero eaque quaerat veniam eum.','delay','2020-05-01 12:50:13','2015-11-10 04:21:12','2013-07-29 21:45:14'),(343,43,3,'Ut itaque ut deleniti laudantium facere rem nihil.',0,0,'Et repellendus in quos excepturi neque recusandae. Aut sapiente sunt voluptas earum rerum. Ex nihil labore distinctio tempora veritatis temporibus ipsam. Provident et quisquam nulla et.','arhive','2021-01-19 10:51:28','2018-12-28 02:29:51','2012-11-29 01:32:09'),(344,44,4,'Perspiciatis facilis aut voluptatem.',1,0,'Et maiores dolores officia sed enim non aperiam. Facere tempora ex corrupti facere. Molestiae maxime ut ex exercitationem facilis. Sunt ducimus assumenda excepturi nulla quia aut dolores.','arhive','2020-06-09 20:39:30','2015-08-10 15:55:47','2011-09-02 14:49:06'),(345,45,5,'Quaerat at est vitae ad similique a officiis quis.',1,0,'Quo enim possimus explicabo et. Quis qui voluptates omnis accusantium.','delay','2021-02-16 07:33:21','2016-09-12 01:50:46','2014-08-21 02:35:11'),(346,46,6,'Facere repellat odio doloribus.',0,1,'Doloribus nostrum omnis exercitationem optio aut laboriosam. Officiis sunt sunt debitis atque sed ea ex atque.','arhive','2020-03-16 14:38:58','2015-09-03 10:39:32','2015-02-19 00:17:36'),(347,47,7,'Asperiores dolorem distinctio rem quo error.',0,0,'Enim nostrum ut accusamus voluptas. Qui dolore quo error est quibusdam. Eveniet voluptatum commodi et voluptas nostrum deleniti.','current','2021-02-07 23:54:51','2017-03-02 13:47:58','2011-08-01 15:21:10'),(348,48,8,'Perspiciatis nobis quia sit quisquam aut.',0,0,'Esse sed ut qui in. Molestiae nulla aut explicabo provident at vel quod nihil. Totam sint consequatur id placeat nulla culpa corrupti. Repellendus sit deserunt ipsa nulla voluptatum. Voluptate aut voluptas explicabo magnam.','current','2020-06-17 14:18:18','2019-05-23 14:18:57','2011-03-27 14:24:14'),(349,49,9,'Aspernatur fuga voluptatibus expedita consequatur ad perspiciatis.',0,0,'Molestias dolor et delectus culpa eum eius. Vel voluptas quam et alias nesciunt. Et ut consequatur alias ut optio aut incidunt consectetur. Possimus veniam aut consequatur quo ducimus excepturi.','arhive','2020-07-04 08:55:56','2014-02-14 00:39:20','2012-05-18 23:50:42'),(350,50,10,'Totam ut ut consequatur.',0,1,'Voluptatem delectus maxime dicta beatae. Deserunt suscipit eos aut quis eum. Quibusdam fuga ducimus voluptates. Quisquam asperiores eveniet quisquam.','delay','2020-12-27 23:41:59','2017-05-26 14:32:15','2020-10-06 02:17:36'),(351,51,11,'Ipsam in rem molestiae qui consequatur.',1,1,'Et illo quos voluptas ad aut quisquam optio aut. Magnam nihil consequatur vero a cumque veritatis. Est vero voluptatibus expedita iure adipisci quam non. Consectetur a sed inventore consequatur voluptatum.','delay','2021-03-08 07:25:27','2016-01-29 22:29:24','2016-07-26 17:16:11'),(352,52,12,'Et consequatur quod animi ducimus.',1,0,'Sed soluta non voluptatibus eos placeat blanditiis. Consequatur inventore magnam libero similique minus quis est. Id et ipsa et cum velit ut. Autem laborum et quisquam asperiores fugiat.','current','2020-07-20 00:19:26','2011-04-21 18:42:38','2013-03-08 17:00:11'),(353,53,13,'Hic quae nisi aut praesentium ea qui.',1,1,'Ut ad et quis porro officia facere. Ut nihil consequatur nemo eligendi. Inventore tempore qui quae molestiae sint.','delay','2021-02-13 12:36:38','2015-08-08 19:49:49','2014-08-22 08:12:35'),(354,54,14,'Suscipit qui veritatis tempore est id ex.',0,0,'Ipsum et fugiat sint dicta labore. Deserunt ut occaecati sunt. Commodi labore soluta deserunt ipsum illo non cupiditate itaque. Architecto consequatur quis doloremque ut nesciunt tempora consequatur.','delay','2020-11-17 15:39:23','2014-10-19 13:32:40','2011-10-29 21:09:47'),(355,55,15,'Eius saepe quod in ullam sunt rerum exercitationem asperiores.',1,1,'Eos quibusdam fuga aut consequatur. Modi commodi autem omnis recusandae. Fuga aut qui nam in qui aut asperiores.','arhive','2020-11-03 16:36:05','2014-05-20 15:08:16','2017-08-14 23:30:14'),(356,56,16,'Necessitatibus magnam accusantium tempore consequuntur omnis est.',0,1,'Sequi quia officiis et dolorem odio commodi. Sint at voluptatem accusantium blanditiis. Cumque quas repellat iste ipsum. Architecto ut sunt vero facilis molestiae quisquam aspernatur.','arhive','2020-08-18 05:42:49','2019-03-21 18:18:15','2018-10-16 23:57:53'),(357,57,17,'Unde hic aliquam illum quas ad tempora consequatur.',0,1,'Quia id dolorum fuga quasi. Architecto voluptas molestias debitis debitis. Voluptatem vel pariatur maxime temporibus quo sint.','delay','2021-01-30 09:50:53','2017-05-23 07:45:47','2016-04-08 17:24:32'),(358,58,18,'Sint eligendi eos cum.',1,1,'Voluptate non et eos quam recusandae. Atque distinctio debitis praesentium dolorem. Distinctio rerum tenetur itaque.','arhive','2021-02-27 09:41:53','2012-08-10 11:58:36','2015-12-10 21:37:15'),(359,59,19,'Et enim quae ab non cum aliquam ipsa.',0,0,'Quia excepturi numquam officia et molestias rerum est ratione. Non distinctio laudantium quod quo adipisci dolor.','arhive','2020-12-22 04:48:30','2014-07-03 05:14:40','2018-03-25 22:53:49'),(360,60,20,'Et rerum quia esse et.',1,0,'Sint quidem praesentium est doloremque illo et et. Qui nemo dicta deleniti eum corporis. Omnis molestiae animi dolorem non voluptatem et voluptatem accusamus. Ut eveniet animi ducimus ea sit.','current','2020-07-22 23:46:43','2018-04-27 00:56:51','2015-11-12 23:34:17'),(361,61,1,'Mollitia enim quod illum non.',1,0,'Ex iste explicabo consequatur id sed. Id ea aut dolor. Dolores omnis occaecati sit.','delay','2020-05-21 16:34:13','2013-06-09 04:27:59','2020-08-31 16:25:59'),(362,62,2,'Consequuntur quidem eos veniam dolorum quae.',1,0,'Possimus similique nobis voluptate molestiae quia sunt aut. Et similique ut accusamus ea laudantium. Occaecati mollitia dolorum facilis quo quis. Dolores fuga facilis cupiditate quia consequatur sit.','delay','2020-10-26 22:44:27','2011-06-20 09:41:26','2015-10-15 01:34:04'),(363,63,3,'Perspiciatis molestiae esse modi asperiores cum nemo earum.',1,0,'Sed nesciunt officia sed eos. Et autem minima in magni. Deserunt dolorem quod deleniti aut itaque laboriosam. Aut beatae tenetur occaecati ut a doloremque.','delay','2020-09-28 03:50:59','2012-08-11 18:14:15','2017-02-05 23:32:11'),(364,64,4,'Ratione tempora ut necessitatibus consectetur.',0,1,'Aut sunt quod earum voluptas asperiores. Sapiente autem totam molestiae minima. Vel voluptatibus architecto fugiat sint dicta provident et.','delay','2020-03-19 07:49:40','2011-09-03 13:10:26','2017-03-27 19:11:23'),(365,65,5,'Odit accusantium consequatur et quia.',1,1,'Et qui soluta nemo dicta. Vero adipisci animi rerum omnis aliquam. Similique quis iste quam nam sit consequatur aut.','current','2020-08-11 21:57:24','2011-09-23 17:02:33','2018-10-29 16:15:27'),(366,66,6,'Quidem similique rerum est repellat minus beatae.',1,0,'Qui sit vero ut voluptatum. Et exercitationem tempore ut quae. Fugiat hic voluptatem architecto illo doloribus. Eius nostrum impedit rerum ipsam porro beatae.','delay','2021-02-11 09:30:43','2013-05-24 13:20:52','2012-06-28 04:36:09'),(367,67,7,'In vero iusto doloribus soluta id reiciendis.',0,0,'Natus sapiente laborum maiores repellat et mollitia est. Saepe odio optio voluptatum dolorum voluptatem dolore ea incidunt. Delectus itaque est natus error. Eaque minima doloremque eos placeat corporis qui ea.','delay','2020-05-30 19:02:30','2021-02-04 16:28:21','2011-05-21 03:49:28'),(368,68,8,'Totam qui perspiciatis accusantium non architecto.',0,1,'Maiores aperiam quidem repudiandae id illo et iusto. Sit ratione et commodi sequi. Et qui aut rem sed voluptatem. Eos at quas non ullam aut.','current','2020-08-15 19:34:42','2012-03-23 05:21:54','2014-04-05 13:38:11'),(369,69,9,'Ducimus consectetur et minus et itaque.',1,0,'Excepturi et et sequi alias dolor ea. Hic iure aperiam ex ad officiis qui. Vero aliquam error et voluptate aut aperiam.','current','2020-09-22 10:39:03','2020-11-08 17:01:17','2019-06-18 17:19:10'),(370,70,10,'Reprehenderit dignissimos qui nostrum consequuntur.',1,1,'Sunt vero mollitia ut. Qui commodi assumenda facere non in est. At est quidem ad quo ullam nemo. Corporis voluptas odit atque ea aliquam nulla dolorem.','delay','2020-04-22 01:00:12','2018-08-13 20:40:05','2018-05-29 14:15:54'),(371,71,11,'Libero unde doloribus autem.',0,1,'Eos deserunt error incidunt qui occaecati. Qui a soluta sed omnis quis illum adipisci. Est natus in voluptas officia iste veritatis aspernatur. Libero corporis id sit vitae.','current','2020-09-08 18:30:08','2020-07-25 02:19:51','2020-03-20 07:15:55'),(372,72,12,'Enim adipisci sunt dolorum consectetur.',1,0,'Minima eum possimus voluptatem perferendis explicabo aspernatur sed ea. Eos nostrum eos non est voluptatem. Delectus veniam enim deleniti qui quis. Similique provident sunt earum fugiat corrupti libero modi.','delay','2020-12-18 07:24:20','2018-01-16 00:38:24','2017-03-15 22:57:40'),(373,73,13,'Ex aut alias enim sequi.',0,0,'Est ducimus et repellendus aliquam dolorum. Odio porro maiores vel vitae consequatur. Eum pariatur aut nihil qui aut nesciunt amet. Hic similique dolores dolor quod omnis veritatis.','current','2020-04-18 08:12:18','2019-05-18 08:16:17','2016-10-20 18:04:25'),(374,74,14,'Tempora fugiat at sint optio.',0,0,'Dolorum blanditiis nesciunt voluptatem aliquid voluptatibus doloribus dicta. Dolore ipsa ratione quaerat sed itaque qui. Consectetur consequatur magnam vel maxime accusantium a. Corporis qui consequatur quis magni ut debitis sunt fugiat.','arhive','2020-12-07 17:23:46','2015-08-03 23:35:35','2016-01-21 13:23:40'),(375,75,15,'Laborum in porro aspernatur qui amet doloribus in.',0,0,'Impedit consequuntur molestiae non ut et veniam est. Animi at dolore mollitia earum temporibus aut exercitationem. Quasi sed omnis qui et corrupti deleniti dolore consequatur. Saepe optio est quia vitae maiores nobis. Sint dolorum id incidunt error nostrum quisquam aut.','arhive','2020-04-16 07:52:10','2020-07-25 07:24:42','2015-02-26 03:13:35'),(376,76,16,'Aut ut ducimus ipsum sit aliquid.',0,1,'Veniam dolore ea autem quod ut. Tempora dolorem qui non qui aut. Occaecati voluptatem praesentium rem voluptatum sapiente architecto. Ut et sit repudiandae ab pariatur magnam suscipit.','current','2020-11-11 11:16:34','2016-08-31 00:05:38','2013-01-06 02:33:18'),(377,77,17,'Qui nemo consectetur quis maxime aut molestiae.',1,0,'Et cum ut explicabo tempora similique voluptatem distinctio. Quia doloremque id voluptatum neque totam molestias cupiditate. Aperiam earum ut consequuntur quam nihil voluptatem. Voluptatem tempora doloribus quia nam magni nulla. Aut deleniti laudantium consectetur voluptate magnam accusantium optio libero.','arhive','2020-08-17 18:44:51','2017-09-11 13:05:36','2019-10-23 01:26:52'),(378,78,18,'Esse illo nihil eum.',1,0,'Quibusdam aperiam ut praesentium non libero et consectetur. Eum eum tempore officiis magni non. Explicabo cum eveniet consequatur optio velit aut.','current','2020-05-29 23:06:01','2017-01-08 11:13:07','2015-07-09 11:26:54'),(379,79,19,'Maxime sint doloribus rem maxime laudantium officia.',0,0,'Voluptas quo sit dolorum explicabo ut odit vel. Ut est aspernatur et eligendi quibusdam accusantium. Reprehenderit magni sapiente eligendi sequi. Nostrum inventore quia est dolore iure.','delay','2021-02-28 20:17:26','2015-05-13 16:56:38','2018-08-18 17:55:06'),(380,80,20,'Ea voluptatem illum alias quas.',0,1,'Quos et repellat eum esse quibusdam aperiam eveniet. Et consequatur accusantium et sit aut consequatur quaerat qui. Corrupti similique nam corporis commodi ab vel aspernatur. Consequatur veniam ipsam omnis vero voluptatum. Quod libero explicabo dolorem quos eum.','current','2020-07-05 10:56:08','2011-09-13 04:49:18','2016-03-07 23:58:09'),(381,81,1,'Quaerat at consequatur in.',1,1,'Eligendi et explicabo nobis quisquam quia. Earum cupiditate porro unde illo iusto quas ex. Accusamus provident et quas nihil et iusto.','delay','2020-09-20 16:12:53','2011-08-31 16:08:21','2018-02-24 02:26:37'),(382,82,2,'Qui quia commodi et ipsam ad incidunt dolor.',0,0,'Vel placeat quod voluptatem rem ipsam soluta nostrum. Pariatur eaque facilis magnam sint repellendus quae.','arhive','2020-11-09 23:59:57','2015-11-17 23:57:50','2016-01-06 06:26:10'),(383,83,3,'Aut facilis aut mollitia qui vel doloribus facere.',0,1,'Ipsa quos laudantium ipsa nobis atque perferendis enim. Soluta deserunt molestias sit ullam porro nobis. Sit odit quia ut culpa consequuntur harum qui. Occaecati dolores quas fugiat quam. Aut qui eos totam quibusdam id doloremque voluptates.','arhive','2020-07-05 21:41:15','2015-08-26 00:37:18','2011-08-30 17:38:07'),(384,84,4,'Qui vitae dicta qui suscipit eius.',1,0,'Consectetur ab illo ut nihil. Reiciendis iusto qui asperiores tenetur. Fugit ut hic ut ut odio enim architecto. Voluptatum ut sed modi est.','arhive','2020-07-01 08:49:24','2012-12-02 05:21:30','2013-09-29 11:46:30'),(385,85,5,'Officiis qui labore quod vel exercitationem.',1,0,'Quam quam fugiat cumque repellat sit sint. Et in ullam recusandae quis non natus. Eius sequi vel id enim quia tempore aliquid facilis. Sed est autem et qui.','delay','2020-08-16 05:12:56','2014-05-25 02:00:30','2018-10-03 22:57:10'),(386,86,6,'Eius pariatur et dolorum sit soluta assumenda et.',1,1,'Consequatur doloremque autem ut libero minus architecto. Quia aliquid soluta doloribus quos consequatur optio. Eum nihil ut deleniti nihil.','current','2020-08-19 14:28:48','2011-10-26 23:42:53','2014-07-22 10:54:03'),(387,87,7,'Magnam maiores debitis autem quibusdam quia.',1,0,'Blanditiis enim et quia consequuntur deserunt voluptas eveniet aut. In et cumque quo nihil non qui qui. Atque facere totam aut aliquid doloribus. Quo ipsam sunt cupiditate quia optio aut voluptas.','current','2020-10-15 08:14:54','2020-12-15 14:44:03','2011-11-21 12:11:52'),(388,88,8,'Porro cumque inventore eligendi est deserunt consequatur incidunt.',1,1,'Sequi quidem similique temporibus eum et saepe et eaque. Officiis a tempore in est aperiam. Molestias omnis dolor quas dolorum. Dolorum consequatur voluptatum tenetur et dolorem velit.','delay','2020-03-27 11:06:18','2013-10-05 06:53:33','2015-05-23 14:52:01'),(389,89,9,'Totam est voluptatum ipsa.',1,1,'Modi repudiandae saepe et sunt eum. Sapiente magnam vel in ut. Laboriosam qui repudiandae consectetur earum velit cum maxime. Impedit fugiat autem quae quia impedit aut similique dolorem.','current','2020-05-18 10:34:29','2016-09-12 04:50:05','2015-10-12 22:26:13'),(390,90,10,'Laboriosam incidunt harum culpa rerum error neque necessitatibus.',0,0,'Laborum incidunt qui commodi voluptatibus. Placeat reiciendis odit expedita voluptas. Placeat itaque aut fugit quos. Explicabo iusto modi quia at maiores.','delay','2021-02-16 22:37:49','2017-06-18 10:44:14','2012-01-31 22:25:11'),(391,91,11,'Sint deserunt enim explicabo iure in similique voluptatem.',1,0,'Dolores fuga consequatur est sint. Eveniet quos eos magni. Maiores atque cupiditate omnis in rem.','arhive','2020-09-30 19:17:22','2015-12-19 17:59:01','2016-12-29 13:52:35'),(392,92,12,'Totam voluptatem dolorem voluptas dignissimos rerum.',1,1,'Officia aliquid deserunt nulla voluptatem sed ut et. Rerum perferendis est voluptatem ad illum tempore ea. Autem minima nam quia soluta amet impedit ea. Perspiciatis incidunt quibusdam dolorem voluptas.','arhive','2020-10-08 22:45:16','2018-02-19 02:51:16','2014-01-25 22:41:58'),(393,93,13,'Soluta facilis omnis ex est.',1,0,'Aut quasi corrupti incidunt ipsam tempora. Error qui consequuntur atque quasi. Saepe dolorum repellendus soluta sequi aut assumenda dolor. Nihil accusamus reprehenderit porro dolor.','current','2020-10-06 10:36:22','2012-02-23 20:31:09','2012-12-07 11:13:16'),(394,94,14,'Quis et sapiente ipsam quo.',0,1,'Omnis enim accusamus optio mollitia modi distinctio. Odio sed vel quibusdam itaque. Doloribus quam aut ullam asperiores nostrum voluptatibus ea. Nemo id accusantium aut. Et reiciendis voluptas qui quos rem pariatur maxime.','delay','2020-09-27 16:12:26','2020-08-17 18:08:00','2016-06-08 16:33:40'),(395,95,15,'Nulla est quis soluta voluptates inventore accusamus.',0,1,'Eos illo dolores ut ut necessitatibus corporis adipisci. Id voluptatem odit atque autem. Provident perspiciatis commodi optio velit. Explicabo sed sed inventore tempore omnis aut distinctio ad. Occaecati quia voluptatem praesentium provident autem.','delay','2020-12-27 02:08:15','2014-12-31 16:51:08','2012-02-28 09:27:24'),(396,96,16,'Sit quia ab quia nihil harum voluptatem omnis ut.',0,1,'Labore dolores velit labore reprehenderit repellat inventore. Qui dolorem ipsum qui corrupti assumenda ut. Doloribus tempora qui impedit ut veniam. Expedita ex suscipit numquam suscipit.','delay','2020-06-14 18:10:24','2013-09-12 06:33:10','2012-10-20 02:32:59'),(397,97,17,'Modi voluptatem dignissimos labore ut totam et nihil aut.',0,0,'Rem dolor est quae consectetur tempore. Libero suscipit cupiditate iure ut laborum. Voluptate quia excepturi qui eligendi sit autem eaque quod. Aliquam alias nihil est est est nulla in dolorum.','current','2020-08-20 22:26:52','2012-06-03 00:50:54','2012-04-06 05:11:07'),(398,98,18,'Dolores ducimus fugiat ipsa voluptas.',1,0,'Veritatis ullam velit aliquid qui. Voluptates omnis minus nostrum. Expedita eos commodi qui suscipit qui.','current','2020-10-02 00:40:03','2016-02-17 00:41:47','2017-01-28 19:27:36'),(399,99,19,'Accusantium id reprehenderit natus dolores eos nihil.',0,0,'Sed doloremque aut accusantium. Sed adipisci nihil quibusdam quas dolor neque iusto. Vero laboriosam necessitatibus blanditiis soluta voluptatem quos. Sunt et saepe dolore iure aliquam eos a.','arhive','2020-04-01 06:33:11','2016-08-31 04:16:05','2015-06-03 10:51:32'),(400,100,20,'Laboriosam consequuntur aut suscipit dolores.',1,1,'Ea qui amet sequi et et neque deleniti porro. Labore aspernatur id perspiciatis repellat accusamus voluptates ipsum. Corrupti dolor beatae vitae quia consequuntur.','delay','2020-04-29 01:44:29','2012-04-01 05:20:15','2012-10-15 22:21:05'),(401,1,1,'Aspernatur excepturi doloremque expedita delectus cumque omnis est veniam.',1,0,'Distinctio consequatur reiciendis doloremque in. Quasi enim fuga modi sit commodi cum esse. Voluptates id eveniet et qui rerum. Ut odit est qui nostrum excepturi.','arhive','2020-12-10 12:32:37','2012-08-02 22:05:47','2018-12-02 01:41:59'),(402,2,2,'Unde sed iusto voluptas sit.',0,0,'Voluptatem nesciunt non et laudantium autem id expedita omnis. Deserunt nihil accusantium veritatis voluptatem et dolore aspernatur. Quibusdam est qui deserunt maxime quia et.','delay','2020-08-20 12:25:13','2018-07-28 10:42:41','2014-08-31 16:32:22'),(403,3,3,'Autem facere aut quis eum quia qui.',0,0,'Cumque ea laboriosam possimus dignissimos sint inventore unde voluptate. Ipsa nihil fugiat qui et rem. Consequatur dolores dolor aut sapiente dolor. Quam qui voluptates et voluptate nisi qui molestiae officiis.','arhive','2020-03-24 10:01:31','2011-09-18 21:12:11','2016-11-16 03:13:59'),(404,4,4,'At distinctio voluptas accusamus omnis voluptatem debitis.',1,0,'Quae nulla dolorem velit nisi voluptatem voluptatem voluptates vel. Non repudiandae dolor atque ut. Dolores corporis dolorem et quidem consequuntur optio. Voluptas et reprehenderit ea.','current','2020-03-18 11:25:14','2013-02-16 03:30:26','2016-12-10 15:59:42'),(405,5,5,'Non unde velit qui numquam vel aut asperiores.',1,1,'Quis nobis voluptatem deserunt. Nobis repellendus aut ipsam magni ratione. Qui quidem voluptatem architecto ut.','arhive','2021-03-09 21:04:52','2013-05-14 23:58:24','2017-12-31 14:31:47'),(406,6,6,'Qui distinctio similique odio corporis.',0,0,'Omnis nostrum in architecto eligendi praesentium molestias dolor est. Reprehenderit est est temporibus ducimus. Asperiores autem magni delectus est enim corrupti.','delay','2020-12-28 02:45:08','2013-06-05 10:54:37','2015-11-19 12:13:25'),(407,7,7,'Natus impedit voluptatibus ut atque qui et fugit.',1,0,'Voluptas quo autem debitis corporis quod veniam eius. Quaerat blanditiis aut omnis provident.','arhive','2020-04-30 12:48:52','2019-01-12 14:17:08','2011-09-01 05:43:35'),(408,8,8,'Est in officiis rem recusandae veniam est.',0,0,'Laudantium omnis cum repudiandae itaque dolorem consequatur dolor. Nostrum voluptatibus nemo quia inventore rem quibusdam quo. Fugit accusantium ut quisquam consequatur voluptatem sint libero. Sunt quia non nostrum vero. Suscipit qui reprehenderit quia voluptas ipsa cum.','current','2020-09-12 01:52:43','2011-07-07 17:27:39','2018-04-27 05:54:06'),(409,9,9,'Non sed et nemo quia sunt deleniti possimus sapiente.',0,1,'Error ea a aut molestiae eum consequuntur omnis. Accusantium aliquid deserunt ut sit. Quidem ea voluptas et rerum unde nulla. Unde possimus ea enim voluptatem.','current','2020-10-17 05:21:25','2013-05-18 05:37:38','2013-01-15 15:45:51'),(410,10,10,'Veniam adipisci sit eos sunt.',1,1,'Neque dicta velit sit tempora eligendi perspiciatis porro. Repudiandae porro possimus officiis. Qui quos perspiciatis non blanditiis ut. Omnis laudantium eos praesentium in et suscipit molestias et.','delay','2020-06-09 04:38:06','2020-01-22 20:06:10','2019-12-10 06:42:30'),(411,11,11,'At enim blanditiis eum aliquam aut quibusdam ipsa consequatur.',0,0,'Est harum et voluptatum. Nisi voluptates reiciendis velit ea excepturi. Iusto fuga pariatur eveniet culpa voluptas explicabo expedita magni. Et dolores vero in dolorum vero et voluptatem. Veniam recusandae voluptatum et id est.','delay','2020-09-26 18:23:35','2011-09-20 15:42:12','2014-06-26 08:52:04'),(412,12,12,'Quisquam ut earum ad officia perferendis.',0,0,'Quidem deleniti omnis cupiditate quis accusantium eligendi pariatur. Hic quia voluptas modi fuga iste eum blanditiis nobis.','arhive','2020-09-19 16:44:41','2018-03-23 00:28:42','2018-09-02 15:23:14'),(413,13,13,'Est ab in at aperiam animi.',0,1,'Magnam perspiciatis consequuntur incidunt. Autem ut unde omnis officia. Incidunt doloribus aut neque alias. Autem cupiditate consequatur deserunt similique dicta.','arhive','2020-09-17 17:16:31','2015-01-24 02:05:41','2018-07-22 15:03:56'),(414,14,14,'Laborum quidem modi expedita maxime.',1,1,'Labore aut illo totam quo. Provident atque sunt esse ea aliquid et qui. Tempore dolorum perspiciatis deleniti quia et.','delay','2021-01-18 12:24:50','2014-02-13 15:14:59','2012-06-06 18:37:32'),(415,15,15,'Perspiciatis ratione deserunt qui expedita quibusdam ad deleniti.',0,0,'Sit autem velit eaque. Eum laboriosam ea debitis aut. Illo itaque ut facilis perferendis inventore sed.','delay','2020-07-24 07:03:31','2012-11-17 10:02:20','2013-11-16 08:02:55'),(416,16,16,'Non corrupti incidunt repellendus tempore iure.',0,0,'Laboriosam doloribus illum nulla quis nihil. Sed iste sed quas harum voluptatibus et. Sit ea amet dolorem dolorem est. Praesentium omnis laborum ut dolor dolore qui nihil.','delay','2020-06-10 13:47:35','2019-04-13 13:51:25','2015-08-20 09:52:05'),(417,17,17,'Consequatur et sunt cumque illo aut omnis.',0,0,'Ea corporis minima nihil. Occaecati quia placeat commodi et. Aut expedita consectetur non mollitia sed doloribus sed dolor. Itaque rerum quia est id voluptas eligendi eius et.','arhive','2020-08-15 08:05:34','2013-04-12 18:31:35','2012-02-20 07:44:47'),(418,18,18,'Facilis officiis voluptatem temporibus enim optio odit sed.',0,1,'Quia eveniet et natus sunt quidem adipisci. Eum ipsam est perspiciatis natus mollitia quibusdam culpa corrupti. Molestias veniam molestiae sed explicabo natus. Maxime dolorum eius et qui reiciendis.','arhive','2020-04-24 10:21:23','2016-03-23 01:13:34','2014-12-07 00:22:09'),(419,19,19,'Quas voluptatibus nihil quo similique sapiente ipsam.',0,1,'Facere iusto at in exercitationem autem modi earum facilis. Reiciendis itaque ut reiciendis vero ut. Non esse et sed debitis qui voluptas quam.','arhive','2021-03-12 03:54:02','2015-10-18 00:23:45','2016-11-19 15:13:35'),(420,20,20,'Sequi dolores saepe maiores provident ad ut.',0,0,'Est culpa laborum velit minima optio. Voluptas rem dolorem ipsum. Eveniet alias accusantium rerum earum nisi. Pariatur veniam reiciendis ratione. Cupiditate similique tempora ea dolor porro facere.','arhive','2021-03-03 16:32:30','2020-02-01 12:27:47','2018-08-22 13:14:29'),(421,21,1,'Eligendi dolorem vel adipisci est ex dignissimos.',0,0,'Non qui ut laboriosam possimus ut omnis consectetur praesentium. Qui ipsam amet ut nam dolores vel assumenda. Aut earum quibusdam odit debitis ratione.','delay','2021-01-16 09:06:14','2018-06-03 15:04:13','2017-06-26 21:22:11'),(422,22,2,'Et dolores quibusdam voluptatum qui.',1,1,'Doloribus sunt tempore voluptas possimus quos quis tempora blanditiis. Voluptas est dolore ea deleniti. Expedita et eos totam ipsa.','current','2020-05-16 11:29:49','2018-08-18 04:33:37','2011-09-12 23:23:02'),(423,23,3,'Repellat unde voluptas reprehenderit odit sed excepturi commodi.',0,1,'Voluptas hic officia quia quia et atque. Numquam nulla enim esse sed eos. Non error minus ea similique sed maiores iusto. Corporis illum ut ea quo.','arhive','2020-07-17 04:51:58','2018-11-24 05:57:36','2012-10-17 14:50:11'),(424,24,4,'Distinctio voluptatibus qui ut vero sunt impedit dolores.',1,1,'Porro deleniti non facilis nobis. Rerum occaecati voluptatum saepe qui ducimus est. Explicabo a autem dignissimos distinctio doloribus id. Beatae ut quae et sapiente minus velit.','current','2020-07-17 09:21:09','2021-01-13 07:04:55','2020-03-18 06:05:37'),(425,25,5,'Ipsa dolores aliquam laborum assumenda exercitationem aut.',1,0,'Voluptas delectus cum accusantium dolores et quo in minima. Voluptas quidem eveniet asperiores qui. Voluptatum eveniet ea odit dolorem corrupti rerum.','current','2020-10-01 13:19:34','2017-07-13 12:27:35','2019-12-26 12:02:01'),(426,26,6,'Quae quia et voluptatem accusantium error atque.',0,1,'Consequatur minima ut labore culpa nisi modi quibusdam. Rerum voluptates ut quia repellat atque illum suscipit sint. Autem et neque enim dolor autem.','current','2021-01-31 02:28:52','2015-06-22 14:09:14','2019-03-07 05:45:12'),(427,27,7,'Reiciendis aut nam est velit.',1,1,'Et voluptas in laborum quis et totam et. Ex repellat aperiam voluptas harum blanditiis animi. Sint dolorem repudiandae natus explicabo ad omnis quis. Tempora id placeat dolorum voluptates itaque voluptatem autem.','current','2021-02-14 02:41:38','2020-10-25 07:11:28','2019-01-20 11:30:55'),(428,28,8,'Neque temporibus quo aut non quidem provident non.',1,1,'Eveniet omnis consequuntur consequatur dolore ea eius. Autem cupiditate ea architecto quos perferendis. Quae esse nemo sit omnis vel rerum.','current','2021-03-06 12:24:27','2015-08-21 00:49:25','2014-09-24 14:04:07'),(429,29,9,'Est sapiente officia numquam suscipit eligendi ipsam.',1,1,'Voluptatem quam molestiae explicabo optio ex. Provident ipsum in et ipsam excepturi. Molestiae harum voluptatum ratione voluptatem.','arhive','2020-11-30 15:41:31','2012-10-19 02:48:48','2020-09-27 15:19:04'),(430,30,10,'Fugiat officiis fugiat et libero sit voluptatem est.',0,1,'Unde qui labore unde quasi enim. Omnis quia culpa totam ut ut iure nihil. Nostrum illum velit quia necessitatibus ducimus est. Cupiditate ea vel possimus similique.','current','2021-01-24 17:46:04','2013-06-24 11:12:44','2018-02-20 15:13:25'),(431,31,11,'Iure rerum eum labore.',0,1,'Omnis ut aut deserunt nobis eligendi enim enim nulla. Maiores quibusdam corporis et accusantium et fugit non. Blanditiis aliquid qui adipisci sit est.','arhive','2020-09-06 11:55:19','2014-08-01 17:57:34','2015-02-15 13:09:06'),(432,32,12,'Suscipit optio dolorem atque aut id ipsa et.',0,0,'Quos occaecati magnam ut ea. Molestiae inventore quia qui. Voluptatum qui qui aut eveniet quo dolorem.','current','2021-01-26 17:39:54','2011-09-25 07:22:53','2017-08-27 16:22:40'),(433,33,13,'Expedita qui et ut aut.',0,1,'Sit modi ut nostrum voluptas dolor nisi ea. Vel at laborum aut facilis delectus adipisci id.','arhive','2021-03-07 20:19:52','2017-12-26 07:41:47','2019-11-18 07:42:36'),(434,34,14,'Cum recusandae dolores fugit odit.',0,1,'Temporibus repellendus tempora voluptatum dicta voluptas neque odio corporis. Placeat nihil sint qui exercitationem. Autem quaerat qui enim natus. Maxime explicabo repellendus incidunt corrupti est omnis.','delay','2020-08-06 02:04:39','2012-10-06 12:09:28','2012-05-31 06:08:17'),(435,35,15,'Unde velit error impedit animi beatae minus provident perspiciatis.',1,1,'Nulla ut saepe vero omnis dicta. Ut iure optio officia aut omnis eius. Commodi aut rerum aut aut porro debitis a quidem. Magni et magni aut distinctio autem quis.','current','2020-11-29 14:48:21','2017-10-21 22:35:32','2014-11-23 17:39:00'),(436,36,16,'Sint nesciunt iusto fugiat veritatis.',1,0,'Vero neque voluptatem neque placeat. Et consequuntur eveniet consequatur quam. Non et consectetur veniam et omnis dignissimos alias.','current','2020-08-14 15:07:20','2014-03-29 20:10:38','2012-10-15 20:32:11'),(437,37,17,'Praesentium aliquam similique enim.',1,1,'Ratione tenetur reprehenderit in odit repellat et. Quia eos laboriosam necessitatibus eum quos architecto et sed. Sit ea facilis ea quis delectus necessitatibus labore.','arhive','2021-01-27 01:32:10','2013-01-23 12:52:18','2015-01-20 02:18:09'),(438,38,18,'Consequatur facere eos ea ex nisi quod id est.',1,0,'Nemo voluptatem expedita officia aut et quidem consequatur. Porro totam culpa culpa minus. Quia magni ea laboriosam consequuntur nemo ut amet.','arhive','2020-04-18 14:19:48','2012-03-13 08:17:32','2016-04-12 06:49:38'),(439,39,19,'Ut accusantium necessitatibus sit rerum inventore nisi non.',1,1,'Quae omnis delectus in impedit ut sint labore. In voluptas porro officiis similique occaecati. Ut est vel in voluptatem. Ratione tenetur ab provident eum est iusto rerum libero.','delay','2020-12-20 14:36:24','2015-09-01 05:13:46','2018-04-10 12:44:17'),(440,40,20,'Officiis vel sunt accusamus accusamus adipisci beatae sit odit.',1,1,'Veritatis nihil eum commodi explicabo nulla. Accusamus qui in aut. Aut eligendi aut est cupiditate exercitationem.','arhive','2020-09-08 05:54:34','2013-04-25 09:44:49','2012-12-22 16:47:08'),(441,41,1,'Reiciendis mollitia ex alias pariatur eveniet facilis voluptatibus.',1,0,'Ut libero eum voluptatibus eligendi rerum. Nobis quia laborum esse praesentium illo. Animi consectetur aut rerum vel praesentium dolorum ab.','current','2020-12-14 09:40:34','2017-08-17 15:07:24','2020-10-28 04:13:17'),(442,42,2,'Et iste ut impedit numquam adipisci eum quae.',0,1,'Sit et perspiciatis at quia. Nostrum id consequatur cupiditate. Nemo beatae aut alias aperiam.','delay','2020-07-01 22:15:54','2015-03-16 12:56:42','2015-09-05 01:28:52'),(443,43,3,'Sit reprehenderit ducimus odit.',0,0,'Ipsam voluptas dolores iusto dolores ex et quibusdam. Iure aut ex facilis rerum voluptatem. Aliquam nemo et quidem id. Ratione adipisci expedita quod error est est eos voluptates.','delay','2020-06-29 13:43:37','2013-06-30 03:21:48','2016-07-03 14:27:04'),(444,44,4,'Expedita aut aliquid aut in sed fugiat.',1,0,'Perferendis vitae qui minus suscipit. Porro rerum rem non veniam repellendus. Tempore voluptatum ea quibusdam voluptatem atque aut omnis. Nihil minus et qui.','current','2020-05-24 20:42:55','2018-02-19 10:38:31','2014-03-03 15:45:40'),(445,45,5,'Et et dignissimos est eveniet qui.',1,1,'Qui et similique fugit corporis et odit. Ad laborum eum repudiandae consequatur aliquam. Ducimus non modi omnis accusantium inventore qui.','current','2021-01-03 07:35:38','2020-07-03 09:36:31','2015-05-25 01:04:36'),(446,46,6,'Quos non quidem maxime laudantium qui exercitationem voluptate.',0,0,'Voluptatum neque non nemo. Doloremque repellat quae quia et illo eum. Molestiae voluptas neque ut nobis nesciunt. Occaecati asperiores sit aperiam repellendus nisi.','current','2020-10-21 21:04:32','2018-06-06 13:55:51','2011-07-13 17:20:55'),(447,47,7,'Nemo sequi fugiat sunt.',0,0,'Exercitationem blanditiis fuga alias doloremque ab ea animi. Quis libero magnam rerum et eum. Nemo ipsum consequatur quisquam repellendus eos cumque culpa aliquam.','delay','2020-12-04 18:05:55','2017-11-28 22:38:40','2016-01-16 18:24:56'),(448,48,8,'Omnis qui sint quaerat quo quia enim distinctio.',0,1,'Qui et ut molestiae nesciunt reprehenderit odit magnam. Quam quia soluta quaerat minus quo et. Et debitis et deleniti eos. Dicta alias in accusamus voluptas.','delay','2020-12-17 22:10:01','2019-09-17 13:27:13','2013-12-02 15:32:49'),(449,49,9,'Eum omnis consectetur est aliquid.',1,1,'Ex totam voluptas officia. Optio dolores dicta at fugiat corporis magnam non. Quia hic consequuntur ea doloremque consequuntur.','current','2020-06-27 17:00:55','2015-03-28 08:44:55','2015-08-22 10:46:59'),(450,50,10,'Placeat necessitatibus expedita error illum corrupti.',0,0,'Nihil modi ducimus tenetur ratione. Impedit vitae eos in quis alias quia dolorum. Quisquam et omnis alias sit voluptas non.','arhive','2020-03-20 19:46:15','2021-01-15 18:54:09','2018-04-30 14:46:14'),(451,51,11,'Earum in quas quis ad quos autem.',0,1,'Et eos inventore quia. Veritatis labore et rerum repellat. Accusantium eum sit expedita est neque. Autem possimus nemo et aut voluptas. Voluptatum voluptas perferendis debitis enim amet fugiat sapiente non.','current','2020-12-14 23:46:13','2018-06-26 10:11:51','2016-12-02 08:14:48'),(452,52,12,'Exercitationem beatae explicabo dolor sunt animi ducimus.',1,1,'Culpa ea dignissimos dolorem molestiae. Deleniti eum labore facilis. At in temporibus deleniti.','current','2021-02-07 01:48:40','2012-02-22 05:32:17','2013-11-11 11:50:57'),(453,53,13,'Fuga et nesciunt aut.',0,1,'Officia incidunt eum qui dolorem nisi excepturi facere pariatur. Et labore officia nihil enim inventore at. Nulla quo saepe architecto ut.','delay','2020-09-10 15:53:51','2011-10-23 21:41:12','2015-08-21 23:51:57'),(454,54,14,'Enim expedita sed repellendus qui earum omnis.',1,1,'Minus nemo quia cupiditate aut deserunt mollitia quis. Consequatur eos et eum voluptas inventore. Impedit corporis error ut amet saepe sint iure.','current','2020-04-21 03:12:32','2013-04-28 09:05:06','2015-10-12 21:34:41'),(455,55,15,'Minima sequi ipsum dolores deserunt praesentium ducimus dolor.',1,1,'Blanditiis id quo quas laudantium repellendus sit. Pariatur dolores similique laboriosam eaque. Assumenda ipsum qui atque quia officiis similique suscipit.','arhive','2020-08-09 03:02:02','2019-11-03 00:09:06','2016-08-11 04:46:57'),(456,56,16,'Rem sapiente aliquid quis minus itaque ut sed.',0,1,'Ducimus ducimus sunt illo sapiente repellat. Et est ipsum totam ut saepe iusto deserunt et. Eum cumque nihil voluptatem minima. Dicta fugiat voluptatibus natus autem.','arhive','2020-10-20 19:32:41','2019-11-22 23:32:23','2012-03-10 23:20:07'),(457,57,17,'Est at qui officia ut.',0,1,'Dolor est voluptate quo labore eum alias qui necessitatibus. Ipsa et voluptates necessitatibus id praesentium ut. Odio cum ex inventore.','arhive','2020-11-16 12:10:27','2017-09-28 08:29:28','2012-03-23 05:57:23'),(458,58,18,'Minus dolor nesciunt ipsam quis.',1,1,'Ipsam aperiam cum velit quia minima. Animi et accusamus voluptatem voluptatum blanditiis eos. Sit rerum adipisci molestias numquam.','current','2020-06-01 23:33:36','2012-08-28 14:22:38','2020-11-21 00:42:25'),(459,59,19,'Vitae et aut temporibus velit atque beatae.',1,1,'Sequi repudiandae ut quo enim ea ea quaerat. Cumque velit placeat illum nulla beatae ea explicabo. Neque enim eaque aperiam nihil fugit quo. Officiis maiores sit pariatur et quia natus. Eligendi aut nulla magni odit optio.','delay','2020-11-27 02:50:01','2017-04-15 08:30:28','2011-06-25 11:09:00'),(460,60,20,'Maiores ullam dolor ea doloremque consequatur aut autem voluptas.',0,1,'Minus aut molestiae ea. Tenetur qui qui ea sed magnam voluptatibus. In dolore qui et ullam voluptatem labore. Perferendis enim rerum nihil odio. Mollitia beatae minima excepturi amet amet aperiam consequuntur.','delay','2020-09-17 03:20:51','2012-12-23 12:46:54','2015-03-25 04:00:42'),(461,61,1,'In ipsum perspiciatis saepe inventore.',1,0,'Debitis quis tempore voluptas enim ratione quos qui. Impedit ipsa vero deserunt dolore aliquam exercitationem beatae. Et id vel veritatis veritatis molestiae. Cupiditate quia voluptatem necessitatibus voluptates a.','delay','2020-08-22 11:02:24','2014-04-17 05:58:21','2020-05-08 12:14:17'),(462,62,2,'Saepe quas animi placeat.',0,1,'Quam nulla enim rerum velit dolores dignissimos non. Et et laboriosam molestias velit maxime perspiciatis facilis temporibus. Et animi aut architecto est maiores quia enim. Dignissimos nihil et ipsam repellendus maiores autem quam.','current','2020-12-23 21:27:22','2014-01-07 19:32:43','2020-08-17 22:18:09'),(463,63,3,'Repellat nisi totam numquam eius eum soluta.',1,0,'Aut similique explicabo voluptas enim ex ut. Perferendis consequatur rerum illo ad ea quam est. Voluptatibus ratione praesentium amet. Aliquam a cum vero alias ut voluptas qui.','delay','2021-01-01 09:46:16','2012-11-02 15:55:33','2011-05-28 10:26:43'),(464,64,4,'Voluptatibus et amet amet iure laboriosam vitae totam.',1,1,'Esse est iure sunt voluptatibus quae voluptate minima in. Molestiae odit libero ut ratione praesentium tempora ut. Rerum ipsa et similique sunt.','delay','2021-01-23 03:14:33','2015-12-08 20:09:43','2019-03-27 00:45:15'),(465,65,5,'Unde iusto ex sed molestiae illo et et.',1,1,'Eaque eum veniam non aspernatur. Labore eligendi dolorem ipsa fugit deserunt aspernatur nobis. Mollitia ut neque quidem nemo voluptate.','current','2021-02-14 19:25:13','2015-10-05 13:30:19','2011-11-08 06:09:11'),(466,66,6,'Omnis labore dolorem qui ut quam ut voluptatum dolor.',0,1,'Animi cupiditate rerum sunt non sit consectetur. Deserunt quos aut facere ad rerum a. Molestiae quaerat aut ullam quia blanditiis.','delay','2020-11-15 13:34:34','2019-08-21 12:25:21','2011-04-18 04:50:40'),(467,67,7,'Praesentium rerum voluptatem vero adipisci.',1,0,'Neque et recusandae porro corrupti eaque non porro. Minima omnis voluptatum laborum. Pariatur enim voluptates ex pariatur dolorem facere.','current','2020-08-14 06:24:34','2017-06-15 01:16:22','2013-02-28 12:02:25'),(468,68,8,'Eligendi commodi praesentium ullam assumenda quo dolor aliquid dolores.',0,0,'Repudiandae molestias velit consequuntur. Alias totam voluptas sit. Itaque consequuntur est tempore sunt est eum pariatur.','arhive','2020-04-26 16:19:08','2012-06-18 03:44:22','2013-07-01 12:19:17'),(469,69,9,'Omnis impedit in accusamus dignissimos tenetur laudantium.',0,0,'Eveniet voluptas excepturi non. Unde vero atque culpa unde veniam quibusdam. Ipsam eaque et nam magnam est cumque est. Magni deserunt non quod aperiam harum.','arhive','2020-11-25 05:12:18','2012-12-20 14:47:34','2018-07-02 05:41:21'),(470,70,10,'Qui provident rerum error maiores non beatae.',1,1,'Vel consectetur inventore optio voluptatem. Qui nostrum recusandae ipsa dolorum. Quasi eum accusamus occaecati sit et repudiandae.','current','2021-01-16 03:15:39','2013-05-09 22:23:38','2016-05-30 22:23:01'),(471,71,11,'Laboriosam vel veritatis nihil eos.',1,1,'Quia ipsa iusto consectetur ut officia omnis. Fugiat id et sunt sed distinctio est fuga. Est suscipit amet et quidem illo tempora.','arhive','2020-11-08 04:47:08','2020-12-26 05:37:21','2021-01-30 00:32:21'),(472,72,12,'Ullam voluptate commodi reiciendis reprehenderit rerum id.',0,0,'Aperiam optio et delectus voluptate nostrum. Voluptas qui doloribus error dolorem a ducimus et. Animi a est est officiis nemo. Ipsum maxime quos dolorum tempore natus ipsa id.','current','2020-08-20 21:33:31','2012-01-12 12:55:25','2020-05-27 10:13:27'),(473,73,13,'Cum error distinctio pariatur tenetur amet illum ut.',1,1,'Minima dolor in enim cum eum quos rerum. Omnis amet est minima cum vero. Corporis quas accusamus asperiores alias blanditiis facere architecto.','current','2020-08-13 07:24:49','2017-08-16 00:15:15','2018-12-06 15:40:06'),(474,74,14,'Est dignissimos quae et illum.',1,1,'Esse quia sit sapiente laborum nulla aliquid et. Est dolores et et voluptatem. Consectetur dolorum inventore minus aut labore exercitationem. Facilis iure ad facilis illo.','arhive','2021-02-14 17:39:09','2016-07-23 06:24:51','2016-03-06 07:22:16'),(475,75,15,'Repudiandae dolor quia ut quasi.',1,1,'Quisquam id ea eos velit. Doloribus fugiat praesentium iste numquam. Non ad eos eveniet accusamus dignissimos.','current','2020-04-28 23:53:16','2020-07-27 07:16:06','2014-12-15 08:37:35'),(476,76,16,'Ut voluptatem iusto ea nisi.',0,0,'Laborum ab id ipsam quam. Quisquam dolorem hic adipisci voluptas inventore velit et. Delectus iste vero non et at quo aut. Animi rerum quae esse recusandae eligendi non dolores. Provident velit quia sequi harum omnis.','delay','2020-09-27 05:04:59','2018-11-07 12:15:13','2020-06-14 13:51:06'),(477,77,17,'Quisquam debitis repellendus ab alias.',1,1,'Et explicabo et itaque. Quod est iusto in voluptate sapiente praesentium. Praesentium numquam dolorum asperiores voluptatem velit amet debitis. Quo et reprehenderit eos ut aspernatur possimus eos officiis.','current','2020-11-05 14:42:45','2016-04-02 16:25:39','2014-04-13 07:28:08'),(478,78,18,'Quo et eum id eum modi.',1,0,'Officiis inventore dolorum enim corrupti. Doloribus mollitia dolores quos et. Soluta rerum maiores aliquam. Qui ullam repellat dicta sunt ab dolor.','delay','2020-05-19 10:30:24','2011-05-20 12:14:02','2016-11-04 14:15:38'),(479,79,19,'Quisquam doloribus enim quia est consequatur.',0,1,'Voluptates nobis est ut est porro adipisci. Rem rerum minima eum quia numquam molestias aut aliquam. Temporibus eos voluptate incidunt atque incidunt est. Dolorum ipsum accusantium dolores earum magnam. Rerum quibusdam rerum quos sed cumque nulla est.','arhive','2020-10-27 07:37:20','2012-01-18 08:39:14','2011-05-05 07:49:45'),(480,80,20,'Dicta nisi aut nam omnis.',0,0,'Est voluptatum architecto aliquam nostrum ullam aliquam. Consequatur ducimus nobis velit id quod. Eum tempore aperiam aut cumque.','arhive','2020-08-11 11:50:51','2018-03-16 15:38:38','2013-12-09 09:53:30'),(481,81,1,'Dignissimos qui numquam ex vel ab cupiditate.',1,0,'Id quo voluptate voluptatem. Et adipisci sequi corporis qui consequatur. Quam veniam et libero. Est voluptatibus excepturi ad fuga consequatur quaerat.','delay','2020-11-19 21:59:40','2014-03-01 09:55:36','2018-10-12 08:50:47'),(482,82,2,'Doloremque porro autem et quo vero molestias ut.',1,1,'Quasi aut adipisci quae qui. Omnis ut qui animi culpa aspernatur aperiam sunt voluptatem. Et vel quasi accusamus modi voluptatibus. Voluptatem voluptas voluptatem fuga tempora cum veniam.','delay','2020-09-06 10:44:13','2021-02-10 12:41:05','2013-12-10 18:55:49'),(483,83,3,'Tempore nihil est similique rerum.',1,0,'Vel laborum tenetur a laboriosam et. Quia officia officiis ad ratione.','arhive','2020-07-14 19:36:13','2016-07-13 00:34:20','2020-10-21 01:44:08'),(484,84,4,'Odio harum aut et suscipit eum dolor a.',0,1,'Dolorem temporibus autem quaerat. Quidem tempora harum fuga consequatur. Unde molestiae autem sunt consectetur blanditiis ea sunt.','delay','2021-02-06 20:54:54','2018-04-15 02:48:36','2018-06-15 22:36:20'),(485,85,5,'Consequatur distinctio repudiandae totam ratione facilis rerum non.',1,0,'Veniam iusto repellendus est itaque reprehenderit aliquam inventore. Aut at et aliquid consequatur explicabo officiis. Facilis facere voluptatibus et voluptatibus laudantium reprehenderit.','arhive','2020-12-11 10:07:31','2014-03-19 05:26:51','2017-11-17 17:43:15'),(486,86,6,'Sit animi aut qui nihil.',0,0,'Accusantium ea quas dolorem qui vero fugit minima architecto. Reprehenderit sed deserunt ut unde sint harum. Fugiat et quia laudantium maxime voluptatem consequatur laboriosam. Deleniti facilis odit culpa nisi eligendi.','delay','2020-07-13 01:52:49','2019-05-18 16:44:47','2016-08-04 03:17:46'),(487,87,7,'Perspiciatis quidem laborum est minima veritatis blanditiis.',1,1,'Iure amet iusto fugiat modi eaque in commodi mollitia. Dolorem asperiores quis maxime praesentium. Veritatis necessitatibus voluptatem commodi rem. Facere pariatur nam beatae doloremque.','current','2020-09-01 00:00:12','2014-02-15 22:07:07','2020-08-03 17:03:27'),(488,88,8,'Quis assumenda quae vitae voluptas.',1,1,'Repellat tempore quo illo perspiciatis. Atque molestias magni aliquam ut eveniet voluptatem eligendi. Tempora sed omnis nesciunt ut sunt corrupti.','current','2020-11-04 08:15:33','2013-09-09 11:27:05','2016-07-17 06:37:28'),(489,89,9,'Explicabo quos placeat odit.',1,0,'Dolores rem voluptatem est ex iure velit accusantium. Molestiae aspernatur commodi consequatur quia sint labore quam. At et quidem nemo tempore odio delectus ducimus.','delay','2020-03-30 03:17:28','2017-06-01 23:42:12','2016-11-15 23:09:41'),(490,90,10,'Qui minima veritatis esse id accusamus facilis.',1,0,'Et consequatur quos deserunt. Nulla et culpa vero excepturi autem. Perspiciatis enim voluptatem qui qui quis sint animi.','arhive','2020-12-11 16:47:59','2020-06-16 14:19:39','2014-08-10 12:36:56'),(491,91,11,'Expedita quod exercitationem occaecati est quam consequatur.',1,1,'Voluptatem reprehenderit minima tempora dolor et et qui. Maxime ad corrupti expedita accusamus inventore natus nesciunt. Laboriosam cum quia sit nulla aut. Voluptatem et saepe distinctio.','delay','2020-10-27 13:50:51','2020-04-16 20:12:01','2020-01-26 03:57:55'),(492,92,12,'Cumque aperiam quae accusamus optio enim ut.',1,0,'Quo hic distinctio sit enim aut eaque. Sed laborum fugit aliquid odit officia. Dolorum odio doloribus labore a et labore distinctio officia. Aut sed ad rerum iste qui veniam sed.','arhive','2021-02-06 09:32:18','2019-01-11 11:00:57','2013-10-03 22:34:45'),(493,93,13,'Quisquam quo veritatis quidem nostrum.',0,1,'Quidem explicabo veniam molestiae sapiente cumque voluptatem est. Accusamus dicta pariatur asperiores accusantium dolorem impedit. Ad reprehenderit dolore suscipit et tempore quia vel.','delay','2020-05-28 08:48:11','2015-07-10 15:49:31','2015-09-04 03:45:26'),(494,94,14,'Tempora perferendis nemo debitis et molestias voluptatum iste in.',0,0,'Perferendis dolores laudantium eligendi et aut. Saepe ut sunt provident totam vel praesentium consequuntur. Ut possimus repudiandae vitae. Non rem enim qui ut ut.','delay','2021-02-09 08:11:41','2013-09-22 13:23:18','2013-12-03 21:18:20'),(495,95,15,'Nihil et sunt magni non.',1,1,'Doloremque recusandae quasi voluptas modi aut similique aut. Deserunt sapiente et dolor autem rerum molestiae. Distinctio non ut dicta optio saepe occaecati. Et veritatis dolor sit quidem id.','current','2020-10-17 02:53:34','2020-08-24 12:26:36','2014-11-05 14:01:45'),(496,96,16,'Atque qui illum vitae et consequatur.',0,0,'Mollitia sint soluta alias animi et qui et sed. Facere iusto et a odit. Laborum inventore occaecati at ea voluptatibus quasi. Error impedit illum non est sed placeat est ipsa.','arhive','2020-07-09 17:11:00','2012-10-23 20:34:23','2011-04-16 19:00:26'),(497,97,17,'Quaerat in praesentium rerum aspernatur magnam dolor voluptatem et.',0,1,'Praesentium ab qui omnis aut. Eius dicta tempora necessitatibus ut fuga illo. Quas autem natus nihil quaerat eaque est voluptas.','arhive','2020-05-23 19:03:04','2020-02-19 09:10:32','2012-09-21 19:30:26'),(498,98,18,'Voluptate animi ut molestiae qui itaque adipisci.',1,1,'Ab consectetur qui magni distinctio eveniet vel. Quae distinctio aliquid ut omnis culpa. Excepturi magni et sed quo qui.','delay','2020-06-18 00:52:04','2017-08-03 05:40:39','2011-12-19 16:19:56'),(499,99,19,'Laborum quis eos nesciunt.',0,1,'Et in est enim perferendis. Natus sunt maxime vel quis harum. Sed eos occaecati sed voluptatem libero dignissimos.','arhive','2021-03-14 10:32:18','2013-10-29 03:25:36','2012-10-23 23:16:33'),(500,100,20,'Vitae qui tempore alias enim ratione qui soluta excepturi.',1,1,'At aut recusandae eos quasi. Sed delectus mollitia veritatis quod dolor ab quas. Sed exercitationem ex sit.','current','2020-09-26 13:12:21','2015-06-24 05:15:04','2012-06-07 04:01:51');
/*!40000 ALTER TABLE `posts` ENABLE KEYS */;
UNLOCK TABLES;
/*!50003 SET @saved_cs_client      = @@character_set_client */ ;
/*!50003 SET @saved_cs_results     = @@character_set_results */ ;
/*!50003 SET @saved_col_connection = @@collation_connection */ ;
/*!50003 SET character_set_client  = utf8mb4 */ ;
/*!50003 SET character_set_results = utf8mb4 */ ;
/*!50003 SET collation_connection  = utf8mb4_0900_ai_ci */ ;
/*!50003 SET @saved_sql_mode       = @@sql_mode */ ;
/*!50003 SET sql_mode              = 'STRICT_TRANS_TABLES,NO_ENGINE_SUBSTITUTION' */ ;
DELIMITER ;;
/*!50003 CREATE*/ /*!50017 DEFINER=`root`@`localhost`*/ /*!50003 TRIGGER `post_ins_check` BEFORE INSERT ON `posts` FOR EACH ROW BEGIN 
	IF NEW.is_fix = TRUE AND NEW.status = 'c' THEN
  		IF (SELECT count(*) FROM posts p WHERE p.id != NEW.id AND p.community_id = NEW.community_id AND p.status = 'c' AND p.is_fix = TRUE) > 0 THEN 
			SET NEW.is_fix = FALSE;
		END IF;
	END IF;
END */;;
DELIMITER ;
/*!50003 SET sql_mode              = @saved_sql_mode */ ;
/*!50003 SET character_set_client  = @saved_cs_client */ ;
/*!50003 SET character_set_results = @saved_cs_results */ ;
/*!50003 SET collation_connection  = @saved_col_connection */ ;
/*!50003 SET @saved_cs_client      = @@character_set_client */ ;
/*!50003 SET @saved_cs_results     = @@character_set_results */ ;
/*!50003 SET @saved_col_connection = @@collation_connection */ ;
/*!50003 SET character_set_client  = utf8mb4 */ ;
/*!50003 SET character_set_results = utf8mb4 */ ;
/*!50003 SET collation_connection  = utf8mb4_0900_ai_ci */ ;
/*!50003 SET @saved_sql_mode       = @@sql_mode */ ;
/*!50003 SET sql_mode              = 'STRICT_TRANS_TABLES,NO_ENGINE_SUBSTITUTION' */ ;
DELIMITER ;;
/*!50003 CREATE*/ /*!50017 DEFINER=`root`@`localhost`*/ /*!50003 TRIGGER `post_upd_check` BEFORE UPDATE ON `posts` FOR EACH ROW BEGIN 
	IF NEW.is_fix = TRUE AND NEW.status = 'c' THEN
  		IF (SELECT count(*) FROM posts p WHERE p.id != NEW.id AND p.community_id = NEW.community_id AND p.status = 'c' AND p.is_fix = TRUE) > 0 THEN 
			SET NEW.is_fix = FALSE;
		END IF;
	END IF;
END */;;
DELIMITER ;
/*!50003 SET sql_mode              = @saved_sql_mode */ ;
/*!50003 SET character_set_client  = @saved_cs_client */ ;
/*!50003 SET character_set_results = @saved_cs_results */ ;
/*!50003 SET collation_connection  = @saved_col_connection */ ;

--
-- Table structure for table `posts_media`
--

DROP TABLE IF EXISTS `posts_media`;
/*!40101 SET @saved_cs_client     = @@character_set_client */;
/*!50503 SET character_set_client = utf8mb4 */;
CREATE TABLE `posts_media` (
  `id` bigint unsigned NOT NULL AUTO_INCREMENT COMMENT 'Идентификатор строки',
  `post_id` bigint unsigned NOT NULL COMMENT 'Ссылка на пост',
  `media_id` bigint unsigned NOT NULL COMMENT 'Ссылка на медиафайл',
  PRIMARY KEY (`id`),
  UNIQUE KEY `id` (`id`),
  KEY `post_id` (`post_id`),
  KEY `media_id` (`media_id`),
  CONSTRAINT `posts_media_ibfk_1` FOREIGN KEY (`post_id`) REFERENCES `posts` (`id`) ON DELETE CASCADE ON UPDATE RESTRICT,
  CONSTRAINT `posts_media_ibfk_2` FOREIGN KEY (`media_id`) REFERENCES `media` (`id`)
) ENGINE=InnoDB AUTO_INCREMENT=1001 DEFAULT CHARSET=utf8mb4 COLLATE=utf8mb4_0900_ai_ci COMMENT='Таблица связей Поста с медиаконтентом';
/*!40101 SET character_set_client = @saved_cs_client */;

--
-- Dumping data for table `posts_media`
--

LOCK TABLES `posts_media` WRITE;
/*!40000 ALTER TABLE `posts_media` DISABLE KEYS */;
INSERT INTO `posts_media` VALUES (1,98,294),(2,63,110),(3,194,292),(4,423,491),(5,202,63),(6,296,164),(7,124,206),(8,13,36),(9,224,156),(10,65,444),(11,149,17),(12,453,150),(13,226,169),(14,290,481),(15,349,190),(16,361,406),(17,473,202),(18,408,133),(19,145,170),(20,274,396),(21,290,169),(22,6,23),(23,11,465),(24,355,410),(25,64,325),(26,281,79),(27,137,244),(28,234,144),(29,344,425),(30,399,151),(31,195,334),(32,187,332),(33,364,30),(34,331,312),(35,87,222),(36,333,380),(37,257,408),(38,269,378),(39,445,352),(40,336,263),(41,189,93),(42,310,120),(43,488,495),(44,394,5),(45,37,121),(46,23,92),(47,463,223),(48,10,283),(49,200,67),(50,269,332),(51,142,173),(52,69,17),(53,184,169),(54,270,42),(55,297,80),(56,315,270),(57,221,457),(58,364,92),(59,397,68),(60,20,336),(61,384,492),(62,396,319),(63,168,160),(64,358,72),(65,70,372),(66,100,119),(67,275,470),(68,390,13),(69,206,157),(70,273,166),(71,483,396),(72,191,379),(73,498,214),(74,359,210),(75,68,347),(76,304,169),(77,52,446),(78,150,469),(79,178,149),(80,87,401),(81,355,283),(82,315,327),(83,239,56),(84,15,143),(85,56,457),(86,191,459),(87,228,138),(88,244,217),(89,429,417),(90,342,183),(91,138,25),(92,298,225),(93,152,189),(94,190,100),(95,121,80),(96,207,260),(97,340,232),(98,363,292),(99,428,151),(100,37,97),(101,419,261),(102,386,23),(103,271,264),(104,300,414),(105,441,354),(106,81,9),(107,299,141),(108,213,57),(109,4,113),(110,198,496),(111,104,300),(112,154,190),(113,268,192),(114,34,31),(115,5,445),(116,274,416),(117,242,402),(118,493,148),(119,230,500),(120,337,252),(121,93,236),(122,179,162),(123,169,203),(124,242,265),(125,349,66),(126,377,107),(127,57,481),(128,273,64),(129,126,233),(130,229,398),(131,47,453),(132,131,425),(133,355,428),(134,102,30),(135,162,50),(136,51,466),(137,489,342),(138,75,181),(139,376,289),(140,224,268),(141,178,226),(142,284,222),(143,133,209),(144,327,486),(145,232,155),(146,13,79),(147,391,186),(148,207,139),(149,164,170),(150,439,475),(151,398,230),(152,12,206),(153,464,398),(154,396,445),(155,356,335),(156,260,326),(157,464,476),(158,105,125),(159,429,37),(160,124,199),(161,446,70),(162,340,254),(163,408,169),(164,217,488),(165,71,188),(166,461,199),(167,352,370),(168,172,382),(169,224,191),(170,237,202),(171,58,317),(172,118,261),(173,406,199),(174,153,451),(175,187,167),(176,500,173),(177,476,349),(178,27,478),(179,105,98),(180,120,14),(181,250,181),(182,61,330),(183,222,223),(184,229,454),(185,145,29),(186,2,161),(187,179,424),(188,420,258),(189,103,400),(190,75,66),(191,230,114),(192,360,428),(193,341,313),(194,484,413),(195,282,424),(196,222,115),(197,483,353),(198,94,441),(199,146,1),(200,433,405),(201,102,411),(202,115,29),(203,391,287),(204,158,61),(205,99,69),(206,186,15),(207,185,83),(208,54,351),(209,500,446),(210,76,435),(211,214,158),(212,333,489),(213,165,190),(214,245,3),(215,61,108),(216,462,377),(217,118,130),(218,62,491),(219,16,349),(220,343,320),(221,1,23),(222,67,138),(223,271,46),(224,22,395),(225,271,373),(226,15,413),(227,201,220),(228,231,444),(229,329,26),(230,109,154),(231,415,367),(232,53,117),(233,217,95),(234,143,333),(235,5,67),(236,176,440),(237,186,78),(238,99,283),(239,78,65),(240,492,376),(241,317,235),(242,332,288),(243,295,141),(244,146,342),(245,407,193),(246,252,155),(247,436,371),(248,165,353),(249,246,211),(250,354,19),(251,3,357),(252,2,388),(253,233,55),(254,398,59),(255,44,378),(256,481,396),(257,414,240),(258,234,98),(259,283,222),(260,339,114),(261,292,334),(262,468,386),(263,16,98),(264,333,250),(265,398,366),(266,366,493),(267,39,384),(268,320,329),(269,492,347),(270,277,404),(271,439,462),(272,484,217),(273,325,170),(274,20,377),(275,392,172),(276,81,414),(277,423,118),(278,227,396),(279,406,392),(280,358,64),(281,278,309),(282,419,233),(283,467,94),(284,287,168),(285,34,351),(286,174,444),(287,174,268),(288,240,241),(289,59,121),(290,20,437),(291,391,331),(292,341,141),(293,289,49),(294,204,236),(295,90,183),(296,290,8),(297,364,237),(298,165,131),(299,363,324),(300,233,412),(301,59,412),(302,439,237),(303,332,340),(304,371,128),(305,142,391),(306,205,231),(307,50,135),(308,132,302),(309,493,28),(310,43,69),(311,388,309),(312,302,21),(313,73,74),(314,420,373),(315,158,434),(316,11,167),(317,58,474),(318,331,45),(319,493,390),(320,377,423),(321,349,400),(322,307,407),(323,419,178),(324,60,310),(325,328,144),(326,114,422),(327,298,66),(328,345,166),(329,121,43),(330,386,219),(331,37,278),(332,119,269),(333,330,44),(334,14,215),(335,141,95),(336,425,353),(337,262,444),(338,234,162),(339,430,25),(340,449,32),(341,495,462),(342,493,482),(343,487,144),(344,310,354),(345,138,439),(346,464,336),(347,7,354),(348,186,480),(349,228,447),(350,335,103),(351,475,151),(352,171,27),(353,276,30),(354,322,200),(355,381,425),(356,237,38),(357,255,434),(358,8,131),(359,347,484),(360,377,124),(361,244,34),(362,61,4),(363,55,109),(364,393,60),(365,177,67),(366,25,15),(367,146,430),(368,279,401),(369,335,272),(370,62,154),(371,199,209),(372,110,269),(373,315,325),(374,354,360),(375,176,258),(376,422,396),(377,185,50),(378,234,114),(379,38,234),(380,312,370),(381,391,9),(382,463,97),(383,22,410),(384,183,398),(385,120,345),(386,459,494),(387,195,106),(388,402,204),(389,288,134),(390,118,298),(391,132,84),(392,261,269),(393,483,264),(394,80,172),(395,456,357),(396,57,40),(397,407,285),(398,388,425),(399,453,163),(400,183,38),(401,68,292),(402,416,408),(403,396,215),(404,341,103),(405,129,392),(406,90,193),(407,131,470),(408,400,367),(409,402,19),(410,191,128),(411,82,142),(412,469,94),(413,15,499),(414,288,285),(415,73,207),(416,294,352),(417,244,441),(418,207,419),(419,196,378),(420,141,28),(421,297,456),(422,170,8),(423,381,54),(424,359,152),(425,268,173),(426,366,36),(427,480,447),(428,226,45),(429,163,476),(430,89,411),(431,57,271),(432,305,217),(433,397,92),(434,250,18),(435,219,454),(436,233,65),(437,280,416),(438,132,214),(439,349,256),(440,307,308),(441,181,498),(442,361,189),(443,283,494),(444,151,382),(445,110,66),(446,277,52),(447,127,356),(448,165,366),(449,353,45),(450,159,451),(451,276,396),(452,477,267),(453,454,490),(454,348,303),(455,205,221),(456,273,393),(457,261,288),(458,78,432),(459,424,448),(460,195,14),(461,365,468),(462,490,425),(463,3,282),(464,393,109),(465,223,265),(466,448,242),(467,332,425),(468,480,68),(469,19,431),(470,189,241),(471,246,449),(472,135,59),(473,481,321),(474,202,13),(475,64,361),(476,486,255),(477,283,129),(478,359,365),(479,370,127),(480,359,424),(481,445,157),(482,9,301),(483,472,470),(484,226,40),(485,407,178),(486,79,423),(487,423,18),(488,399,76),(489,473,405),(490,271,421),(491,275,51),(492,484,477),(493,186,402),(494,347,367),(495,179,148),(496,158,376),(497,420,29),(498,79,298),(499,244,93),(500,68,479),(501,51,356),(502,311,143),(503,241,392),(504,174,254),(505,136,329),(506,157,201),(507,452,274),(508,138,202),(509,8,427),(510,60,376),(511,146,347),(512,437,4),(513,474,495),(514,177,500),(515,223,158),(516,301,360),(517,134,87),(518,431,326),(519,298,356),(520,303,376),(521,12,162),(522,277,389),(523,29,458),(524,166,261),(525,340,88),(526,51,63),(527,360,427),(528,344,427),(529,458,146),(530,58,22),(531,387,90),(532,148,493),(533,73,433),(534,111,446),(535,319,485),(536,429,130),(537,50,4),(538,125,299),(539,178,87),(540,96,12),(541,202,359),(542,205,346),(543,69,104),(544,429,415),(545,191,13),(546,478,26),(547,433,206),(548,118,455),(549,110,344),(550,499,397),(551,331,342),(552,68,252),(553,112,247),(554,251,341),(555,409,298),(556,282,395),(557,494,35),(558,162,203),(559,309,275),(560,400,28),(561,478,47),(562,466,124),(563,168,333),(564,400,159),(565,158,65),(566,479,347),(567,49,379),(568,15,324),(569,300,375),(570,121,31),(571,456,191),(572,283,431),(573,295,125),(574,355,36),(575,337,6),(576,445,277),(577,335,149),(578,170,334),(579,441,382),(580,258,473),(581,462,163),(582,267,474),(583,471,276),(584,271,258),(585,24,165),(586,105,428),(587,188,328),(588,112,373),(589,358,120),(590,56,497),(591,438,271),(592,497,221),(593,108,294),(594,220,75),(595,107,116),(596,175,6),(597,444,173),(598,258,45),(599,412,94),(600,279,125),(601,191,90),(602,315,306),(603,376,17),(604,99,85),(605,382,486),(606,290,315),(607,259,404),(608,150,103),(609,215,128),(610,247,270),(611,410,480),(612,267,94),(613,259,7),(614,321,263),(615,489,95),(616,329,472),(617,337,104),(618,284,118),(619,465,79),(620,193,159),(621,320,313),(622,423,253),(623,335,62),(624,240,351),(625,267,386),(626,133,260),(627,430,237),(628,312,117),(629,54,264),(630,133,377),(631,275,354),(632,259,33),(633,226,224),(634,104,5),(635,397,111),(636,165,357),(637,414,305),(638,308,281),(639,215,48),(640,457,71),(641,424,18),(642,430,353),(643,425,27),(644,423,264),(645,436,408),(646,258,312),(647,374,325),(648,10,7),(649,207,271),(650,80,124),(651,269,263),(652,212,71),(653,103,51),(654,216,349),(655,407,461),(656,491,305),(657,274,39),(658,361,26),(659,462,172),(660,468,465),(661,29,137),(662,232,61),(663,286,450),(664,79,298),(665,21,432),(666,325,498),(667,427,430),(668,95,436),(669,186,458),(670,430,43),(671,491,170),(672,384,340),(673,409,218),(674,44,12),(675,291,366),(676,169,434),(677,328,430),(678,121,280),(679,153,334),(680,30,83),(681,400,119),(682,378,116),(683,45,203),(684,73,203),(685,381,212),(686,206,192),(687,150,64),(688,87,160),(689,417,108),(690,316,366),(691,151,197),(692,153,305),(693,238,426),(694,63,271),(695,426,21),(696,187,304),(697,442,378),(698,477,220),(699,468,467),(700,434,60),(701,319,263),(702,182,149),(703,223,494),(704,309,186),(705,53,29),(706,429,228),(707,298,399),(708,474,441),(709,262,243),(710,121,103),(711,323,462),(712,360,233),(713,449,497),(714,369,470),(715,464,347),(716,480,24),(717,474,12),(718,304,261),(719,155,489),(720,401,127),(721,180,63),(722,493,304),(723,219,336),(724,402,41),(725,96,457),(726,499,92),(727,194,399),(728,449,15),(729,7,100),(730,283,335),(731,59,336),(732,433,499),(733,404,22),(734,200,204),(735,353,291),(736,61,121),(737,407,292),(738,320,479),(739,403,64),(740,248,8),(741,368,305),(742,41,22),(743,86,22),(744,132,101),(745,96,98),(746,370,58),(747,316,323),(748,92,470),(749,301,179),(750,239,210),(751,285,453),(752,307,128),(753,355,221),(754,422,108),(755,382,77),(756,375,259),(757,347,484),(758,80,397),(759,36,440),(760,176,142),(761,142,234),(762,423,259),(763,93,423),(764,315,398),(765,476,74),(766,176,2),(767,176,284),(768,178,63),(769,375,286),(770,65,214),(771,428,288),(772,417,27),(773,254,445),(774,188,14),(775,459,253),(776,201,478),(777,237,147),(778,341,42),(779,309,473),(780,476,229),(781,282,349),(782,200,335),(783,438,65),(784,258,47),(785,108,448),(786,308,55),(787,39,23),(788,190,318),(789,437,80),(790,176,393),(791,385,370),(792,30,75),(793,104,162),(794,480,497),(795,261,80),(796,12,129),(797,23,427),(798,211,448),(799,317,139),(800,8,330),(801,205,77),(802,303,117),(803,273,338),(804,408,154),(805,56,201),(806,90,79),(807,462,385),(808,300,484),(809,104,42),(810,299,235),(811,296,255),(812,378,1),(813,251,344),(814,485,367),(815,294,398),(816,84,313),(817,347,26),(818,115,442),(819,494,458),(820,196,405),(821,345,207),(822,229,63),(823,481,463),(824,59,125),(825,182,29),(826,487,488),(827,62,170),(828,173,221),(829,5,245),(830,320,214),(831,227,65),(832,192,31),(833,431,130),(834,18,433),(835,495,261),(836,241,7),(837,178,315),(838,254,300),(839,50,199),(840,73,236),(841,181,205),(842,115,157),(843,111,168),(844,96,393),(845,168,460),(846,113,345),(847,24,309),(848,255,242),(849,344,184),(850,496,295),(851,156,440),(852,277,44),(853,111,93),(854,200,157),(855,25,388),(856,441,112),(857,246,327),(858,165,93),(859,7,465),(860,239,68),(861,472,269),(862,267,32),(863,500,286),(864,406,25),(865,340,471),(866,479,144),(867,97,209),(868,418,238),(869,46,10),(870,130,388),(871,224,222),(872,370,96),(873,36,491),(874,413,481),(875,52,334),(876,13,377),(877,347,198),(878,407,427),(879,276,429),(880,77,287),(881,131,112),(882,236,407),(883,393,458),(884,286,73),(885,173,100),(886,122,387),(887,296,434),(888,379,29),(889,100,339),(890,401,29),(891,56,395),(892,371,108),(893,42,263),(894,468,476),(895,364,417),(896,300,348),(897,317,26),(898,362,167),(899,460,381),(900,209,366),(901,478,303),(902,315,55),(903,381,461),(904,343,113),(905,27,223),(906,410,221),(907,422,358),(908,178,133),(909,468,283),(910,314,384),(911,482,436),(912,243,182),(913,3,183),(914,289,443),(915,73,2),(916,43,473),(917,282,423),(918,273,383),(919,365,75),(920,480,216),(921,282,428),(922,344,300),(923,11,205),(924,217,465),(925,470,185),(926,27,257),(927,2,253),(928,175,466),(929,336,292),(930,140,255),(931,114,372),(932,413,44),(933,473,133),(934,208,43),(935,483,239),(936,109,331),(937,406,397),(938,451,301),(939,491,420),(940,200,108),(941,466,356),(942,312,485),(943,500,57),(944,127,270),(945,34,401),(946,467,156),(947,444,243),(948,281,358),(949,369,305),(950,305,37),(951,195,292),(952,440,496),(953,377,271),(954,67,13),(955,255,354),(956,474,210),(957,181,125),(958,145,262),(959,320,401),(960,190,261),(961,365,193),(962,12,101),(963,420,366),(964,116,27),(965,181,295),(966,241,65),(967,231,169),(968,169,466),(969,122,137),(970,14,198),(971,451,361),(972,477,396),(973,424,369),(974,370,293),(975,340,182),(976,259,175),(977,371,495),(978,333,241),(979,303,347),(980,184,40),(981,31,133),(982,157,21),(983,206,131),(984,443,15),(985,476,178),(986,296,470),(987,96,292),(988,252,468),(989,6,397),(990,314,354),(991,172,189),(992,221,381),(993,391,105),(994,481,55),(995,450,475),(996,114,473),(997,297,314),(998,207,488),(999,169,497),(1000,172,279);
/*!40000 ALTER TABLE `posts_media` ENABLE KEYS */;
UNLOCK TABLES;

--
-- Table structure for table `posts_questions`
--

DROP TABLE IF EXISTS `posts_questions`;
/*!40101 SET @saved_cs_client     = @@character_set_client */;
/*!50503 SET character_set_client = utf8mb4 */;
CREATE TABLE `posts_questions` (
  `id` bigint unsigned NOT NULL AUTO_INCREMENT COMMENT 'Идентификатор строки',
  `post_id` bigint unsigned NOT NULL COMMENT 'Ссылка на пост',
  `title` varchar(130) NOT NULL COMMENT 'Зоголовок опроса',
  `is_anonymous` tinyint(1) DEFAULT '0' COMMENT 'анонимность',
  PRIMARY KEY (`id`),
  UNIQUE KEY `id` (`id`),
  KEY `post_id` (`post_id`),
  CONSTRAINT `posts_questions_ibfk_1` FOREIGN KEY (`post_id`) REFERENCES `posts` (`id`) ON DELETE CASCADE ON UPDATE RESTRICT
) ENGINE=InnoDB AUTO_INCREMENT=101 DEFAULT CHARSET=utf8mb4 COLLATE=utf8mb4_0900_ai_ci COMMENT='Таблица связей Поста с опросом';
/*!40101 SET character_set_client = @saved_cs_client */;

--
-- Dumping data for table `posts_questions`
--

LOCK TABLES `posts_questions` WRITE;
/*!40000 ALTER TABLE `posts_questions` DISABLE KEYS */;
INSERT INTO `posts_questions` VALUES (1,1,'Et occaecati in eos magnam ut aut ipsum.',1),(2,2,'Iure sit eum fugit quia nesciunt id nostrum.',0),(3,3,'Enim ea ea autem quae ipsum eveniet sunt quia.',1),(4,4,'Nisi ex nihil perferendis omnis qui magnam natus quia.',0),(5,5,'Modi totam enim et numquam et non voluptate.',1),(6,6,'Dolore tenetur quos magnam qui alias quos omnis.',0),(7,7,'Molestiae quod accusantium quia enim voluptas quibusdam nesciunt quasi.',1),(8,8,'Eaque debitis molestiae magnam cumque iste aut repellat consectetur.',1),(9,9,'Architecto rem qui rerum.',0),(10,10,'Laudantium ratione voluptatibus omnis laborum fuga quisquam ea.',0),(11,11,'Ducimus iure incidunt placeat quis dolores enim ut.',0),(12,12,'Aut dolores non sapiente maiores et unde.',0),(13,13,'Rerum quia nesciunt quasi ut.',1),(14,14,'Ipsa eum accusantium inventore praesentium non illum.',0),(15,15,'Nihil consequatur recusandae voluptatem animi ipsam iste veritatis quidem.',0),(16,16,'Voluptas ab est vitae recusandae corrupti.',0),(17,17,'Nihil voluptatem impedit adipisci animi minima.',1),(18,18,'Dignissimos odit id veritatis corporis.',1),(19,19,'Eveniet sapiente ab recusandae cum soluta voluptas.',0),(20,20,'Beatae aut nesciunt consequuntur facere nam est error nobis.',0),(21,21,'Voluptatem quas aperiam adipisci.',0),(22,22,'Quod maxime fugit similique soluta ut voluptates.',1),(23,23,'Et perferendis rerum enim perferendis qui.',1),(24,24,'Ad provident numquam a cumque.',0),(25,25,'Id qui tenetur ex fuga consequatur.',1),(26,26,'Consequatur beatae rerum et.',1),(27,27,'Sunt iste ut hic exercitationem aut reiciendis tempora.',0),(28,28,'Quia quis delectus ut omnis veniam voluptate.',0),(29,29,'Vel debitis non in ut asperiores vero.',0),(30,30,'Fugiat aut molestiae est eos velit architecto.',1),(31,31,'Eum eaque et odit recusandae sit labore rerum.',0),(32,32,'Voluptatem sint vero repudiandae qui illo.',1),(33,33,'Dolore delectus reiciendis quis consectetur ut.',0),(34,34,'Odit consequatur id et dolor.',0),(35,35,'Quia autem eligendi quos quaerat aut.',0),(36,36,'Molestiae eum dicta harum reprehenderit.',0),(37,37,'Nobis optio aut esse eos aliquam neque.',0),(38,38,'Sed laudantium cupiditate quia eaque nesciunt.',1),(39,39,'Quibusdam recusandae quae odit vel aut quos rerum.',1),(40,40,'Voluptas nihil enim amet assumenda non natus sit.',1),(41,41,'Voluptatem sit repellat expedita fugit.',0),(42,42,'Et dolorem maiores magni sit quia iste.',0),(43,43,'Expedita nihil totam autem debitis dolor aut asperiores.',0),(44,44,'Accusantium ullam aut aperiam dolores maiores.',0),(45,45,'Tempora in ut quia.',1),(46,46,'Adipisci molestiae recusandae nulla qui.',1),(47,47,'Possimus odit consequatur quia eligendi.',1),(48,48,'Quo possimus ad velit molestias voluptatem commodi.',1),(49,49,'Sint aperiam eos nemo quas necessitatibus porro.',1),(50,50,'Magnam nesciunt reprehenderit autem quia mollitia et voluptate qui.',0),(51,51,'Est qui asperiores illo et perferendis.',0),(52,52,'Sed laborum voluptatum excepturi earum.',0),(53,53,'Sed adipisci qui qui autem quia et magnam.',0),(54,54,'Vero at voluptatem quae corporis dicta possimus quisquam.',0),(55,55,'Et natus et et numquam sapiente eaque et qui.',0),(56,56,'Quisquam repellendus libero aliquid nemo nulla.',0),(57,57,'Commodi error deserunt vel eius veniam.',1),(58,58,'Nulla omnis exercitationem et sed voluptatum harum quo ex.',0),(59,59,'Beatae dolore vero rerum nesciunt.',1),(60,60,'Qui et consequatur sunt quas.',1),(61,61,'Dolores amet facere illum dicta quo.',0),(62,62,'Et facere similique modi et eum maxime rem unde.',0),(63,63,'Nemo nulla quisquam aut est sit quibusdam qui.',1),(64,64,'Quaerat suscipit fuga itaque ut autem consequatur consequuntur.',0),(65,65,'Voluptatem temporibus quo rerum.',0),(66,66,'Tenetur soluta omnis voluptatibus corrupti aperiam.',0),(67,67,'Reprehenderit voluptatum pariatur commodi itaque hic dolore unde fugit.',0),(68,68,'Odio sunt quidem est dignissimos asperiores maiores eaque velit.',1),(69,69,'Doloribus ut aliquid minima.',1),(70,70,'Cum est nobis dolorum debitis.',0),(71,71,'Rem eius eos quasi consequatur.',1),(72,72,'Adipisci repudiandae sint enim mollitia.',0),(73,73,'Ipsum ut vero consequuntur sit corporis optio.',1),(74,74,'Temporibus qui inventore qui repudiandae et enim.',0),(75,75,'Sed consequatur non officia inventore quia maiores suscipit dolorem.',0),(76,76,'Nostrum nam nihil quaerat incidunt.',0),(77,77,'Necessitatibus a aut dolores ea vel accusamus magni.',0),(78,78,'Cumque impedit omnis quos in deleniti quaerat labore.',0),(79,79,'Eum alias omnis est saepe.',0),(80,80,'Cumque fuga in sapiente rerum.',1),(81,81,'Enim harum aut consequatur dolor iure quod.',1),(82,82,'Autem est dignissimos maiores dolores voluptatum et sit.',0),(83,83,'Repellendus odio eaque atque architecto facere.',0),(84,84,'Veritatis et quo suscipit fugiat.',1),(85,85,'Dignissimos libero totam voluptatum unde suscipit et minus.',0),(86,86,'Non at unde asperiores facilis qui.',1),(87,87,'Voluptatem architecto accusantium doloremque odit illum explicabo.',1),(88,88,'At consequuntur voluptas necessitatibus.',1),(89,89,'Ut vero ipsa et error.',0),(90,90,'Sit alias quo perspiciatis laborum necessitatibus asperiores.',0),(91,91,'Quod enim dolorum ab voluptatum.',1),(92,92,'Adipisci neque sunt tempore iure.',0),(93,93,'Sunt ipsam aliquam molestiae rerum quibusdam voluptatem repellendus.',1),(94,94,'Fugiat quas aut voluptates et quia.',1),(95,95,'Vitae minima voluptates qui cum odio sed provident.',1),(96,96,'Et perspiciatis voluptatem magnam earum.',1),(97,97,'Sunt qui accusamus nostrum pariatur voluptates recusandae.',0),(98,98,'Animi ut adipisci libero aut laborum molestias qui saepe.',0),(99,99,'Omnis sit sint nemo nesciunt.',1),(100,100,'Doloremque doloremque dolorum nisi.',0);
/*!40000 ALTER TABLE `posts_questions` ENABLE KEYS */;
UNLOCK TABLES;

--
-- Table structure for table `profiles`
--

DROP TABLE IF EXISTS `profiles`;
/*!40101 SET @saved_cs_client     = @@character_set_client */;
/*!50503 SET character_set_client = utf8mb4 */;
CREATE TABLE `profiles` (
  `user_id` bigint unsigned NOT NULL COMMENT 'Ссылка на пользователя',
  `gender` enum('M','F') DEFAULT NULL COMMENT 'Пол',
  `birthday` date DEFAULT NULL COMMENT 'Дата рождения',
  `photo_profile` varchar(255) NOT NULL COMMENT 'ФОТО профиля (путь к файлу)',
  `photo_cover` varchar(255) DEFAULT NULL COMMENT 'ФОТО обложки (путь к файлу)',
  `about_user` varchar(100) DEFAULT NULL COMMENT 'о себе',
  `created_at` datetime DEFAULT CURRENT_TIMESTAMP COMMENT 'Время создания строки',
  `updated_at` datetime DEFAULT CURRENT_TIMESTAMP ON UPDATE CURRENT_TIMESTAMP COMMENT 'Время обновления строки',
  PRIMARY KEY (`user_id`),
  KEY `profiles_birthday_idx` (`birthday`),
  CONSTRAINT `profiles_ibfk_1` FOREIGN KEY (`user_id`) REFERENCES `users` (`id`) ON DELETE CASCADE ON UPDATE RESTRICT
) ENGINE=InnoDB DEFAULT CHARSET=utf8mb4 COLLATE=utf8mb4_0900_ai_ci COMMENT='Профили';
/*!40101 SET character_set_client = @saved_cs_client */;

--
-- Dumping data for table `profiles`
--

LOCK TABLES `profiles` WRITE;
/*!40000 ALTER TABLE `profiles` DISABLE KEYS */;
INSERT INTO `profiles` VALUES (1,'M','1927-12-30','image/svg+xml','application/vnd.sun.xml.calc','Odio sed eveniet sint. Occaecati vel recusandae sapiente eius vitae.','2011-04-26 07:48:45','2019-04-01 17:14:47'),(2,'F','2003-05-21','audio/basic','application/vnd.smaf','Labore explicabo eum iure totam quis. Laboriosam sint autem architecto a molestiae et nostrum. Quo v','2016-02-08 05:06:25','2016-11-07 09:01:22'),(3,'M','1950-01-30','image/x-cmx','application/vnd.ms-project','Hic velit molestias corporis laborum ratione. Mollitia eaque et voluptatibus est ipsam et. Enim dolo','2021-01-28 12:14:46','2021-03-18 23:01:30'),(4,'F','1950-07-25','application/vnd.dece.zip','application/yin+xml','Iure in illo aut odio. Natus natus delectus dolores consequuntur illum ratione. Temporibus voluptas ','2016-11-29 21:27:44','2021-03-18 23:01:30'),(5,'M','1949-03-23','application/vnd.sun.xml.calc.template','application/vnd.sun.xml.impress.template','Velit rerum et non sequi qui iure. Impedit ullam labore ut voluptatibus facilis et. Aut reprehenderi','2013-11-02 16:21:34','2021-03-18 23:01:30'),(6,'F','1944-09-04','application/x-dgc-compressed','application/vnd.dvb.ait','Quia exercitationem dicta magnam et molestiae pariatur cumque. Id maxime asperiores rerum quaerat ad','2012-11-27 07:56:36','2021-03-18 23:01:30'),(7,'M','1930-02-25','application/vnd.ms-officetheme','application/vnd.oasis.opendocument.text-master','Aperiam totam non nam voluptate molestiae voluptatum a. Aut vero debitis iusto esse exercitationem q','2018-10-17 17:45:09','2021-03-18 23:01:30'),(8,'M','2019-01-30','application/x-xfig','image/vnd.xiff','Voluptas autem qui repellat. Recusandae in optio ab minus. Et qui ut voluptatibus quisquam temporibu','2018-12-15 12:36:48','2021-03-18 23:01:30'),(9,'M','1923-09-08','image/vnd.dvb.subtitle','application/vnd.openxmlformats-officedocument.presentationml.template','Voluptas quam mollitia quam dolores autem reiciendis. In distinctio impedit fuga. Voluptatum repudia','2014-10-24 04:17:54','2016-12-01 03:10:56'),(10,'F','1927-09-04','model/x3d+xml','application/vnd.ms-word.template.macroenabled.12','Sit mollitia commodi aliquam animi. Accusantium voluptas beatae et culpa et rerum rerum. Consequatur','2012-09-22 11:58:31','2015-05-22 03:01:52'),(11,'M','1965-07-08','audio/webm','application/vnd.uoml+xml','Voluptatem reiciendis consequuntur aut quis quos veritatis et. Omnis quia vel fuga. Sed consequatur ','2019-11-04 08:36:31','2021-03-18 23:01:30'),(12,'F','1980-12-14','image/vnd.fastbidsheet','application/vnd.llamagraphics.life-balance.exchange+xml','Corporis omnis similique et. Delectus fugit impedit nam ad. Incidunt aut quibusdam a ad aut soluta s','2011-12-27 18:31:38','2018-12-10 20:19:15'),(13,'M','1988-07-14','application/vnd.lotus-1-2-3','application/x-ms-wmd','Sunt rerum autem blanditiis magni quibusdam rerum. Sit perferendis et aliquid qui temporibus. Quo od','2016-12-27 05:00:05','2021-03-18 23:01:30'),(14,'F','1990-05-28','application/vnd.ms-cab-compressed','application/voicexml+xml','Non quidem iure rerum est illum incidunt dicta. Modi ullam id et ex aut ipsam. Exercitationem minima','2016-04-03 07:38:13','2020-03-10 10:23:16'),(15,'F','1989-09-23','video/vnd.dece.sd','application/vnd.openxmlformats-officedocument.wordprocessingml.document','At officia eum reiciendis ea nihil. Consectetur quia aliquid error. Repellendus voluptatem perspicia','2012-03-23 02:09:32','2013-04-11 02:14:36'),(16,'F','2014-06-05','application/vnd.openofficeorg.extension','application/vnd.kde.kontour','Repellat minus facilis nam delectus omnis assumenda eos earum. Aut architecto sapiente nihil volupta','2012-09-29 12:55:36','2014-08-28 22:11:16'),(17,'F','2009-08-01','text/css','application/x-tex-tfm','Vel quo possimus eius. Ut qui facere ut corrupti consequatur id. Adipisci non recusandae molestiae d','2016-05-22 23:25:25','2017-01-20 12:17:59'),(18,'F','1923-12-20','application/vnd.oasis.opendocument.graphics','text/vnd.curl.mcurl','Et occaecati aut minima. Non porro earum veniam. Ea in cum harum et est.','2018-09-06 07:28:44','2021-03-18 23:01:30'),(19,'M','1922-11-30','image/gif','audio/ogg','Iure quibusdam odit dignissimos modi suscipit nesciunt. Ut mollitia eos est eum. Et enim incidunt ul','2015-01-12 10:58:38','2021-03-18 23:01:30'),(20,'M','1961-05-23','application/java-archive','application/x-iso9660-image','Id itaque consequuntur veniam molestiae nihil voluptas. Fugit facilis totam qui et et iure possimus.','2015-12-08 01:13:45','2021-03-18 23:01:30'),(21,'F','1977-11-26','application/vnd.route66.link66+xml','application/x-t3vm-image','Soluta architecto vel eveniet exercitationem. Ut quidem corrupti ut necessitatibus nihil omnis dolor','2017-04-11 02:24:04','2019-06-18 01:46:52'),(22,'M','1976-11-23','application/vnd.xfdl','application/x-xz','Quam natus vel et vel ipsum. Iste qui hic saepe asperiores a nostrum quia. Velit sunt doloribus reru','2019-01-02 18:18:53','2021-03-18 23:01:30'),(23,'F','1937-03-01','image/x-3ds','application/vnd.lotus-notes','Odit quisquam dolores cupiditate rerum assumenda et voluptas. Nihil qui veritatis et sint error modi','2015-12-27 01:36:10','2021-03-18 23:01:30'),(24,'F','1931-07-26','application/atom+xml','application/vnd.sun.xml.calc.template','Dolorum ab iste sit dolorem. Quia sequi rerum iure perferendis molestiae molestiae asperiores. Velit','2012-01-21 00:47:26','2013-04-07 18:32:06'),(25,'M','1971-03-21','application/x-zmachine','application/vnd.oasis.opendocument.graphics-template','Repellat est facere qui eos voluptates velit vel. Qui est provident in eaque numquam.','2011-10-08 15:14:43','2021-03-18 23:01:30'),(26,'F','1950-11-23','application/vnd.epson.quickanime','application/vnd.oasis.opendocument.graphics','Ullam ducimus saepe doloribus accusantium sed. Voluptates esse quas rerum. Sed enim harum ea dolorum','2012-03-16 01:03:17','2014-09-08 06:35:29'),(27,'M','2017-09-18','application/vnd.svd','application/vnd.openxmlformats-officedocument.presentationml.presentation','A temporibus ducimus sed quod dolore. Soluta corporis quo nobis quas. Facilis provident cumque corru','2012-10-24 18:49:47','2020-12-18 06:17:48'),(28,'F','1991-07-21','video/x-ms-wm','audio/x-ms-wax','Laudantium omnis maxime vel quod molestiae labore rerum. Id in eum illo sed autem. Similique omnis i','2014-09-11 12:11:34','2021-03-18 23:01:30'),(29,'M','2003-12-26','application/vnd.trid.tpt','text/csv','Dolorum perferendis fuga molestias eaque illum vero natus. Sit vel quia ut quisquam eligendi sapient','2013-10-19 10:59:02','2017-09-12 11:07:26'),(30,'F','1937-09-06','application/vnd.ms-works','application/vnd.hydrostatix.sof-data','Modi numquam itaque rerum molestiae. Facere et alias adipisci.','2011-05-05 04:19:48','2020-02-18 08:42:33'),(31,'F','1924-10-10','image/sgi','application/x-stuffit','Corrupti sapiente dolorum facilis accusantium quidem deleniti. Quidem nemo harum error delectus aspe','2014-06-14 05:01:23','2016-06-02 21:30:46'),(32,'M','1993-06-28','application/vnd.ms-lrm','application/x-msmetafile','Omnis rerum fugiat expedita rerum ab error est facilis. Pariatur sed occaecati quis qui maiores arch','2013-05-30 06:24:56','2015-12-28 19:01:53'),(33,'M','1966-11-15','application/pgp-encrypted','image/ktx','Voluptatem veniam veritatis delectus autem. Ipsum error cumque corporis quidem et sapiente ullam. Co','2018-11-30 03:12:01','2021-03-18 23:01:30'),(34,'M','1973-10-09','application/vnd.ms-xpsdocument','text/x-sfv','Reiciendis impedit dignissimos maxime ipsa ea iusto id blanditiis. Eveniet nisi itaque quod laborum ','2015-07-18 17:34:11','2017-03-14 09:38:17'),(35,'M','2013-08-10','application/vnd.kidspiration','application/vnd.trid.tpt','Quas accusantium pariatur ea cumque rerum. Quis adipisci architecto assumenda itaque totam vitae eli','2019-04-18 10:59:33','2019-04-29 23:44:52'),(36,'M','1995-08-25','application/vnd.rn-realmedia-vbr','video/x-ms-wmx','Rerum nemo non veritatis fuga. Deleniti odit ipsum autem occaecati magnam reprehenderit. Et et porro','2012-11-07 23:10:10','2014-02-15 19:33:25'),(37,'M','1982-01-07','audio/adpcm','text/plain','Repellat non ea sequi doloribus facere sint quia explicabo. Dolore vel ipsum id. Non ut eos nesciunt','2011-10-19 22:10:25','2015-10-10 04:23:00'),(38,'M','2005-04-03','application/x-mie','application/vnd.llamagraphics.life-balance.desktop','Qui illo repellat necessitatibus accusamus sapiente. Ut voluptas a quod quis in.','2015-12-29 17:52:59','2021-03-18 23:01:30'),(39,'F','1936-01-23','application/vnd.ms-pki.seccat','application/sbml+xml','Non quis quaerat beatae neque et adipisci suscipit possimus. Et vel excepturi beatae sint. Illo sed ','2017-11-29 22:05:53','2018-12-08 17:53:23'),(40,'M','1923-05-27','application/vnd.vsf','application/vnd.igloader','Eos eos reiciendis eveniet et. Et amet quos enim velit. Magni quibusdam quisquam consequatur pariatu','2019-08-12 04:41:44','2021-03-18 23:01:30'),(41,'M','1930-10-22','application/vnd.lotus-freelance','image/g3fax','Qui dolorum et aut ad error libero. Nihil in illo maiores et. Nihil ab earum rerum odio.','2020-08-10 01:48:04','2020-09-06 03:11:43'),(42,'F','1978-03-15','application/vnd.kenameaapp','text/vnd.curl.dcurl','Non et eveniet omnis. Velit saepe et numquam non nemo maxime. Quia consequatur et esse natus est.','2019-12-15 20:51:07','2021-03-18 23:01:30'),(43,'F','1939-12-19','video/vnd.fvt','application/x-glulx','Temporibus error enim dignissimos amet temporibus voluptates recusandae. Molestiae blanditiis qui as','2015-06-23 17:08:46','2018-08-16 17:25:21'),(44,'F','1935-02-21','image/x-rgb','application/x-chat','Illo nihil sit libero repudiandae laudantium. Tempora quia soluta iure quo omnis. Modi non explicabo','2012-01-24 15:16:25','2013-01-26 09:36:54'),(45,'M','1952-12-03','application/x-font-woff','application/vnd.llamagraphics.life-balance.exchange+xml','Dolorem voluptas dolor est quo. Voluptatem nisi maxime error. Delectus delectus mollitia alias sed. ','2016-10-05 02:44:17','2019-10-28 15:37:12'),(46,'F','1954-07-17','application/x-bittorrent','application/vnd.oasis.opendocument.text-template','Accusantium occaecati adipisci magni praesentium exercitationem et. Quis quia voluptatem consequatur','2020-09-26 14:36:03','2021-03-18 23:01:30'),(47,'M','1932-10-31','image/x-pcx','application/mp4','Earum enim deleniti vel quas. Neque qui id temporibus fugiat. Dignissimos doloremque molestiae conse','2020-08-01 14:50:27','2020-08-26 19:10:50'),(48,'F','1967-04-18','application/reginfo+xml','video/mp4','Occaecati perspiciatis et qui amet blanditiis laborum quam. Totam voluptates qui voluptatibus quas. ','2016-06-13 21:00:04','2018-08-31 14:10:47'),(49,'F','1964-03-19','application/vnd.ms-xpsdocument','application/vnd.trueapp','Et consequatur ut est rerum adipisci. Et optio fuga illum.','2015-06-10 06:09:34','2015-12-10 21:38:22'),(50,'M','2006-06-18','application/vnd.oasis.opendocument.presentation-template','model/vnd.collada+xml','Natus eius molestias vitae enim sunt voluptatem possimus. Eligendi inventore veniam ratione dolores ','2012-02-08 19:41:04','2012-09-13 16:31:11'),(51,'M','1965-03-10','image/svg+xml','application/vnd.ms-fontobject','Est iusto laborum sit commodi culpa. Voluptatem soluta corporis aut est quis. Voluptas eveniet et do','2020-11-16 13:57:46','2021-03-18 23:01:30'),(52,'M','1975-11-14','text/x-sfv','application/vnd.wolfram.player','Sapiente non omnis maiores odio. Velit dolor quod repellendus error sunt laudantium.','2018-05-03 03:49:07','2021-03-18 23:01:30'),(53,'F','2014-09-20','application/vnd.unity','application/vnd.dna','Velit quia repellat esse aliquid a et. Et similique iure molestias officia corporis eligendi non. Eo','2019-08-06 21:20:25','2019-10-30 05:39:51'),(54,'M','1988-10-19','application/xhtml+xml','image/x-3ds','Hic reprehenderit aut dolor illo optio a. Omnis corporis voluptas eos voluptatem voluptate qui conse','2012-05-03 05:15:03','2014-12-24 23:53:06'),(55,'M','2009-07-01','application/vnd.pvi.ptid1','application/x-gramps-xml','Sit omnis quis nulla quaerat doloribus quae. Eum voluptas doloremque ullam ex. Molestiae quos eos er','2017-08-11 12:52:00','2021-03-18 23:01:30'),(56,'F','2013-03-03','application/x-ms-wmd','application/vnd.dolby.mlp','Quam veritatis qui ullam est aspernatur tempore excepturi. Accusantium consequatur deleniti ut qui p','2016-03-14 05:06:59','2021-03-18 23:01:30'),(57,'F','1995-03-16','audio/x-matroska','image/prs.btif','Et iste distinctio non alias tempora et. Qui nam maiores saepe esse. Non illo sed et sapiente aut.','2014-02-22 00:50:02','2017-02-18 19:54:47'),(58,'M','1983-10-22','application/vnd.openofficeorg.extension','application/winhlp','Aut impedit cumque explicabo quam. Rerum repellat ratione itaque non molestias. Numquam nesciunt sit','2017-05-20 03:00:05','2019-08-20 20:11:19'),(59,'M','1927-03-05','application/x-install-instructions','text/html','Sint veniam ea qui laborum suscipit commodi. Consequuntur incidunt et et itaque sint impedit. Repreh','2016-08-25 03:29:01','2019-02-03 14:00:42'),(60,'M','1978-07-02','text/turtle','application/vnd.oasis.opendocument.image-template','Pariatur maxime et rerum provident veritatis. Molestiae quos amet ea doloremque. Omnis aspernatur ip','2015-11-16 14:04:36','2021-03-18 23:01:30'),(61,'M','2012-06-25','video/quicktime','application/vnd.kde.kchart','Perferendis laboriosam eum unde ut animi. Aut quo natus repellendus numquam laborum. Enim vel eum vo','2011-04-09 15:17:59','2015-05-18 22:17:01'),(62,'F','1934-12-18','text/vnd.fly','image/svg+xml','Rerum excepturi possimus est omnis enim quia qui dolor. Doloremque dolores aut odit dolores numquam.','2016-02-23 02:04:15','2021-03-18 23:01:30'),(63,'M','1971-03-09','video/x-fli','application/vnd.tao.intent-module-archive','Veritatis est qui hic eos omnis delectus. Aspernatur enim labore earum ut quia. Et quam excepturi qu','2018-09-06 03:25:49','2021-03-18 23:01:30'),(64,'M','2017-12-24','application/jsonml+json','video/webm','Architecto non laudantium aut maxime iste. Et exercitationem eveniet similique molestias similique h','2019-08-13 21:05:11','2021-03-18 23:01:30'),(65,'F','1927-03-11','text/vnd.fmi.flexstor','image/bmp','Ut est ratione sit. Ex quia omnis facilis et blanditiis dignissimos. Ducimus et quaerat numquam maxi','2011-09-07 02:04:22','2013-06-16 02:35:21'),(66,'M','1940-02-02','image/x-portable-pixmap','image/vnd.djvu','Mollitia deserunt quae natus vero dolorem ad. Autem animi esse est quod aut est dolor repudiandae. D','2018-06-28 07:44:10','2021-03-18 23:01:30'),(67,'M','1965-04-19','text/vnd.fmi.flexstor','image/x-xbitmap','Dolorem numquam quia rerum consectetur est doloremque. Quaerat dolorem in doloribus ratione at.','2014-02-10 09:46:47','2018-02-01 16:32:42'),(68,'M','2020-10-09','application/vnd.sun.xml.draw.template','application/vnd.oasis.opendocument.chart-template','Laborum porro et non non. Eaque odit illo aut tempora. Nam quibusdam a culpa totam voluptatum aliqua','2013-12-10 07:33:42','2018-12-12 00:43:05'),(69,'F','1954-06-28','application/vnd.syncml+xml','text/vnd.graphviz','Vel ipsam voluptates quidem nisi aliquam cumque eum. Sunt necessitatibus voluptas placeat. Ad quia u','2011-05-04 22:03:15','2017-12-22 05:07:39'),(70,'F','1979-05-07','application/lost+xml','model/iges','Eos placeat iste molestiae omnis ut nesciunt cumque vero. Doloremque omnis tempore excepturi libero ','2016-05-21 09:33:45','2021-03-18 23:01:30'),(71,'F','2019-04-05','application/vnd.oasis.opendocument.chart','video/3gpp2','Ipsum expedita dolorem sit rerum voluptatem aut eum. Consequatur id harum porro voluptates quam quis','2011-06-25 10:08:04','2018-08-10 23:23:37'),(72,'F','1945-10-20','application/vnd.smaf','image/x-cmu-raster','Illo sed ut magni veritatis quia iste omnis sunt. Quos odio ut mollitia. Quidem esse et id repudiand','2015-06-28 05:03:46','2021-03-18 23:01:30'),(73,'F','1939-06-20','application/vnd.olpc-sugar','application/vnd.fluxtime.clip','Sit expedita sequi et nihil. Itaque quod maxime et dolorum officia. Saepe sequi eum molestias repell','2020-12-17 17:38:11','2021-03-18 23:01:30'),(74,'F','1999-08-26','model/vnd.mts','video/x-flv','Eveniet dolorem quas voluptas repellendus nemo. Qui deleniti et et itaque optio. Vitae consequatur a','2018-08-08 21:08:04','2020-04-03 17:34:56'),(75,'M','1952-12-14','application/vnd.ms-artgalry','text/vcard','Magni omnis itaque vitae numquam. Sunt consectetur fugiat ipsum quo est et. Sunt sit nemo ex beatae ','2017-10-07 08:24:45','2021-03-18 23:01:30'),(76,'F','1958-07-29','application/x-ms-shortcut','application/vnd.shana.informed.formdata','Tempore deleniti aspernatur adipisci. Voluptas dolorum ut porro vel nulla. Iusto sunt blanditiis ame','2018-06-20 20:47:21','2021-03-18 23:01:30'),(77,'F','1932-08-22','model/vnd.gdl','application/x-tar','Tempora magnam dolores voluptatum eligendi quam facilis explicabo. Vero beatae dolorem ut dolor vita','2014-06-04 17:45:35','2018-03-06 07:31:27'),(78,'M','1957-04-14','application/yin+xml','application/vnd.openxmlformats-officedocument.presentationml.presentation','Quos et est magnam excepturi. Nostrum tenetur alias explicabo. Saepe voluptas voluptatem aut sapient','2013-05-29 22:51:00','2020-04-03 01:17:35'),(79,'M','1930-03-14','application/vnd.trid.tpt','image/x-cmx','Recusandae atque natus ab pariatur. Enim sed fugiat fugit eum sint. Maiores nulla possimus velit err','2020-05-10 14:35:50','2021-03-18 23:01:30'),(80,'F','1928-02-01','application/x-font-ttf','model/vnd.mts','Sunt voluptatem consequatur maiores. Non laborum iure ratione non saepe mollitia. Sit sed animi adip','2014-04-24 21:59:29','2016-12-18 13:40:45'),(81,'F','1974-11-18','audio/ogg','video/x-m4v','Aut blanditiis suscipit quo voluptatem aut dolorum ab. Sint blanditiis fugit ut aut dolor velit quis','2011-08-07 17:12:39','2018-01-05 04:32:24'),(82,'F','1943-10-01','application/vnd.xara','video/vnd.dvb.file','Nulla qui culpa qui vel. Ratione voluptatem eligendi deleniti non. Eum itaque ea aut nihil odit et m','2017-09-05 15:24:29','2020-03-29 11:58:56'),(83,'F','1995-12-08','image/vnd.fpx','video/x-ms-vob','Cum sed modi adipisci. Laudantium ipsa harum quos quos quibusdam eligendi.','2019-06-09 12:22:13','2021-03-18 23:01:30'),(84,'M','1968-04-13','application/vnd.smaf','model/x3d+vrml','Nemo ea dignissimos dolor non laboriosam nesciunt est. Excepturi quia non error consectetur. Dicta e','2013-08-04 03:36:49','2013-11-02 09:34:23'),(85,'M','1967-11-06','application/vnd.shana.informed.formdata','application/vnd.sun.xml.impress.template','Occaecati quibusdam maxime velit harum alias delectus pariatur. Est labore et consequuntur id unde o','2021-03-03 16:25:47','2021-03-18 23:01:30'),(86,'F','1931-10-22','text/x-opml','application/vnd.trueapp','Provident et architecto esse voluptatem assumenda iure natus. Voluptate delectus et est aut unde sae','2019-05-29 17:13:39','2021-03-18 23:01:30'),(87,'F','1962-03-05','application/vnd.mozilla.xul+xml','application/vnd.sun.xml.math','Harum qui rerum corrupti. Aspernatur ducimus et veniam deserunt deserunt quasi. Esse provident est s','2011-12-26 16:40:17','2019-06-20 14:52:13'),(88,'F','1957-03-13','video/x-ms-wmv','image/x-tga','Id perspiciatis eum distinctio inventore ut quia. Consequuntur qui in necessitatibus amet. Quisquam ','2012-10-27 23:50:33','2021-03-18 23:01:30'),(89,'F','1946-11-04','application/x-conference','application/vnd.wap.wbxml','Velit id sunt debitis sit. Veritatis aliquam tenetur et magnam recusandae consequuntur. Modi et moll','2019-01-13 21:22:02','2021-03-18 23:01:30'),(90,'F','1932-01-24','video/vnd.ms-playready.media.pyv','application/postscript','Enim vel quis accusantium quasi occaecati illum sed. Quia excepturi ipsam accusantium consequuntur p','2020-07-12 21:07:53','2021-03-18 23:01:30'),(91,'F','1996-02-03','application/xspf+xml','application/vnd.ahead.space','Quia expedita officiis id quidem perferendis eveniet distinctio. Qui sequi omnis et ut excepturi. Op','2017-09-23 10:29:13','2021-03-18 23:01:30'),(92,'M','2016-11-05','application/x-tar','application/xop+xml','Exercitationem architecto minus quae nihil. Nemo ut maxime nihil eum delectus et quibusdam et. Vel a','2017-04-25 22:16:49','2021-03-18 23:01:30'),(93,'F','1941-05-06','application/vnd.rn-realmedia-vbr','application/vnd.sun.xml.writer.template','Qui perspiciatis quae alias doloribus. Dolor atque voluptates eveniet error placeat sequi. Est simil','2019-07-30 09:47:56','2020-11-26 13:34:14'),(94,'M','1922-11-11','application/vnd.adobe.air-application-installer-package+zip','audio/mp4','Exercitationem rerum nobis esse explicabo. Voluptatem voluptatem ut dignissimos in non ea est. Enim ','2016-02-28 18:25:13','2017-07-04 12:04:25'),(95,'F','1977-11-11','application/zip','application/vnd.ms-wpl','Quaerat aut fugiat veritatis facilis eos iste similique ipsum. Saepe provident odit id odit exceptur','2011-10-23 13:45:04','2012-11-18 03:57:36'),(96,'M','1939-09-11','application/vnd.oasis.opendocument.image','application/vnd.dna','Ex quam accusamus nemo sunt omnis voluptas. Possimus asperiores rerum quidem harum accusamus. Dolori','2015-07-21 12:13:25','2021-03-18 23:01:30'),(97,'F','1970-12-16','application/xv+xml','application/xspf+xml','Rerum eos architecto dolor. Officiis qui possimus a magni. Velit sit quos consequatur ratione corrup','2015-11-04 22:12:00','2019-08-06 21:48:25'),(98,'F','1928-04-16','application/vnd.adobe.air-application-installer-package+zip','application/vnd.oasis.opendocument.spreadsheet','Delectus expedita ut et est reprehenderit maiores quas. Totam corporis aut aut molestias sequi. Maxi','2012-04-03 02:04:57','2014-11-20 13:25:48'),(99,'M','2009-02-01','application/vnd.fdf','application/vnd.trid.tpt','Omnis ducimus quos animi consequatur qui delectus exercitationem. Laboriosam id exercitationem recus','2016-05-08 03:49:33','2021-01-29 07:16:33'),(100,'F','1970-07-21','application/voicexml+xml','text/vnd.graphviz','Quo et deserunt dolorem in ut velit. Quod sit voluptas qui totam reiciendis.','2014-07-25 16:38:59','2014-08-07 09:33:35');
/*!40000 ALTER TABLE `profiles` ENABLE KEYS */;
UNLOCK TABLES;
/*!50003 SET @saved_cs_client      = @@character_set_client */ ;
/*!50003 SET @saved_cs_results     = @@character_set_results */ ;
/*!50003 SET @saved_col_connection = @@collation_connection */ ;
/*!50003 SET character_set_client  = utf8mb4 */ ;
/*!50003 SET character_set_results = utf8mb4 */ ;
/*!50003 SET collation_connection  = utf8mb4_0900_ai_ci */ ;
/*!50003 SET @saved_sql_mode       = @@sql_mode */ ;
/*!50003 SET sql_mode              = 'STRICT_TRANS_TABLES,NO_ENGINE_SUBSTITUTION' */ ;
DELIMITER ;;
/*!50003 CREATE*/ /*!50017 DEFINER=`root`@`localhost`*/ /*!50003 TRIGGER `profiles_insert` AFTER INSERT ON `profiles` FOR EACH ROW BEGIN
  	CALL log_insert('profiles', 'insert', NEW.user_id, concat('Пол: ', NEW.gender, ', Дата рождения: ', NEW.birthday, ', о себе: ', NEW.about_user));
END */;;
DELIMITER ;
/*!50003 SET sql_mode              = @saved_sql_mode */ ;
/*!50003 SET character_set_client  = @saved_cs_client */ ;
/*!50003 SET character_set_results = @saved_cs_results */ ;
/*!50003 SET collation_connection  = @saved_col_connection */ ;
/*!50003 SET @saved_cs_client      = @@character_set_client */ ;
/*!50003 SET @saved_cs_results     = @@character_set_results */ ;
/*!50003 SET @saved_col_connection = @@collation_connection */ ;
/*!50003 SET character_set_client  = utf8mb4 */ ;
/*!50003 SET character_set_results = utf8mb4 */ ;
/*!50003 SET collation_connection  = utf8mb4_0900_ai_ci */ ;
/*!50003 SET @saved_sql_mode       = @@sql_mode */ ;
/*!50003 SET sql_mode              = 'STRICT_TRANS_TABLES,NO_ENGINE_SUBSTITUTION' */ ;
DELIMITER ;;
/*!50003 CREATE*/ /*!50017 DEFINER=`root`@`localhost`*/ /*!50003 TRIGGER `profiles_update` AFTER UPDATE ON `profiles` FOR EACH ROW BEGIN
  	CALL log_insert('profiles', 'update', NEW.user_id, concat('Пол: ', NEW.gender, ', Дата рождения: ', NEW.birthday, ', о себе: ', NEW.about_user));
END */;;
DELIMITER ;
/*!50003 SET sql_mode              = @saved_sql_mode */ ;
/*!50003 SET character_set_client  = @saved_cs_client */ ;
/*!50003 SET character_set_results = @saved_cs_results */ ;
/*!50003 SET collation_connection  = @saved_col_connection */ ;
/*!50003 SET @saved_cs_client      = @@character_set_client */ ;
/*!50003 SET @saved_cs_results     = @@character_set_results */ ;
/*!50003 SET @saved_col_connection = @@collation_connection */ ;
/*!50003 SET character_set_client  = utf8mb4 */ ;
/*!50003 SET character_set_results = utf8mb4 */ ;
/*!50003 SET collation_connection  = utf8mb4_0900_ai_ci */ ;
/*!50003 SET @saved_sql_mode       = @@sql_mode */ ;
/*!50003 SET sql_mode              = 'STRICT_TRANS_TABLES,NO_ENGINE_SUBSTITUTION' */ ;
DELIMITER ;;
/*!50003 CREATE*/ /*!50017 DEFINER=`root`@`localhost`*/ /*!50003 TRIGGER `profiles_delete` AFTER DELETE ON `profiles` FOR EACH ROW BEGIN
  	CALL log_insert('profiles', 'delete', OLD.user_id, concat('Пол: ', OLD.gender, ', Дата рождения: ', OLD.birthday, ', о себе: ', OLD.about_user));
END */;;
DELIMITER ;
/*!50003 SET sql_mode              = @saved_sql_mode */ ;
/*!50003 SET character_set_client  = @saved_cs_client */ ;
/*!50003 SET character_set_results = @saved_cs_results */ ;
/*!50003 SET collation_connection  = @saved_col_connection */ ;

--
-- Table structure for table `question_answer`
--

DROP TABLE IF EXISTS `question_answer`;
/*!40101 SET @saved_cs_client     = @@character_set_client */;
/*!50503 SET character_set_client = utf8mb4 */;
CREATE TABLE `question_answer` (
  `id` bigint unsigned NOT NULL AUTO_INCREMENT COMMENT 'Идентификатор строки',
  `question_id` bigint unsigned NOT NULL COMMENT 'Ссылка на опрос',
  `name` varchar(130) NOT NULL COMMENT 'Вариант ответа',
  PRIMARY KEY (`id`),
  UNIQUE KEY `id` (`id`),
  KEY `question_id` (`question_id`),
  CONSTRAINT `question_answer_ibfk_1` FOREIGN KEY (`question_id`) REFERENCES `posts_questions` (`id`) ON DELETE CASCADE ON UPDATE RESTRICT
) ENGINE=InnoDB AUTO_INCREMENT=301 DEFAULT CHARSET=utf8mb4 COLLATE=utf8mb4_0900_ai_ci COMMENT='Таблица ответов на опросы';
/*!40101 SET character_set_client = @saved_cs_client */;

--
-- Dumping data for table `question_answer`
--

LOCK TABLES `question_answer` WRITE;
/*!40000 ALTER TABLE `question_answer` DISABLE KEYS */;
INSERT INTO `question_answer` VALUES (1,1,'A aspernatur enim rerum libero dicta corrupti aliquam.'),(2,2,'Dolorem aut nobis doloremque labore laborum a.'),(3,3,'Aut perferendis temporibus odit.'),(4,4,'Itaque dicta exercitationem nostrum.'),(5,5,'Non sed reiciendis eveniet atque.'),(6,6,'Aut incidunt labore maiores autem rerum.'),(7,7,'Ut autem quaerat maxime qui.'),(8,8,'Tenetur recusandae provident assumenda magni et sit tempore.'),(9,9,'Sed id voluptates corporis repudiandae omnis.'),(10,10,'Et consequatur ipsam laudantium aut itaque.'),(11,11,'Occaecati ea nesciunt voluptatum est ut et amet doloremque.'),(12,12,'Optio est ad eum id molestiae omnis corporis.'),(13,13,'Eveniet libero officiis repellat voluptatem rerum et.'),(14,14,'A beatae sequi sunt perferendis.'),(15,15,'Consequuntur debitis cum consequatur magnam libero.'),(16,16,'Animi reprehenderit ea voluptatibus dolores fuga itaque et veniam.'),(17,17,'Quas dolorem temporibus earum optio incidunt et deleniti.'),(18,18,'Repellendus sint dolor corrupti corporis dolorem deserunt iure fugit.'),(19,19,'Suscipit ratione harum ut ullam tempore dolorem facere non.'),(20,20,'Aut omnis enim non placeat cum.'),(21,21,'Possimus sapiente quibusdam qui dolorem et perspiciatis.'),(22,22,'Necessitatibus distinctio at optio minus aperiam facere.'),(23,23,'Magnam magni quasi nesciunt adipisci ut.'),(24,24,'Qui neque id ab ut ratione autem architecto delectus.'),(25,25,'Officia quisquam aspernatur sit ut omnis consequatur.'),(26,26,'Id provident magnam et amet hic voluptatum iusto laboriosam.'),(27,27,'Dolor harum ipsam aperiam inventore quidem expedita.'),(28,28,'Temporibus voluptatem ut est voluptatem voluptatem.'),(29,29,'Porro at nulla sequi quia repudiandae voluptatem aut.'),(30,30,'Vel eos praesentium nulla et.'),(31,31,'In maxime enim hic quia maxime dicta.'),(32,32,'Non et necessitatibus itaque nulla ipsum.'),(33,33,'Commodi expedita et minima illum omnis sed sint.'),(34,34,'Velit nobis vitae nihil eos eos ratione quas.'),(35,35,'Quas consequatur voluptatem aut veritatis explicabo natus rem.'),(36,36,'Atque amet officia illum voluptatem quo.'),(37,37,'Amet asperiores consequatur ea consequuntur tenetur libero.'),(38,38,'Tempore debitis perspiciatis quod quos mollitia.'),(39,39,'Tenetur ipsa et nam aut explicabo non quod.'),(40,40,'Id rerum voluptatem laborum tempora soluta.'),(41,41,'Consequatur aut numquam labore ut voluptatibus.'),(42,42,'Delectus ducimus eum enim rerum rerum.'),(43,43,'Laborum ducimus ut sequi itaque quas dolorem excepturi voluptatem.'),(44,44,'Voluptatem sit facere est et laudantium.'),(45,45,'Dolor quia assumenda placeat aspernatur.'),(46,46,'Officia molestias adipisci consequatur commodi officiis velit facere.'),(47,47,'Est dolores omnis quisquam minima mollitia.'),(48,48,'Nisi et aut doloribus autem nihil nesciunt.'),(49,49,'Aut sequi debitis unde fugit.'),(50,50,'Aut dolores praesentium omnis dolor.'),(51,51,'Et nemo nisi architecto temporibus non.'),(52,52,'Omnis aperiam magni animi quia occaecati natus quod.'),(53,53,'Cum asperiores exercitationem odio dolores.'),(54,54,'Est eligendi nisi illum voluptatum aut fuga.'),(55,55,'Consequatur libero tempora repellendus eligendi iste.'),(56,56,'Ipsam eum esse debitis id magni enim aliquam.'),(57,57,'Consequuntur quibusdam et velit voluptates.'),(58,58,'Eum asperiores magnam consequuntur.'),(59,59,'Itaque vel maxime tenetur atque necessitatibus.'),(60,60,'Quo totam reiciendis ipsam consectetur voluptatem.'),(61,61,'Rem ullam voluptate molestiae impedit.'),(62,62,'At voluptatibus sequi aut animi vel consectetur odio qui.'),(63,63,'Perferendis autem perspiciatis quia distinctio aut et ut.'),(64,64,'Harum qui ut similique ab magni ut nam dolores.'),(65,65,'Explicabo doloribus enim ea et est magni.'),(66,66,'Qui velit nobis nam at.'),(67,67,'Explicabo architecto mollitia laudantium quod molestiae non ut.'),(68,68,'Voluptatem molestiae ea aspernatur rerum deleniti blanditiis sequi.'),(69,69,'Maiores qui cupiditate animi harum quia non.'),(70,70,'Itaque ut et quo earum dolores.'),(71,71,'Omnis tempora quia earum iusto dolorem architecto similique eum.'),(72,72,'Neque et tenetur quia.'),(73,73,'Aut a libero beatae dolores.'),(74,74,'Necessitatibus earum voluptas corporis eos qui qui repellendus.'),(75,75,'Ad id provident assumenda facilis odit officiis.'),(76,76,'Quae necessitatibus quod eaque sed et et ratione est.'),(77,77,'Inventore animi dolorum sint ut omnis.'),(78,78,'Asperiores exercitationem et dolore illum.'),(79,79,'Enim rerum qui at labore vero quisquam suscipit et.'),(80,80,'Laboriosam sequi aut eaque error eos consequuntur.'),(81,81,'Occaecati et maiores deleniti quia quia.'),(82,82,'Ullam iste rem ut ut vero similique qui quibusdam.'),(83,83,'Impedit fugit ad reiciendis ut sit quia et.'),(84,84,'Omnis delectus qui ipsum sed.'),(85,85,'Quaerat dolor iusto sed aliquid.'),(86,86,'Similique earum animi harum cumque adipisci a quaerat est.'),(87,87,'Aperiam nam voluptas ad optio.'),(88,88,'Nesciunt voluptas iste suscipit cupiditate.'),(89,89,'Tenetur adipisci animi quia non.'),(90,90,'Ut animi reprehenderit unde fuga omnis.'),(91,91,'Minima libero quisquam et et et sunt nobis harum.'),(92,92,'Labore esse ipsa eos natus.'),(93,93,'Quidem quae rerum dolor quod vero exercitationem.'),(94,94,'Non totam libero doloremque veritatis.'),(95,95,'Ea asperiores qui vitae.'),(96,96,'Repudiandae sequi cumque est.'),(97,97,'At in quia blanditiis harum totam quibusdam sint.'),(98,98,'Eos porro eius est est adipisci ut id.'),(99,99,'Tenetur quas ipsa dolores minus natus animi explicabo.'),(100,100,'Ut alias quos corporis eos iste qui repudiandae.'),(101,1,'Praesentium quia et similique quam sit est velit.'),(102,2,'Quisquam et quia natus aspernatur laborum.'),(103,3,'Distinctio aliquam quia harum sed consequuntur sed sed mollitia.'),(104,4,'Eum explicabo consectetur libero voluptatem.'),(105,5,'Sapiente molestiae minus ullam odio.'),(106,6,'Ut fugiat voluptatum quidem explicabo voluptatibus.'),(107,7,'Consequatur rerum praesentium eum maiores cum a.'),(108,8,'Dolore aut maxime et minima adipisci porro et.'),(109,9,'Assumenda nihil totam et voluptates dolorem ad.'),(110,10,'Consequatur dolore nam impedit.'),(111,11,'Voluptas recusandae optio quidem at.'),(112,12,'Non vel optio magni assumenda et.'),(113,13,'Voluptatem unde unde blanditiis assumenda eius dolore.'),(114,14,'Repellat accusamus qui vero nulla.'),(115,15,'Totam tempora eos et illo.'),(116,16,'Modi soluta ducimus est est nihil aut nihil.'),(117,17,'A explicabo commodi soluta mollitia et qui.'),(118,18,'Magnam est in ipsa voluptatem voluptatum distinctio ratione eius.'),(119,19,'Et eius at et voluptate sed nesciunt ut.'),(120,20,'Tenetur error provident enim voluptatem repellat voluptatem ullam.'),(121,21,'Quam rerum ad enim ut quasi ut.'),(122,22,'Consequatur provident ipsum autem ducimus.'),(123,23,'Dolor voluptatem sapiente odio rem.'),(124,24,'Et officia fugiat reiciendis modi sit qui beatae.'),(125,25,'Asperiores mollitia consequatur libero sed officia dolorum quisquam.'),(126,26,'Aspernatur tenetur praesentium et laborum eaque magni aliquam.'),(127,27,'Neque omnis fugit sed et molestiae porro excepturi a.'),(128,28,'Saepe qui provident aspernatur ea.'),(129,29,'Quisquam eligendi corrupti veniam voluptate.'),(130,30,'Et velit hic fugiat iure quis aut.'),(131,31,'Error quisquam accusamus sapiente porro.'),(132,32,'Error nostrum qui voluptas tenetur.'),(133,33,'Quam saepe alias ea.'),(134,34,'Ut consectetur dolor nihil sint inventore et ex exercitationem.'),(135,35,'Aut voluptatem repellendus sunt ut.'),(136,36,'Nemo et officiis est et quidem aut repudiandae.'),(137,37,'Quasi minima labore consequatur ducimus officiis voluptas.'),(138,38,'Dolores error delectus velit quod optio voluptatum.'),(139,39,'Nihil nam odit quas quod omnis aut quibusdam.'),(140,40,'Saepe odit voluptates consequatur eos dolorem eum.'),(141,41,'Eligendi et excepturi officiis incidunt molestias rerum.'),(142,42,'Qui in magni ex aliquid eos.'),(143,43,'Quis rerum voluptatibus quaerat quod omnis placeat.'),(144,44,'Eos porro unde ratione non.'),(145,45,'Fugiat labore odio iste voluptate mollitia iste quo.'),(146,46,'Est expedita maxime est est repellendus quod.'),(147,47,'In earum aperiam in et corrupti neque voluptatem.'),(148,48,'Dolor dolorem nostrum tenetur enim est mollitia cum dolor.'),(149,49,'Aliquid velit officiis rerum facilis rerum nisi repellat molestiae.'),(150,50,'Sit soluta nemo earum minima est.'),(151,51,'Non autem commodi animi.'),(152,52,'Sunt aut velit laboriosam laudantium odio.'),(153,53,'Similique ullam ipsum qui hic.'),(154,54,'Non aliquam qui ullam eaque.'),(155,55,'Aspernatur voluptate sit ut vero.'),(156,56,'Consequuntur architecto cupiditate consectetur qui porro quidem exercitationem.'),(157,57,'Temporibus odio hic commodi.'),(158,58,'Omnis odit eligendi quos.'),(159,59,'Dolorem est qui exercitationem ex dolor fugit itaque eveniet.'),(160,60,'Rerum laudantium eaque molestiae ipsum veniam voluptatem velit aut.'),(161,61,'Cupiditate sapiente optio quia necessitatibus similique.'),(162,62,'Inventore debitis soluta et praesentium accusantium provident.'),(163,63,'Optio ullam sed labore quisquam recusandae autem.'),(164,64,'Ullam et nisi illo ratione quia provident.'),(165,65,'Similique non sunt facilis nobis natus et hic.'),(166,66,'Qui dolor hic tempora.'),(167,67,'Rerum inventore consectetur eligendi facilis.'),(168,68,'Qui aliquam vero fugiat odit voluptas incidunt animi minus.'),(169,69,'Eaque vel eius repellat repellat accusantium maiores et.'),(170,70,'Occaecati explicabo quis quod nesciunt aut repellat exercitationem iusto.'),(171,71,'Fuga velit et ea.'),(172,72,'Veniam ut quasi nobis et aut.'),(173,73,'Atque provident eos velit sit beatae.'),(174,74,'Assumenda consequuntur amet reiciendis laboriosam.'),(175,75,'Dolores voluptas culpa aperiam ex voluptatem.'),(176,76,'Repellendus voluptate laboriosam et itaque optio natus.'),(177,77,'Aut in qui ullam.'),(178,78,'Ad blanditiis impedit suscipit laudantium.'),(179,79,'Distinctio eum qui unde sed fugiat iste.'),(180,80,'Expedita ratione perferendis et voluptatem.'),(181,81,'Cupiditate mollitia sed sint.'),(182,82,'Aut dolorem odit et itaque.'),(183,83,'Iusto sed voluptatem non consequatur dolores cupiditate in.'),(184,84,'Deserunt eum velit voluptatem incidunt maxime doloremque sequi.'),(185,85,'Repellendus porro quidem quis.'),(186,86,'Et aut et et et.'),(187,87,'Quia sapiente sint consequatur velit repudiandae dolorem.'),(188,88,'Voluptatem cum eveniet aspernatur suscipit.'),(189,89,'Sed temporibus quasi voluptatem magnam quam dicta voluptas.'),(190,90,'Ad deserunt quam veritatis et soluta architecto.'),(191,91,'Harum et eligendi nihil qui et.'),(192,92,'Sed commodi dolor voluptatem voluptatem incidunt dolores.'),(193,93,'Est recusandae et voluptatem et suscipit.'),(194,94,'Eveniet architecto dicta sint quasi repellat porro eos.'),(195,95,'Ut libero est aut autem.'),(196,96,'Ullam asperiores corrupti eius consequatur unde consequatur.'),(197,97,'Expedita necessitatibus alias maxime iste.'),(198,98,'Facere laborum minus ea ea porro omnis.'),(199,99,'Enim nesciunt fugiat est enim labore rerum.'),(200,100,'Laborum eos eveniet aspernatur distinctio.'),(201,1,'Porro qui expedita voluptates sunt.'),(202,2,'Alias dolor assumenda veritatis sed corporis facilis.'),(203,3,'Eum sed explicabo fuga quibusdam.'),(204,4,'Est perspiciatis sit excepturi illum dignissimos est aliquid.'),(205,5,'Quisquam sed sint tenetur reiciendis a nostrum reiciendis.'),(206,6,'Aspernatur tempora illum nobis fugiat et sequi aut.'),(207,7,'Quidem voluptatem totam quo laborum.'),(208,8,'Molestias voluptas dolor iusto ullam veniam.'),(209,9,'Adipisci vitae blanditiis vitae quis saepe nam nesciunt.'),(210,10,'Nemo facilis delectus est in.'),(211,11,'Saepe eaque in consequatur nostrum.'),(212,12,'Harum quod quisquam ad repellat voluptatem pariatur beatae.'),(213,13,'Totam qui est eius quidem et maxime.'),(214,14,'Et est at tenetur et maxime porro illo dolorum.'),(215,15,'Dolores non sunt natus dolor in necessitatibus.'),(216,16,'Sit laborum in rem impedit.'),(217,17,'Velit et nihil accusantium illum.'),(218,18,'Velit est necessitatibus enim fugiat nostrum perferendis.'),(219,19,'Sunt tempore aut eos rerum debitis reiciendis iure.'),(220,20,'Distinctio nisi et cum consequatur vel est esse.'),(221,21,'Culpa est autem laudantium quia pariatur officiis est ut.'),(222,22,'Beatae vel qui et illum incidunt iure maiores exercitationem.'),(223,23,'Sint est accusantium dignissimos quo nihil.'),(224,24,'Ut vel praesentium optio omnis.'),(225,25,'Voluptas saepe ex hic quia labore aperiam.'),(226,26,'Officia veritatis consectetur rerum a laboriosam rerum quas eos.'),(227,27,'Ipsam aut a eius enim distinctio natus.'),(228,28,'Maxime aut mollitia et doloribus non nesciunt.'),(229,29,'Officiis et velit quod quis omnis.'),(230,30,'Voluptatem nam voluptatem in eum.'),(231,31,'Eos tempore et fuga ullam optio.'),(232,32,'Maxime qui officia omnis aut aliquam occaecati.'),(233,33,'Labore non veritatis voluptates natus odio.'),(234,34,'Delectus adipisci commodi doloribus necessitatibus.'),(235,35,'Iure dignissimos omnis corrupti esse ipsum quia exercitationem eaque.'),(236,36,'Ea voluptatem minus numquam ea veniam.'),(237,37,'Illum dolor in quis voluptatem sint voluptatem sequi atque.'),(238,38,'Odit ea modi labore autem.'),(239,39,'Blanditiis aut numquam ut blanditiis autem asperiores.'),(240,40,'Vero sed eaque quo minus est.'),(241,41,'Et rerum fugiat sint eligendi aspernatur corrupti cumque.'),(242,42,'Mollitia omnis fuga culpa suscipit iure assumenda.'),(243,43,'Aut vitae sed consectetur.'),(244,44,'Alias rem similique aut impedit.'),(245,45,'Sit debitis error ea aut.'),(246,46,'Nobis beatae deserunt est et eveniet totam consectetur aliquid.'),(247,47,'Et voluptas molestias fuga dicta dolore ratione.'),(248,48,'Atque beatae sunt quidem et sed nulla odio.'),(249,49,'Autem amet sequi illum blanditiis vel sed.'),(250,50,'Modi ducimus voluptas modi aut ducimus.'),(251,51,'Et consectetur suscipit amet illum esse mollitia et.'),(252,52,'Rerum ut natus est totam tempore mollitia.'),(253,53,'Doloribus maxime ratione dolores nobis ducimus molestiae.'),(254,54,'Consectetur sapiente a dolores qui esse.'),(255,55,'Non distinctio voluptas aut quis.'),(256,56,'Facilis temporibus voluptatem voluptatem quam consequatur et.'),(257,57,'Esse omnis exercitationem voluptas eligendi sunt earum et.'),(258,58,'Est autem commodi odio voluptates repellat voluptas.'),(259,59,'Magnam non laboriosam nobis incidunt culpa tenetur delectus.'),(260,60,'Ad nihil qui occaecati alias.'),(261,61,'Pariatur id velit rerum aut dolore rem non.'),(262,62,'Consectetur asperiores qui sunt sint blanditiis.'),(263,63,'Doloribus aut mollitia et quaerat ullam quam fugit quod.'),(264,64,'Sed voluptatem voluptas sit porro magni consequatur quisquam et.'),(265,65,'Porro consequatur voluptas quo fugiat laudantium ut labore porro.'),(266,66,'Harum aut culpa placeat.'),(267,67,'Vel incidunt eos aut natus.'),(268,68,'Fuga molestiae doloribus hic quos.'),(269,69,'Voluptatum dolor placeat blanditiis beatae repellendus.'),(270,70,'Et qui at est et.'),(271,71,'Non nemo facere dolores eum.'),(272,72,'Veniam quibusdam nihil vitae.'),(273,73,'Qui aperiam libero debitis iure doloribus.'),(274,74,'Nihil veniam et et illo cupiditate aspernatur.'),(275,75,'Asperiores qui voluptatem nulla totam consectetur numquam laborum placeat.'),(276,76,'Delectus occaecati culpa omnis aut.'),(277,77,'Ab quidem dolor non ut voluptatibus minima et.'),(278,78,'Dolor consequatur in quia sed perspiciatis in.'),(279,79,'Perferendis et et quisquam dolor adipisci.'),(280,80,'Distinctio omnis nemo non ipsa.'),(281,81,'Porro ea est in ratione placeat rem.'),(282,82,'Veritatis quaerat autem velit nihil sint cupiditate aut.'),(283,83,'Repellendus corrupti at qui sed voluptatem maiores dolorem.'),(284,84,'Qui eos dolorum unde assumenda laborum asperiores.'),(285,85,'Et autem commodi qui eum omnis rerum cupiditate.'),(286,86,'Quis ut assumenda beatae recusandae.'),(287,87,'Nisi quia ut aliquid distinctio.'),(288,88,'Dolor ipsam veniam enim est id quae.'),(289,89,'Debitis eveniet ea blanditiis vero quae qui.'),(290,90,'Commodi dolorem ut et corporis.'),(291,91,'Deserunt in beatae tempora mollitia quibusdam.'),(292,92,'Aliquid consequuntur facilis quia quis aut.'),(293,93,'Accusantium vero vel placeat dignissimos magnam.'),(294,94,'Et ut minima nesciunt suscipit quas nobis.'),(295,95,'Voluptatum impedit quaerat odit enim nulla voluptatem exercitationem voluptatem.'),(296,96,'Aliquid eum eligendi consequatur distinctio aut natus modi.'),(297,97,'Repellendus quo numquam eveniet nihil placeat.'),(298,98,'Ea omnis quo ut.'),(299,99,'Consequatur fugiat in ipsam dolor.'),(300,100,'Amet dignissimos perferendis sed quod quia voluptatibus.');
/*!40000 ALTER TABLE `question_answer` ENABLE KEYS */;
UNLOCK TABLES;

--
-- Table structure for table `ratings`
--

DROP TABLE IF EXISTS `ratings`;
/*!40101 SET @saved_cs_client     = @@character_set_client */;
/*!50503 SET character_set_client = utf8mb4 */;
CREATE TABLE `ratings` (
  `id` int unsigned NOT NULL AUTO_INCREMENT COMMENT 'Идентификатор строки',
  `table_name` varchar(130) NOT NULL COMMENT 'Имя таблицы, для которой имеется рейтинг',
  `table_col_name` varchar(130) NOT NULL COMMENT 'Имя столбца для users(id) в таблице, для которой имеется рейтинг',
  `ratio` float unsigned NOT NULL COMMENT 'Весовой коэффициент (множитель) при расчете рейтинга',
  `created_at` datetime DEFAULT CURRENT_TIMESTAMP COMMENT 'Дата создания',
  PRIMARY KEY (`id`)
) ENGINE=InnoDB AUTO_INCREMENT=8 DEFAULT CHARSET=utf8mb4 COLLATE=utf8mb4_0900_ai_ci COMMENT='Таблица рейтингов';
/*!40101 SET character_set_client = @saved_cs_client */;

--
-- Dumping data for table `ratings`
--

LOCK TABLES `ratings` WRITE;
/*!40000 ALTER TABLE `ratings` DISABLE KEYS */;
INSERT INTO `ratings` VALUES (1,'posts','owner_id',2,'2021-03-18 23:01:50'),(2,'media','user_id',0.5,'2021-03-18 23:01:50'),(3,'friendship','user_id',1,'2021-03-18 23:01:50'),(4,'friendship','friend_id',0.5,'2021-03-18 23:01:50'),(5,'communities','owner_id',10,'2021-03-18 23:01:50'),(6,'communities_users','user_id',3,'2021-03-18 23:01:50'),(7,'likes','user_id',1,'2021-03-18 23:01:50');
/*!40000 ALTER TABLE `ratings` ENABLE KEYS */;
UNLOCK TABLES;

--
-- Table structure for table `users`
--

DROP TABLE IF EXISTS `users`;
/*!40101 SET @saved_cs_client     = @@character_set_client */;
/*!50503 SET character_set_client = utf8mb4 */;
CREATE TABLE `users` (
  `id` bigint unsigned NOT NULL AUTO_INCREMENT COMMENT 'Идентификатор строки',
  `first_name` varchar(100) NOT NULL COMMENT 'Имя пользователя',
  `last_name` varchar(100) NOT NULL COMMENT 'Фамилия пользователя',
  `email` varchar(100) NOT NULL COMMENT 'Почта',
  `phone` varchar(50) NOT NULL COMMENT 'Телефон',
  `created_at` datetime DEFAULT CURRENT_TIMESTAMP COMMENT 'Время создания строки',
  `updated_at` datetime DEFAULT CURRENT_TIMESTAMP ON UPDATE CURRENT_TIMESTAMP COMMENT 'Время обновления строки',
  PRIMARY KEY (`id`),
  UNIQUE KEY `id` (`id`),
  UNIQUE KEY `email` (`email`),
  UNIQUE KEY `phone` (`phone`),
  KEY `users_last_name_first_name_idx` (`last_name`,`first_name`)
) ENGINE=InnoDB AUTO_INCREMENT=101 DEFAULT CHARSET=utf8mb4 COLLATE=utf8mb4_0900_ai_ci COMMENT='Пользователи';
/*!40101 SET character_set_client = @saved_cs_client */;

--
-- Dumping data for table `users`
--

LOCK TABLES `users` WRITE;
/*!40000 ALTER TABLE `users` DISABLE KEYS */;
INSERT INTO `users` VALUES (1,'Josephine','Rohan','mokuneva@example.org','(975)926-5860x62141','2011-04-26 07:48:45','2019-04-01 17:14:47'),(2,'Samara','Kulas','margaretta73@example.org','+90(7)3917611929','2016-02-08 05:06:25','2016-11-07 09:01:22'),(3,'Adam','Bogisich','ian.kovacek@example.org','191-100-7772x0978','2021-01-28 12:14:46','2021-03-18 23:01:30'),(4,'Loyce','Becker','considine.herta@example.com','+15(1)6570006871','2016-11-29 21:27:44','2021-03-18 23:01:30'),(5,'Brook','McCullough','jon69@example.com','+55(2)8987911833','2013-11-02 16:21:34','2021-03-18 23:01:30'),(6,'Madge','Haley','modesta08@example.org','1-184-768-5390','2012-11-27 07:56:36','2021-03-18 23:01:30'),(7,'Norberto','Lakin','hterry@example.org','394-829-3793x61244','2018-10-17 17:45:09','2021-03-18 23:01:30'),(8,'Travis','Kiehn','astamm@example.net','120.161.0558','2018-12-15 12:36:48','2021-03-18 23:01:30'),(9,'Caroline','Bernhard','rolando.mosciski@example.com','(334)173-0078x1208','2014-10-24 04:17:54','2016-12-01 03:10:56'),(10,'Keara','Heathcote','isawayn@example.net','1-188-529-6435x0520','2012-09-22 11:58:31','2015-05-22 03:01:52'),(11,'Laurine','Boyer','csmitham@example.net','1-346-521-7069x9081','2019-11-04 08:36:31','2021-03-18 23:01:30'),(12,'Abigail','Flatley','victor.bradtke@example.net','605.252.6379x241','2011-12-27 18:31:38','2018-12-10 20:19:15'),(13,'Mabelle','Heidenreich','tremayne.mcclure@example.org','635.909.5801x851','2016-12-27 05:00:05','2021-03-18 23:01:30'),(14,'Brennan','Tromp','torphy.yadira@example.com','1-131-988-9509x63460','2016-04-03 07:38:13','2020-03-10 10:23:16'),(15,'Annalise','Cruickshank','ethyl81@example.org','608.947.2796','2012-03-23 02:09:32','2013-04-11 02:14:36'),(16,'Jedidiah','Mann','gerhard.gibson@example.org','847-963-8490x92289','2012-09-29 12:55:36','2014-08-28 22:11:16'),(17,'Edmund','Klein','ubosco@example.org','072-613-9127','2016-05-22 23:25:25','2017-01-20 12:17:59'),(18,'Hulda','Pollich','fleta.ledner@example.org','960.569.5465','2018-09-06 07:28:44','2021-03-18 23:01:30'),(19,'Demario','Nitzsche','dietrich.amalia@example.net','1-031-339-3115','2015-01-12 10:58:38','2021-03-18 23:01:30'),(20,'Herminia','Hessel','florian.williamson@example.org','1-413-010-5506x408','2015-12-08 01:13:45','2021-03-18 23:01:30'),(21,'Gregorio','Stiedemann','jalon.streich@example.net','307.567.8168x19287','2017-04-11 02:24:04','2019-06-18 01:46:52'),(22,'Ana','Bogan','daija.leannon@example.net','675.388.3215x6421','2019-01-02 18:18:53','2021-03-18 23:01:30'),(23,'Loyce','Daniel','bernardo.rohan@example.com','(400)148-0048x91712','2015-12-27 01:36:10','2021-03-18 23:01:30'),(24,'Kevin','Considine','rframi@example.com','(046)816-0953','2012-01-21 00:47:26','2013-04-07 18:32:06'),(25,'Una','King','sabrina.rippin@example.com','945.339.8528','2011-10-08 15:14:43','2021-03-18 23:01:30'),(26,'Sabryna','Ondricka','tamara.terry@example.net','(216)113-5069','2012-03-16 01:03:17','2014-09-08 06:35:29'),(27,'Laurel','Braun','sibyl.lemke@example.com','122-958-6563','2012-10-24 18:49:47','2020-12-18 06:17:48'),(28,'Luigi','VonRueden','zboncak.malachi@example.com','083-516-0569x9311','2014-09-11 12:11:34','2021-03-18 23:01:30'),(29,'Kellen','Senger','sharon.leffler@example.net','451.849.6734','2013-10-19 10:59:02','2017-09-12 11:07:26'),(30,'Ramona','Rogahn','donavon.rippin@example.org','(640)666-1671','2011-05-05 04:19:48','2020-02-18 08:42:33'),(31,'Renee','Dibbert','kozey.raoul@example.com','799.970.4850','2014-06-14 05:01:23','2016-06-02 21:30:46'),(32,'Hoyt','Rosenbaum','katheryn.streich@example.com','(518)660-3273','2013-05-30 06:24:56','2015-12-28 19:01:53'),(33,'Tamara','Reinger','hershel.schinner@example.com','372-555-5324x71998','2018-11-30 03:12:01','2021-03-18 23:01:30'),(34,'Richmond','Kris','kaia.jakubowski@example.com','1-805-174-1132','2015-07-18 17:34:11','2017-03-14 09:38:17'),(35,'Ethelyn','Rau','senger.damion@example.org','1-930-531-6010x181','2019-04-18 10:59:33','2019-04-29 23:44:52'),(36,'Amber','Will','howe.alexys@example.net','381-970-3974x296','2012-11-07 23:10:10','2014-02-15 19:33:25'),(37,'Elaina','Bode','lia16@example.net','794.109.2258x42657','2011-10-19 22:10:25','2015-10-10 04:23:00'),(38,'Roger','Rice','rosalinda63@example.org','04133487185','2015-12-29 17:52:59','2021-03-18 23:01:30'),(39,'Elissa','Adams','ohowell@example.net','(906)883-1102x525','2017-11-29 22:05:53','2018-12-08 17:53:23'),(40,'Justus','Lynch','ghauck@example.net','247.488.1201','2019-08-12 04:41:44','2021-03-18 23:01:30'),(41,'Gerardo','Hamill','oabshire@example.com','764-581-3261','2020-08-10 01:48:04','2020-09-06 03:11:43'),(42,'Cora','Ledner','elise.kovacek@example.org','+95(5)0133447480','2019-12-15 20:51:07','2021-03-18 23:01:30'),(43,'Quincy','Gibson','ckessler@example.org','186.234.6556x16601','2015-06-23 17:08:46','2018-08-16 17:25:21'),(44,'Roscoe','Williamson','frankie.feil@example.net','655.310.7951x7303','2012-01-24 15:16:25','2013-01-26 09:36:54'),(45,'Alva','Kling','kali23@example.net','+97(7)7581738472','2016-10-05 02:44:17','2019-10-28 15:37:12'),(46,'Ansley','Parker','jannie05@example.com','1-780-325-7142','2020-09-26 14:36:03','2021-03-18 23:01:30'),(47,'Alexandro','Ortiz','ned.hills@example.org','393-473-0383x6622','2020-08-01 14:50:27','2020-08-26 19:10:50'),(48,'Sedrick','Kozey','enrico.schmidt@example.net','1-800-807-7690x65557','2016-06-13 21:00:04','2018-08-31 14:10:47'),(49,'Jaycee','Kunze','terrence.homenick@example.net','+56(3)4057550044','2015-06-10 06:09:34','2015-12-10 21:38:22'),(50,'Beryl','Ward','borer.aylin@example.net','(847)943-3218x939','2012-02-08 19:41:04','2012-09-13 16:31:11'),(51,'Nikita','Marvin','rudolph.russel@example.net','(264)958-2678x1275','2020-11-16 13:57:46','2021-03-18 23:01:30'),(52,'Jerome','Feil','sauer.marielle@example.com','+46(3)7801591311','2018-05-03 03:49:07','2021-03-18 23:01:30'),(53,'Myrtis','Shanahan','cloyd.hirthe@example.com','138-648-5683x21918','2019-08-06 21:20:25','2019-10-30 05:39:51'),(54,'Miles','Pfeffer','donnelly.emmie@example.org','1-077-536-9265x02690','2012-05-03 05:15:03','2014-12-24 23:53:06'),(55,'Raquel','Kling','jermey26@example.net','707-258-7539x44973','2017-08-11 12:52:00','2021-03-18 23:01:30'),(56,'Priscilla','Lowe','oberbrunner.arely@example.net','(714)473-3516','2016-03-14 05:06:59','2021-03-18 23:01:30'),(57,'Mittie','Jast','ecasper@example.com','1-199-472-0615','2014-02-22 00:50:02','2017-02-18 19:54:47'),(58,'Madaline','Prosacco','tyrique14@example.org','1-441-533-0363','2017-05-20 03:00:05','2019-08-20 20:11:19'),(59,'Gonzalo','Ratke','ila.jenkins@example.com','(832)185-0708x92806','2016-08-25 03:29:01','2019-02-03 14:00:42'),(60,'Xander','Morar','magdalena.kris@example.com','+82(3)0191188962','2015-11-16 14:04:36','2021-03-18 23:01:30'),(61,'Hershel','Rogahn','funk.katherine@example.org','210.608.2861x475','2011-04-09 15:17:59','2015-05-18 22:17:01'),(62,'Hal','Kihn','adalberto.fritsch@example.org','797-252-1600x708','2016-02-23 02:04:15','2021-03-18 23:01:30'),(63,'Vallie','Rau','mschinner@example.org','(716)189-1923','2018-09-06 03:25:49','2021-03-18 23:01:30'),(64,'Faye','Glover','bria17@example.com','588-829-3440x60309','2019-08-13 21:05:11','2021-03-18 23:01:30'),(65,'Sigurd','Anderson','ruth.ratke@example.org','1-679-581-1232x5006','2011-09-07 02:04:22','2013-06-16 02:35:21'),(66,'Janet','Crona','emma.cronin@example.com','1-121-189-1811x2359','2018-06-28 07:44:10','2021-03-18 23:01:30'),(67,'Will','Gislason','everardo.boehm@example.org','+84(0)3095890579','2014-02-10 09:46:47','2018-02-01 16:32:42'),(68,'Herminia','Williamson','kbruen@example.org','07571430071','2013-12-10 07:33:42','2018-12-12 00:43:05'),(69,'Nettie','Tremblay','slangworth@example.net','444-532-7100x4773','2011-05-04 22:03:15','2017-12-22 05:07:39'),(70,'Zakary','Wiegand','bogan.gage@example.com','+36(7)5489439436','2016-05-21 09:33:45','2021-03-18 23:01:30'),(71,'Haylee','Ebert','demond99@example.com','1-190-666-6627x0830','2011-06-25 10:08:04','2018-08-10 23:23:37'),(72,'Jabari','Kling','hweimann@example.org','1-386-644-2602x1592','2015-06-28 05:03:46','2021-03-18 23:01:30'),(73,'Kennedy','Lueilwitz','hdibbert@example.com','08802168882','2020-12-17 17:38:11','2021-03-18 23:01:30'),(74,'Ethel','Quigley','ogrady@example.net','563.962.3035','2018-08-08 21:08:04','2020-04-03 17:34:56'),(75,'Americo','DuBuque','shermann@example.net','02751336496','2017-10-07 08:24:45','2021-03-18 23:01:30'),(76,'Franco','Marquardt','sabina03@example.com','709-345-7891x21037','2018-06-20 20:47:21','2021-03-18 23:01:30'),(77,'Sedrick','Kohler','rosella.marks@example.com','051-473-2575x91155','2014-06-04 17:45:35','2018-03-06 07:31:27'),(78,'Jacinto','Nitzsche','jaime.haag@example.net','1-403-986-9323','2013-05-29 22:51:00','2020-04-03 01:17:35'),(79,'Magdalen','Denesik','oreichel@example.net','(795)332-6195x225','2020-05-10 14:35:50','2021-03-18 23:01:30'),(80,'Herbert','Hermiston','candice.harvey@example.net','02434692713','2014-04-24 21:59:29','2016-12-18 13:40:45'),(81,'Edd','Schultz','grady.buster@example.net','1-806-267-8053','2011-08-07 17:12:39','2018-01-05 04:32:24'),(82,'Ryley','Corwin','oreinger@example.net','729.433.1962','2017-09-05 15:24:29','2020-03-29 11:58:56'),(83,'Jessy','Morar','berge.berneice@example.org','288.051.0660x6511','2019-06-09 12:22:13','2021-03-18 23:01:30'),(84,'Brian','Jones','urban.jenkins@example.org','146-089-2777x540','2013-08-04 03:36:49','2013-11-02 09:34:23'),(85,'Reina','Glover','amir.schneider@example.net','00811980116','2021-03-03 16:25:47','2021-03-18 23:01:30'),(86,'Donny','Marvin','rtrantow@example.net','+34(2)6904981993','2019-05-29 17:13:39','2021-03-18 23:01:30'),(87,'Bradford','Greenholt','jayson34@example.org','677-981-1861x857','2011-12-26 16:40:17','2019-06-20 14:52:13'),(88,'Michel','Abshire','mtromp@example.net','097-665-0079x185','2012-10-27 23:50:33','2021-03-18 23:01:30'),(89,'Isabell','Kuhn','kirstin54@example.org','352.008.5668x88277','2019-01-13 21:22:02','2021-03-18 23:01:30'),(90,'Adam','McKenzie','josue88@example.com','1-931-882-7116x124','2020-07-12 21:07:53','2021-03-18 23:01:30'),(91,'Franco','Rempel','rebekah.murphy@example.net','1-599-043-9640x48047','2017-09-23 10:29:13','2021-03-18 23:01:30'),(92,'Rossie','Lindgren','ibergstrom@example.com','(521)752-8528','2017-04-25 22:16:49','2021-03-18 23:01:30'),(93,'Sister','Wolff','judy.wunsch@example.net','1-365-805-8501x199','2019-07-30 09:47:56','2020-11-26 13:34:14'),(94,'Antonia','Dicki','dare.ella@example.com','(619)107-6391x66020','2016-02-28 18:25:13','2017-07-04 12:04:25'),(95,'April','Adams','cesar71@example.org','(859)996-6297','2011-10-23 13:45:04','2012-11-18 03:57:36'),(96,'Nicolette','Blick','faye75@example.org','119-777-0163x1019','2015-07-21 12:13:25','2021-03-18 23:01:30'),(97,'Everett','Keeling','prosacco.gail@example.org','797.865.1501x13911','2015-11-04 22:12:00','2019-08-06 21:48:25'),(98,'Loyal','Batz','kemmer.dereck@example.com','+38(1)9559261211','2012-04-03 02:04:57','2014-11-20 13:25:48'),(99,'Timmy','Schoen','fwalsh@example.com','1-266-946-5882','2016-05-08 03:49:33','2021-01-29 07:16:33'),(100,'Cesar','Ebert','hgleason@example.net','+16(2)9410641769','2014-07-25 16:38:59','2014-08-07 09:33:35');
/*!40000 ALTER TABLE `users` ENABLE KEYS */;
UNLOCK TABLES;
/*!50003 SET @saved_cs_client      = @@character_set_client */ ;
/*!50003 SET @saved_cs_results     = @@character_set_results */ ;
/*!50003 SET @saved_col_connection = @@collation_connection */ ;
/*!50003 SET character_set_client  = utf8mb4 */ ;
/*!50003 SET character_set_results = utf8mb4 */ ;
/*!50003 SET collation_connection  = utf8mb4_0900_ai_ci */ ;
/*!50003 SET @saved_sql_mode       = @@sql_mode */ ;
/*!50003 SET sql_mode              = 'STRICT_TRANS_TABLES,NO_ENGINE_SUBSTITUTION' */ ;
DELIMITER ;;
/*!50003 CREATE*/ /*!50017 DEFINER=`root`@`localhost`*/ /*!50003 TRIGGER `users_insert` AFTER INSERT ON `users` FOR EACH ROW BEGIN
  	CALL log_insert('users', 'insert', NEW.id, concat(NEW.first_name, ' ', NEW.last_name, ' (Email: ', NEW.email, ', Phone: ', NEW.phone, ')'));
END */;;
DELIMITER ;
/*!50003 SET sql_mode              = @saved_sql_mode */ ;
/*!50003 SET character_set_client  = @saved_cs_client */ ;
/*!50003 SET character_set_results = @saved_cs_results */ ;
/*!50003 SET collation_connection  = @saved_col_connection */ ;
/*!50003 SET @saved_cs_client      = @@character_set_client */ ;
/*!50003 SET @saved_cs_results     = @@character_set_results */ ;
/*!50003 SET @saved_col_connection = @@collation_connection */ ;
/*!50003 SET character_set_client  = utf8mb4 */ ;
/*!50003 SET character_set_results = utf8mb4 */ ;
/*!50003 SET collation_connection  = utf8mb4_0900_ai_ci */ ;
/*!50003 SET @saved_sql_mode       = @@sql_mode */ ;
/*!50003 SET sql_mode              = 'STRICT_TRANS_TABLES,NO_ENGINE_SUBSTITUTION' */ ;
DELIMITER ;;
/*!50003 CREATE*/ /*!50017 DEFINER=`root`@`localhost`*/ /*!50003 TRIGGER `users_update` AFTER UPDATE ON `users` FOR EACH ROW BEGIN
  	CALL log_insert('users', 'update', NEW.id, 
  		concat('(', OLD.first_name, '-->', NEW.first_name, ') (',
  			OLD.last_name, '-->', NEW.last_name, ')',
  			') (Email: ', OLD.email, '-->', NEW.email, 
  			') (Phone: ', OLD.phone, '-->', NEW.phone, ')'));
END */;;
DELIMITER ;
/*!50003 SET sql_mode              = @saved_sql_mode */ ;
/*!50003 SET character_set_client  = @saved_cs_client */ ;
/*!50003 SET character_set_results = @saved_cs_results */ ;
/*!50003 SET collation_connection  = @saved_col_connection */ ;
/*!50003 SET @saved_cs_client      = @@character_set_client */ ;
/*!50003 SET @saved_cs_results     = @@character_set_results */ ;
/*!50003 SET @saved_col_connection = @@collation_connection */ ;
/*!50003 SET character_set_client  = utf8mb4 */ ;
/*!50003 SET character_set_results = utf8mb4 */ ;
/*!50003 SET collation_connection  = utf8mb4_0900_ai_ci */ ;
/*!50003 SET @saved_sql_mode       = @@sql_mode */ ;
/*!50003 SET sql_mode              = 'STRICT_TRANS_TABLES,NO_ENGINE_SUBSTITUTION' */ ;
DELIMITER ;;
/*!50003 CREATE*/ /*!50017 DEFINER=`root`@`localhost`*/ /*!50003 TRIGGER `users_delete` AFTER DELETE ON `users` FOR EACH ROW BEGIN
  	CALL log_insert('users', 'delete', OLD.id, concat(OLD.first_name, ' ', OLD.last_name, ' (Email: ', OLD.email, ', Phone: ', OLD.phone, ')'));
END */;;
DELIMITER ;
/*!50003 SET sql_mode              = @saved_sql_mode */ ;
/*!50003 SET character_set_client  = @saved_cs_client */ ;
/*!50003 SET character_set_results = @saved_cs_results */ ;
/*!50003 SET collation_connection  = @saved_col_connection */ ;

--
-- Temporary view structure for view `users_now_view`
--

DROP TABLE IF EXISTS `users_now_view`;
/*!50001 DROP VIEW IF EXISTS `users_now_view`*/;
SET @saved_cs_client     = @@character_set_client;
/*!50503 SET character_set_client = utf8mb4 */;
/*!50001 CREATE VIEW `users_now_view` AS SELECT 
 1 AS `id`,
 1 AS `fio`,
 1 AS `birthday`,
 1 AS `live_now`,
 1 AS `company_work_now`,
 1 AS `job_positions_now`*/;
SET character_set_client = @saved_cs_client;

--
-- Temporary view structure for view `users_passwords_view`
--

DROP TABLE IF EXISTS `users_passwords_view`;
/*!50001 DROP VIEW IF EXISTS `users_passwords_view`*/;
SET @saved_cs_client     = @@character_set_client;
/*!50503 SET character_set_client = utf8mb4 */;
/*!50001 CREATE VIEW `users_passwords_view` AS SELECT 
 1 AS `fio`,
 1 AS `passw_mask`*/;
SET character_set_client = @saved_cs_client;

--
-- Table structure for table `users_works`
--

DROP TABLE IF EXISTS `users_works`;
/*!40101 SET @saved_cs_client     = @@character_set_client */;
/*!50503 SET character_set_client = utf8mb4 */;
CREATE TABLE `users_works` (
  `id` bigint unsigned NOT NULL AUTO_INCREMENT COMMENT 'Идентификатор строки',
  `user_id` bigint unsigned NOT NULL COMMENT 'Ссылка на пользователя',
  `company_id` bigint unsigned NOT NULL COMMENT 'Ссылка на организацию',
  `job_position_id` bigint unsigned NOT NULL COMMENT 'Ссылка на должность',
  `city_id` bigint unsigned NOT NULL COMMENT 'Ссылка на город',
  `date_start` datetime DEFAULT NULL COMMENT 'Дата начала',
  `date_finish` datetime DEFAULT NULL COMMENT 'Дата завершения',
  `is_work_now` tinyint(1) DEFAULT '0' COMMENT 'работает сейчас',
  `flag_access` enum('all','friends','nobody') DEFAULT NULL COMMENT 'доступно всем/друзьям/никому',
  PRIMARY KEY (`id`),
  UNIQUE KEY `id` (`id`),
  KEY `user_id` (`user_id`),
  KEY `company_id` (`company_id`),
  KEY `job_position_id` (`job_position_id`),
  KEY `city_id` (`city_id`),
  CONSTRAINT `users_works_ibfk_1` FOREIGN KEY (`user_id`) REFERENCES `users` (`id`),
  CONSTRAINT `users_works_ibfk_2` FOREIGN KEY (`company_id`) REFERENCES `companies` (`id`),
  CONSTRAINT `users_works_ibfk_3` FOREIGN KEY (`job_position_id`) REFERENCES `job_positions` (`id`),
  CONSTRAINT `users_works_ibfk_4` FOREIGN KEY (`city_id`) REFERENCES `cities` (`id`)
) ENGINE=InnoDB AUTO_INCREMENT=501 DEFAULT CHARSET=utf8mb4 COLLATE=utf8mb4_0900_ai_ci COMMENT='Места работы';
/*!40101 SET character_set_client = @saved_cs_client */;

--
-- Dumping data for table `users_works`
--

LOCK TABLES `users_works` WRITE;
/*!40000 ALTER TABLE `users_works` DISABLE KEYS */;
INSERT INTO `users_works` VALUES (1,1,1,1,1,'2020-10-12 07:03:26','2021-03-18 23:01:31',0,'all'),(2,2,2,2,2,'2017-06-12 06:33:00','2021-03-18 23:01:31',0,'all'),(3,3,3,3,3,'2013-10-03 05:55:19','2021-03-18 23:01:31',0,'friends'),(4,4,4,4,4,'2016-01-04 09:39:24','2021-03-18 23:01:31',0,'nobody'),(5,5,5,5,5,'2011-12-14 13:17:15','2018-06-06 05:12:01',0,'nobody'),(6,6,6,6,6,'2016-08-29 04:49:33','2021-03-18 23:01:31',0,'all'),(7,7,7,7,7,'2016-08-22 04:10:03','2021-03-18 23:01:31',0,'all'),(8,8,8,8,8,'2021-01-02 08:23:44','2021-03-18 23:01:31',0,'friends'),(9,9,9,9,9,'2016-04-03 19:04:52','2021-03-18 23:01:31',0,'friends'),(10,10,10,10,10,'2017-05-29 11:02:15','2017-06-12 14:19:50',0,'friends'),(11,11,11,11,11,'2015-02-04 17:35:57','2020-08-01 07:16:32',0,'all'),(12,12,12,12,12,'2019-07-28 07:15:25','2021-03-18 23:01:31',0,'nobody'),(13,13,13,13,13,'2017-01-17 14:26:08','2021-03-18 23:01:31',0,'all'),(14,14,14,14,14,'2016-12-24 04:42:39','2021-03-18 23:01:31',0,'friends'),(15,15,15,15,15,'2020-12-08 02:39:15','2021-03-18 23:01:31',0,'nobody'),(16,16,16,16,16,'2012-02-29 21:12:27','2015-12-16 19:38:05',0,'friends'),(17,17,17,17,17,'2012-10-27 05:43:07','2018-07-22 03:17:40',0,'friends'),(18,18,18,18,18,'2013-09-25 19:59:20','2017-09-28 15:27:28',0,'friends'),(19,19,19,19,19,'2015-11-18 10:34:28','2021-03-18 23:01:31',0,'all'),(20,20,20,20,20,'2016-09-25 18:37:31','2019-09-02 16:26:18',0,'nobody'),(21,21,21,21,21,'2017-12-27 04:39:14','2021-03-18 23:01:31',0,'friends'),(22,22,22,22,22,'2017-07-31 09:21:23','2021-03-18 23:01:31',0,'friends'),(23,23,23,23,23,'2016-03-30 11:44:25','2018-12-13 04:49:13',0,'friends'),(24,24,24,24,24,'2012-07-31 07:55:48','2019-10-18 02:02:14',0,'all'),(25,25,25,25,25,'2018-10-20 08:05:30','2019-11-02 04:39:16',0,'friends'),(26,26,26,26,26,'2020-07-01 09:15:57','2021-03-18 23:01:31',0,'all'),(27,27,27,27,27,'2011-12-11 22:20:46','2021-03-18 23:01:31',0,'nobody'),(28,28,28,28,28,'2017-03-25 15:59:23','2021-03-18 23:01:31',0,'friends'),(29,29,29,29,29,'2020-06-14 16:55:00','2021-03-18 23:01:31',0,'all'),(30,30,30,30,30,'2016-02-02 05:09:49','2016-12-11 02:55:23',0,'friends'),(31,31,31,31,31,'2017-07-03 01:14:25','2021-03-18 23:01:31',0,'friends'),(32,32,32,32,32,'2012-02-18 07:09:00','2020-03-07 14:24:51',0,'nobody'),(33,33,33,33,33,'2013-06-25 18:08:38','2017-06-30 13:50:52',0,'all'),(34,34,34,34,34,'2014-09-19 01:00:56','2018-01-15 10:15:30',0,'nobody'),(35,35,35,35,35,'2021-01-14 14:49:48','2021-03-18 23:01:31',0,'friends'),(36,36,36,36,36,'2015-07-24 07:35:46','2017-08-25 01:40:42',0,'nobody'),(37,37,37,37,37,'2015-04-09 13:10:05','2019-02-05 14:38:05',0,'nobody'),(38,38,38,38,38,'2014-05-04 00:20:54','2020-10-24 23:07:21',0,'all'),(39,39,39,39,39,'2015-09-14 02:49:50','2019-01-04 05:39:18',0,'friends'),(40,40,40,40,40,'2013-02-17 10:14:14','2013-10-15 13:41:41',0,'nobody'),(41,41,41,41,41,'2019-02-05 23:26:44','2021-03-18 23:01:31',0,'friends'),(42,42,42,42,42,'2011-03-22 16:48:36','2019-02-20 00:02:20',0,'nobody'),(43,43,43,43,43,'2013-10-14 01:59:08','2015-01-14 15:59:27',0,'friends'),(44,44,44,44,44,'2011-06-22 01:34:00','2016-05-23 16:07:05',0,'all'),(45,45,45,45,45,'2018-04-01 14:34:55','2021-03-18 23:01:31',0,'nobody'),(46,46,46,46,46,'2014-07-11 02:57:31','2017-06-03 02:41:30',0,'friends'),(47,47,47,47,47,'2015-06-05 05:00:49','2021-03-18 23:01:31',0,'nobody'),(48,48,48,48,48,'2015-10-16 19:30:23','2019-03-19 02:25:52',0,'nobody'),(49,49,49,49,49,'2017-05-06 00:08:18','2021-03-18 23:01:31',0,'all'),(50,50,50,50,50,'2019-04-30 02:51:42','2021-03-18 23:01:31',0,'all'),(51,51,1,1,1,'2014-10-26 07:56:41','2021-03-18 23:01:31',0,'all'),(52,52,2,2,2,'2014-10-15 04:40:48','2018-09-09 11:23:55',0,'friends'),(53,53,3,3,3,'2016-09-27 14:41:49','2021-03-18 23:01:31',0,'nobody'),(54,54,4,4,4,'2013-12-12 09:51:03','2021-03-18 23:01:31',0,'nobody'),(55,55,5,5,5,'2015-07-17 21:45:50','2019-07-22 01:04:31',0,'friends'),(56,56,6,6,6,'2020-09-16 02:58:23','2021-03-18 23:01:31',0,'friends'),(57,57,7,7,7,'2018-01-05 02:39:03','2021-03-18 23:01:31',0,'nobody'),(58,58,8,8,8,'2016-07-18 15:23:33','2018-09-01 10:37:58',0,'friends'),(59,59,9,9,9,'2019-09-10 05:29:52','2021-03-18 23:01:31',0,'friends'),(60,60,10,10,10,'2016-01-22 16:36:03','2021-03-18 23:01:31',0,'nobody'),(61,61,11,11,11,'2016-01-17 09:55:15','2021-03-18 23:01:31',0,'all'),(62,62,12,12,12,'2017-08-01 22:52:49','2021-03-18 23:01:31',0,'all'),(63,63,13,13,13,'2018-08-08 17:43:32','2020-08-17 20:40:54',0,'all'),(64,64,14,14,14,'2011-10-10 10:15:51','2013-02-25 10:06:04',0,'nobody'),(65,65,15,15,15,'2019-03-18 03:55:30','2021-03-18 23:01:31',0,'friends'),(66,66,16,16,16,'2016-02-04 18:56:57','2021-03-18 23:01:31',0,'friends'),(67,67,17,17,17,'2018-05-20 09:09:26','2021-03-18 23:01:31',0,'nobody'),(68,68,18,18,18,'2018-03-03 15:48:01','2021-03-18 23:01:31',0,'friends'),(69,69,19,19,19,'2012-01-23 13:53:27','2018-10-01 00:43:42',0,'friends'),(70,70,20,20,20,'2013-04-25 15:58:31','2020-02-28 04:10:06',0,'all'),(71,71,21,21,21,'2015-11-19 06:17:37','2016-04-19 11:06:57',0,'friends'),(72,72,22,22,22,'2016-10-26 17:23:35','2020-08-08 21:38:41',0,'nobody'),(73,73,23,23,23,'2014-09-14 21:23:08','2021-03-18 23:01:31',0,'nobody'),(74,74,24,24,24,'2013-02-11 01:36:03','2018-09-17 01:07:12',0,'friends'),(75,75,25,25,25,'2020-09-02 04:09:18','2021-03-18 23:01:31',0,'all'),(76,76,26,26,26,'2011-06-01 01:28:11','2016-04-07 01:59:25',0,'friends'),(77,77,27,27,27,'2017-10-11 06:50:08','2021-03-18 23:01:31',0,'friends'),(78,78,28,28,28,'2014-12-05 19:25:58','2019-11-28 09:56:27',0,'friends'),(79,79,29,29,29,'2019-04-25 15:29:19','2021-03-18 23:01:31',0,'nobody'),(80,80,30,30,30,'2020-09-16 13:42:48','2021-03-18 23:01:31',0,'friends'),(81,81,31,31,31,'2018-07-27 01:09:11','2021-03-18 23:01:31',0,'all'),(82,82,32,32,32,'2015-07-07 01:33:28','2020-07-01 09:18:00',0,'all'),(83,83,33,33,33,'2019-02-03 01:15:20','2021-03-18 23:01:31',0,'all'),(84,84,34,34,34,'2012-09-06 23:21:05','2021-03-18 23:01:31',0,'friends'),(85,85,35,35,35,'2013-06-16 15:07:33','2021-03-18 23:01:31',0,'all'),(86,86,36,36,36,'2013-11-20 20:34:51','2021-03-18 23:01:31',0,'friends'),(87,87,37,37,37,'2013-09-11 14:32:00','2020-04-03 10:54:19',0,'friends'),(88,88,38,38,38,'2014-07-19 09:56:28','2020-08-08 06:28:21',0,'all'),(89,89,39,39,39,'2020-01-04 01:44:18','2021-03-18 23:01:31',0,'friends'),(90,90,40,40,40,'2011-10-20 15:50:08','2011-11-12 12:33:03',0,'all'),(91,91,41,41,41,'2015-01-17 14:02:04','2021-03-18 23:01:31',0,'friends'),(92,92,42,42,42,'2011-07-30 11:46:02','2016-01-25 21:22:29',0,'friends'),(93,93,43,43,43,'2020-02-05 09:07:00','2021-03-18 23:01:31',0,'nobody'),(94,94,44,44,44,'2014-04-29 19:23:22','2016-01-05 02:05:33',0,'all'),(95,95,45,45,45,'2012-09-08 08:24:57','2019-10-17 09:59:58',0,'all'),(96,96,46,46,46,'2017-11-12 20:44:12','2021-03-18 23:01:31',0,'friends'),(97,97,47,47,47,'2021-02-09 21:59:23','2021-03-18 23:01:31',0,'all'),(98,98,48,48,48,'2012-10-05 10:50:51','2019-03-24 21:22:14',0,'all'),(99,99,49,49,49,'2017-04-14 04:37:22','2018-09-18 14:12:15',0,'nobody'),(100,100,50,50,50,'2012-10-31 03:21:19','2013-10-26 11:42:47',0,'nobody'),(101,1,1,1,1,'2011-04-05 22:43:22','2018-06-09 08:47:37',0,'nobody'),(102,2,2,2,2,'2011-07-24 16:16:32','2012-04-02 07:08:15',0,'nobody'),(103,3,3,3,3,'2013-12-12 06:45:48','2021-03-18 23:01:31',0,'friends'),(104,4,4,4,4,'2017-09-18 05:45:29','2020-01-08 19:30:12',0,'nobody'),(105,5,5,5,5,'2017-08-17 06:17:06','2021-03-18 23:01:31',0,'all'),(106,6,6,6,6,'2018-07-07 04:13:28','2021-03-18 23:01:31',0,'friends'),(107,7,7,7,7,'2020-04-30 20:54:03','2021-03-18 23:01:31',0,'all'),(108,8,8,8,8,'2018-01-25 14:10:42','2021-03-18 23:01:31',0,'nobody'),(109,9,9,9,9,'2019-02-26 13:14:58','2021-03-18 23:01:31',0,'nobody'),(110,10,10,10,10,'2016-02-28 03:34:58','2019-06-01 04:20:25',0,'all'),(111,11,11,11,11,'2013-05-17 03:07:10','2021-03-18 23:01:31',0,'all'),(112,12,12,12,12,'2016-04-14 08:32:22','2018-09-26 01:41:36',0,'nobody'),(113,13,13,13,13,'2019-09-18 20:43:40','2021-03-18 23:01:31',0,'friends'),(114,14,14,14,14,'2012-02-15 16:14:53','2016-02-02 10:43:27',0,'nobody'),(115,15,15,15,15,'2020-11-19 02:47:36','2021-03-18 23:01:31',0,'friends'),(116,16,16,16,16,'2012-03-29 06:43:05','2021-03-18 23:01:31',0,'all'),(117,17,17,17,17,'2019-02-10 23:56:15','2021-03-18 23:01:31',0,'all'),(118,18,18,18,18,'2016-05-25 14:55:14','2019-09-15 11:30:52',0,'nobody'),(119,19,19,19,19,'2015-03-01 19:12:48','2019-06-28 11:03:07',0,'all'),(120,20,20,20,20,'2013-07-07 07:38:15','2015-08-12 16:23:41',0,'nobody'),(121,21,21,21,21,'2017-01-27 16:35:17','2021-03-18 23:01:31',0,'all'),(122,22,22,22,22,'2020-06-29 03:37:33','2021-03-18 23:01:31',0,'friends'),(123,23,23,23,23,'2017-10-12 18:38:53','2018-10-26 10:46:22',0,'friends'),(124,24,24,24,24,'2019-06-30 23:59:43','2021-03-18 23:01:31',0,'all'),(125,25,25,25,25,'2012-05-19 01:57:49','2016-05-04 15:46:13',0,'nobody'),(126,26,26,26,26,'2014-06-30 22:07:07','2018-07-13 20:21:06',0,'friends'),(127,27,27,27,27,'2018-02-19 13:05:23','2019-01-08 08:35:53',0,'all'),(128,28,28,28,28,'2014-11-25 02:02:57','2017-09-21 02:07:50',0,'all'),(129,29,29,29,29,'2020-02-11 22:34:10','2021-03-18 23:01:31',0,'nobody'),(130,30,30,30,30,'2011-09-08 06:49:49','2016-07-31 13:01:09',0,'nobody'),(131,31,31,31,31,'2015-12-04 09:45:47','2020-03-11 08:02:13',0,'nobody'),(132,32,32,32,32,'2016-04-09 14:03:47','2021-03-18 23:01:31',0,'all'),(133,33,33,33,33,'2020-08-16 13:45:21','2021-03-18 23:01:31',0,'all'),(134,34,34,34,34,'2019-06-16 19:04:55','2021-03-18 23:01:31',0,'friends'),(135,35,35,35,35,'2016-02-12 04:18:33','2021-03-18 23:01:31',0,'nobody'),(136,36,36,36,36,'2018-05-07 06:12:34','2021-03-18 23:01:31',0,'all'),(137,37,37,37,37,'2021-02-04 08:11:26','2021-03-18 23:01:31',0,'friends'),(138,38,38,38,38,'2020-08-22 16:30:55','2021-03-18 23:01:31',0,'nobody'),(139,39,39,39,39,'2016-11-06 13:28:41','2021-03-18 23:01:31',0,'all'),(140,40,40,40,40,'2012-10-06 03:37:41','2020-01-18 15:51:09',0,'friends'),(141,41,41,41,41,'2014-07-23 11:07:30','2015-08-23 01:20:41',0,'nobody'),(142,42,42,42,42,'2011-04-28 02:30:39','2015-11-05 19:54:52',0,'friends'),(143,43,43,43,43,'2016-11-08 04:05:51','2020-03-01 19:28:33',0,'all'),(144,44,44,44,44,'2018-01-31 17:47:35','2021-03-18 23:01:31',0,'nobody'),(145,45,45,45,45,'2012-11-28 13:54:37','2021-03-18 23:01:31',0,'nobody'),(146,46,46,46,46,'2017-02-24 06:07:46','2018-02-06 18:02:48',0,'all'),(147,47,47,47,47,'2018-02-04 13:54:20','2021-03-18 23:01:31',0,'nobody'),(148,48,48,48,48,'2019-02-05 06:49:56','2021-03-18 23:01:31',0,'nobody'),(149,49,49,49,49,'2013-12-21 02:01:59','2021-01-27 22:58:05',0,'nobody'),(150,50,50,50,50,'2015-11-09 16:18:38','2021-03-18 23:01:31',0,'nobody'),(151,51,1,1,1,'2019-08-23 08:00:19','2021-03-18 23:01:31',0,'all'),(152,52,2,2,2,'2011-10-08 09:16:31','2013-10-05 05:18:21',0,'all'),(153,53,3,3,3,'2015-09-03 14:50:35','2021-03-18 23:01:31',0,'friends'),(154,54,4,4,4,'2019-07-02 18:16:35','2021-03-18 23:01:31',0,'all'),(155,55,5,5,5,'2021-01-22 21:32:57','2021-03-18 23:01:31',0,'nobody'),(156,56,6,6,6,'2019-08-13 17:25:26','2021-02-14 02:35:06',0,'friends'),(157,57,7,7,7,'2011-07-10 07:15:53','2015-05-24 21:16:05',0,'friends'),(158,58,8,8,8,'2013-12-01 13:02:34','2017-11-11 08:28:37',0,'nobody'),(159,59,9,9,9,'2014-06-08 21:43:39','2020-04-30 02:38:29',0,'friends'),(160,60,10,10,10,'2016-10-13 08:06:01','2019-02-08 03:39:17',0,'friends'),(161,61,11,11,11,'2016-06-04 23:05:43','2019-12-15 20:41:07',0,'all'),(162,62,12,12,12,'2012-06-02 08:11:29','2017-09-21 21:49:07',0,'all'),(163,63,13,13,13,'2020-10-04 17:42:56','2021-03-18 23:01:31',0,'nobody'),(164,64,14,14,14,'2015-04-01 10:08:39','2020-05-25 19:36:02',0,'friends'),(165,65,15,15,15,'2017-10-09 22:06:42','2019-01-05 00:36:40',0,'friends'),(166,66,16,16,16,'2017-11-07 20:52:10','2018-08-07 02:54:40',0,'friends'),(167,67,17,17,17,'2015-02-08 23:31:58','2017-05-16 14:52:57',0,'all'),(168,68,18,18,18,'2015-10-25 16:39:18','2021-03-18 23:01:31',0,'all'),(169,69,19,19,19,'2013-01-30 09:12:37','2013-11-19 09:56:23',0,'nobody'),(170,70,20,20,20,'2013-05-15 14:43:06','2021-03-18 23:01:31',0,'all'),(171,71,21,21,21,'2013-10-09 22:18:48','2019-09-06 12:00:30',0,'friends'),(172,72,22,22,22,'2020-02-13 17:31:37','2021-03-18 23:01:31',0,'friends'),(173,73,23,23,23,'2013-04-24 03:11:49','2021-03-18 23:01:31',0,'friends'),(174,74,24,24,24,'2020-12-14 14:41:32','2021-03-18 23:01:31',0,'nobody'),(175,75,25,25,25,'2016-02-01 04:04:29','2017-01-10 02:36:33',0,'friends'),(176,76,26,26,26,'2017-09-06 09:44:13','2021-03-18 23:01:31',0,'nobody'),(177,77,27,27,27,'2016-11-01 08:19:34','2018-06-26 06:36:09',0,'all'),(178,78,28,28,28,'2015-05-26 08:59:04','2021-03-18 23:01:31',0,'friends'),(179,79,29,29,29,'2018-02-10 06:18:18','2021-03-18 23:01:31',0,'friends'),(180,80,30,30,30,'2012-10-18 13:24:36','2020-02-19 00:21:13',0,'all'),(181,81,31,31,31,'2016-11-07 09:01:07','2017-04-01 15:21:46',0,'nobody'),(182,82,32,32,32,'2014-01-21 06:19:15','2021-03-18 23:01:31',0,'friends'),(183,83,33,33,33,'2016-11-08 04:53:46','2021-03-18 23:01:31',0,'friends'),(184,84,34,34,34,'2011-04-28 01:32:07','2016-07-01 07:06:47',0,'all'),(185,85,35,35,35,'2014-11-25 10:59:57','2017-01-15 08:27:10',0,'nobody'),(186,86,36,36,36,'2016-03-21 23:07:44','2021-03-18 23:01:31',0,'nobody'),(187,87,37,37,37,'2012-02-24 22:59:35','2018-11-10 09:48:50',0,'nobody'),(188,88,38,38,38,'2011-11-23 19:12:39','2016-04-04 18:55:37',0,'friends'),(189,89,39,39,39,'2019-06-30 10:04:48','2021-03-18 23:01:31',0,'friends'),(190,90,40,40,40,'2014-07-27 12:01:34','2020-05-02 02:33:22',0,'all'),(191,91,41,41,41,'2017-01-13 02:04:29','2021-03-18 23:01:31',0,'all'),(192,92,42,42,42,'2015-02-14 01:55:42','2021-03-18 23:01:31',0,'nobody'),(193,93,43,43,43,'2017-06-22 20:08:17','2021-03-18 23:01:31',0,'friends'),(194,94,44,44,44,'2014-10-30 13:42:55','2018-01-02 00:46:59',0,'nobody'),(195,95,45,45,45,'2015-05-06 02:26:13','2021-03-18 23:01:31',0,'all'),(196,96,46,46,46,'2017-03-07 10:04:40','2021-03-18 23:01:31',0,'friends'),(197,97,47,47,47,'2019-06-13 02:23:28','2021-03-18 23:01:31',0,'friends'),(198,98,48,48,48,'2011-09-19 22:14:51','2015-02-01 18:31:29',0,'nobody'),(199,99,49,49,49,'2016-01-11 06:07:12','2021-03-18 23:01:31',0,'nobody'),(200,100,50,50,50,'2015-11-14 12:07:26','2021-03-18 23:01:31',0,'nobody'),(201,1,1,1,1,'2017-01-01 00:06:04','2021-03-18 23:01:31',0,'all'),(202,2,2,2,2,'2019-06-26 05:08:51','2021-03-18 23:01:31',0,'all'),(203,3,3,3,3,'2011-07-06 04:20:07','2021-03-18 23:01:31',0,'all'),(204,4,4,4,4,'2020-07-21 07:37:52','2021-03-18 23:01:31',0,'friends'),(205,5,5,5,5,'2014-08-15 21:59:48','2021-03-18 23:01:31',0,'friends'),(206,6,6,6,6,'2016-11-24 05:44:22','2017-02-13 03:22:17',0,'all'),(207,7,7,7,7,'2014-08-11 22:43:00','2019-03-13 13:23:01',0,'friends'),(208,8,8,8,8,'2011-03-21 03:21:04','2016-05-18 16:04:12',0,'nobody'),(209,9,9,9,9,'2016-07-26 14:51:01','2021-03-18 23:01:31',0,'friends'),(210,10,10,10,10,'2013-12-21 01:02:29','2017-07-07 09:47:34',0,'friends'),(211,11,11,11,11,'2018-12-29 12:15:56','2021-03-18 23:01:31',0,'nobody'),(212,12,12,12,12,'2018-08-20 08:17:11','2021-03-18 23:01:31',0,'friends'),(213,13,13,13,13,'2013-07-31 07:32:36','2021-03-18 23:01:31',0,'friends'),(214,14,14,14,14,'2016-03-24 21:31:49','2016-05-13 21:45:03',0,'nobody'),(215,15,15,15,15,'2011-08-28 05:06:37','2015-04-08 18:45:04',0,'all'),(216,16,16,16,16,'2020-07-01 13:15:45','2021-03-18 23:01:31',0,'nobody'),(217,17,17,17,17,'2011-06-26 13:26:48','2014-01-16 00:25:04',0,'nobody'),(218,18,18,18,18,'2019-03-17 16:43:18','2021-03-18 23:01:31',0,'all'),(219,19,19,19,19,'2016-01-17 20:00:02','2017-12-02 17:43:23',0,'nobody'),(220,20,20,20,20,'2015-01-20 10:26:29','2018-05-26 21:34:06',0,'all'),(221,21,21,21,21,'2018-10-03 11:23:22','2021-03-18 23:01:31',0,'nobody'),(222,22,22,22,22,'2018-01-30 01:48:47','2020-12-29 14:27:33',0,'nobody'),(223,23,23,23,23,'2017-09-22 21:34:17','2021-03-18 23:01:31',0,'all'),(224,24,24,24,24,'2017-02-04 11:44:19','2018-05-05 19:16:20',0,'all'),(225,25,25,25,25,'2014-10-01 07:46:53','2019-03-04 08:05:41',0,'nobody'),(226,26,26,26,26,'2012-08-15 01:56:09','2017-06-26 22:18:34',0,'all'),(227,27,27,27,27,'2019-10-01 05:45:14','2021-03-18 23:01:31',0,'friends'),(228,28,28,28,28,'2012-04-06 22:44:01','2021-01-11 15:57:46',0,'nobody'),(229,29,29,29,29,'2016-06-15 17:35:41','2021-03-18 23:01:31',0,'all'),(230,30,30,30,30,'2018-11-25 05:18:08','2021-03-18 23:01:31',0,'all'),(231,31,31,31,31,'2018-09-05 21:07:12','2021-03-18 23:01:31',0,'friends'),(232,32,32,32,32,'2018-06-11 12:39:34','2020-09-22 03:52:51',0,'nobody'),(233,33,33,33,33,'2014-05-25 03:15:06','2020-04-11 09:34:56',0,'friends'),(234,34,34,34,34,'2021-02-06 13:09:58','2021-03-18 23:01:31',0,'all'),(235,35,35,35,35,'2012-07-10 05:11:32','2016-03-04 04:09:31',0,'friends'),(236,36,36,36,36,'2011-08-23 09:54:31','2021-03-18 23:01:31',0,'nobody'),(237,37,37,37,37,'2018-11-17 19:47:46','2021-03-18 23:01:31',0,'all'),(238,38,38,38,38,'2017-05-05 05:35:42','2021-03-18 23:01:31',0,'nobody'),(239,39,39,39,39,'2018-08-11 01:37:10','2021-03-18 23:01:31',0,'friends'),(240,40,40,40,40,'2017-04-14 23:23:34','2021-03-18 23:01:31',0,'all'),(241,41,41,41,41,'2018-12-04 08:32:49','2021-03-18 23:01:31',0,'nobody'),(242,42,42,42,42,'2013-04-10 04:07:48','2013-08-09 16:25:39',0,'all'),(243,43,43,43,43,'2017-11-21 12:17:19','2021-03-18 23:01:31',0,'friends'),(244,44,44,44,44,'2012-05-10 18:55:57','2021-03-18 23:01:31',0,'nobody'),(245,45,45,45,45,'2018-12-07 05:46:06','2021-03-18 23:01:31',0,'friends'),(246,46,46,46,46,'2014-02-21 21:54:10','2020-01-07 14:39:43',0,'all'),(247,47,47,47,47,'2013-06-28 21:02:50','2021-01-13 20:12:44',0,'nobody'),(248,48,48,48,48,'2017-01-06 12:16:30','2021-03-18 23:01:31',0,'friends'),(249,49,49,49,49,'2015-12-02 07:58:53','2020-11-16 03:36:45',0,'friends'),(250,50,50,50,50,'2019-09-23 22:01:44','2021-03-18 23:01:31',0,'nobody'),(251,51,1,1,1,'2012-08-28 15:59:07','2013-07-20 14:45:20',0,'nobody'),(252,52,2,2,2,'2018-09-09 22:11:44','2020-09-19 05:28:09',0,'nobody'),(253,53,3,3,3,'2011-04-05 12:30:42','2011-11-28 00:19:39',0,'nobody'),(254,54,4,4,4,'2011-04-30 10:47:11','2012-03-04 20:54:42',0,'all'),(255,55,5,5,5,'2017-05-10 04:40:14','2021-03-18 23:01:31',0,'all'),(256,56,6,6,6,'2017-05-07 12:16:55','2021-03-18 23:01:31',0,'nobody'),(257,57,7,7,7,'2017-10-01 11:29:16','2021-03-18 23:01:31',0,'nobody'),(258,58,8,8,8,'2013-10-01 15:52:07','2020-11-28 20:05:27',0,'all'),(259,59,9,9,9,'2017-10-09 18:57:18','2021-03-18 23:01:31',0,'friends'),(260,60,10,10,10,'2015-08-13 19:50:27','2019-02-14 02:54:31',0,'all'),(261,61,11,11,11,'2012-05-23 11:16:51','2020-10-07 15:42:40',0,'nobody'),(262,62,12,12,12,'2014-02-16 01:30:20','2021-03-18 23:01:31',0,'nobody'),(263,63,13,13,13,'2013-08-06 03:05:54','2021-03-18 23:01:31',0,'nobody'),(264,64,14,14,14,'2012-06-17 10:16:56','2013-07-18 05:02:08',0,'nobody'),(265,65,15,15,15,'2020-01-24 03:14:33','2021-03-18 23:01:31',0,'friends'),(266,66,16,16,16,'2012-01-29 10:18:48','2015-04-16 19:03:28',0,'all'),(267,67,17,17,17,'2015-07-19 05:23:10','2018-05-11 18:08:43',0,'friends'),(268,68,18,18,18,'2012-07-10 09:44:12','2020-08-13 13:04:50',0,'all'),(269,69,19,19,19,'2017-07-10 01:18:04','2021-03-18 23:01:31',0,'friends'),(270,70,20,20,20,'2014-12-13 02:34:05','2020-02-04 10:21:52',0,'all'),(271,71,21,21,21,'2012-01-25 06:43:38','2015-10-31 12:30:35',0,'nobody'),(272,72,22,22,22,'2013-01-19 07:33:00','2013-04-09 17:07:17',0,'all'),(273,73,23,23,23,'2019-06-27 00:13:49','2021-03-18 23:01:31',0,'friends'),(274,74,24,24,24,'2017-10-19 12:29:19','2017-10-22 07:55:09',0,'friends'),(275,75,25,25,25,'2013-04-15 12:13:41','2014-01-21 03:23:42',0,'all'),(276,76,26,26,26,'2019-08-25 01:24:03','2021-03-18 23:01:31',0,'nobody'),(277,77,27,27,27,'2016-11-13 06:29:32','2021-03-18 23:01:31',0,'nobody'),(278,78,28,28,28,'2020-08-25 21:02:25','2021-03-18 23:01:31',0,'friends'),(279,79,29,29,29,'2018-07-12 09:50:19','2021-03-18 23:01:31',0,'nobody'),(280,80,30,30,30,'2013-10-27 21:27:02','2018-10-29 23:29:04',0,'friends'),(281,81,31,31,31,'2015-08-02 17:42:46','2020-08-26 05:18:17',0,'all'),(282,82,32,32,32,'2021-01-20 02:29:58','2021-03-18 23:01:31',0,'all'),(283,83,33,33,33,'2018-07-26 04:28:18','2020-10-09 17:40:33',0,'friends'),(284,84,34,34,34,'2012-10-25 14:30:14','2017-03-30 03:44:19',0,'all'),(285,85,35,35,35,'2012-02-05 18:59:46','2017-02-16 11:39:42',0,'friends'),(286,86,36,36,36,'2012-02-14 17:21:08','2014-10-13 22:09:10',0,'nobody'),(287,87,37,37,37,'2017-12-07 19:36:30','2021-03-18 23:01:31',0,'all'),(288,88,38,38,38,'2011-12-25 03:36:06','2021-03-18 23:01:31',0,'all'),(289,89,39,39,39,'2013-02-11 06:39:34','2019-07-28 02:09:09',0,'all'),(290,90,40,40,40,'2019-05-19 20:23:05','2021-03-18 23:01:31',0,'nobody'),(291,91,41,41,41,'2011-04-28 10:53:56','2018-04-12 21:56:52',0,'nobody'),(292,92,42,42,42,'2019-07-02 19:47:43','2019-10-12 10:40:53',0,'nobody'),(293,93,43,43,43,'2016-04-13 14:10:15','2017-03-06 07:56:04',0,'friends'),(294,94,44,44,44,'2019-12-08 20:40:44','2021-03-18 23:01:31',0,'all'),(295,95,45,45,45,'2014-04-23 22:57:52','2017-05-13 11:11:53',0,'friends'),(296,96,46,46,46,'2018-01-10 20:14:29','2020-11-12 22:16:13',0,'all'),(297,97,47,47,47,'2012-04-06 17:20:48','2016-03-07 17:10:13',0,'nobody'),(298,98,48,48,48,'2019-01-27 20:51:55','2021-03-18 23:01:31',0,'friends'),(299,99,49,49,49,'2017-10-31 11:02:49','2019-10-09 09:34:50',0,'all'),(300,100,50,50,50,'2016-09-17 07:29:43','2020-06-05 08:39:29',0,'all'),(301,1,1,1,1,'2017-11-29 10:48:16','2021-03-18 23:01:31',0,'nobody'),(302,2,2,2,2,'2013-01-12 19:09:29','2013-04-21 20:32:37',0,'all'),(303,3,3,3,3,'2020-04-27 01:19:03','2021-03-18 23:01:31',0,'nobody'),(304,4,4,4,4,'2014-12-07 10:03:12','2019-10-24 17:27:48',0,'friends'),(305,5,5,5,5,'2019-09-21 15:21:44','2021-03-18 23:01:31',0,'all'),(306,6,6,6,6,'2021-02-06 08:40:21','2021-03-18 23:01:31',0,'all'),(307,7,7,7,7,'2015-09-19 17:26:24','2017-08-01 02:02:27',0,'nobody'),(308,8,8,8,8,'2014-06-27 16:54:44','2020-03-24 10:08:08',0,'nobody'),(309,9,9,9,9,'2015-11-01 17:00:14','2019-05-06 12:25:10',0,'nobody'),(310,10,10,10,10,'2019-11-30 01:30:39','2021-03-18 23:01:31',0,'all'),(311,11,11,11,11,'2018-02-26 10:17:36','2021-03-18 23:01:31',0,'friends'),(312,12,12,12,12,'2018-07-11 08:39:07','2021-03-18 23:01:31',0,'friends'),(313,13,13,13,13,'2016-12-03 19:26:26','2018-01-02 14:16:02',0,'all'),(314,14,14,14,14,'2020-09-05 01:26:20','2021-03-18 23:01:31',0,'friends'),(315,15,15,15,15,'2014-04-08 18:46:59','2021-03-14 06:34:06',0,'all'),(316,16,16,16,16,'2019-06-03 18:58:25','2021-03-18 23:01:31',0,'friends'),(317,17,17,17,17,'2017-08-26 20:56:49','2019-07-23 14:56:13',0,'all'),(318,18,18,18,18,'2012-04-30 21:09:23','2013-09-30 07:54:04',0,'nobody'),(319,19,19,19,19,'2012-05-04 08:06:19','2015-08-13 00:51:51',0,'friends'),(320,20,20,20,20,'2013-09-22 21:03:53','2021-03-18 23:01:31',0,'friends'),(321,21,21,21,21,'2018-01-25 22:01:10','2021-03-18 23:01:31',0,'all'),(322,22,22,22,22,'2012-07-01 19:29:28','2013-02-03 22:55:33',0,'all'),(323,23,23,23,23,'2014-11-18 04:03:57','2021-03-18 23:01:31',0,'nobody'),(324,24,24,24,24,'2015-08-25 23:07:07','2016-04-20 19:27:37',0,'all'),(325,25,25,25,25,'2015-03-04 08:39:19','2021-02-24 09:30:03',0,'nobody'),(326,26,26,26,26,'2015-08-08 03:46:18','2016-06-29 13:45:31',0,'nobody'),(327,27,27,27,27,'2014-08-30 23:43:46','2017-01-10 14:49:24',0,'nobody'),(328,28,28,28,28,'2012-04-24 01:14:02','2016-11-30 15:58:07',0,'all'),(329,29,29,29,29,'2017-04-19 22:04:01','2021-03-18 23:01:31',0,'friends'),(330,30,30,30,30,'2017-03-22 02:37:17','2021-03-18 23:01:31',0,'all'),(331,31,31,31,31,'2013-07-11 04:35:24','2018-08-29 21:16:55',0,'nobody'),(332,32,32,32,32,'2015-07-10 19:47:32','2021-03-18 23:01:31',0,'all'),(333,33,33,33,33,'2020-03-07 02:59:02','2021-03-18 23:01:31',0,'all'),(334,34,34,34,34,'2014-06-21 06:50:04','2016-11-08 11:30:36',0,'nobody'),(335,35,35,35,35,'2016-12-01 06:40:57','2021-03-18 23:01:31',0,'nobody'),(336,36,36,36,36,'2017-08-30 09:22:24','2021-03-18 23:01:31',0,'friends'),(337,37,37,37,37,'2015-06-16 16:21:55','2021-03-18 23:01:31',0,'friends'),(338,38,38,38,38,'2013-01-03 14:16:23','2020-09-07 15:50:21',0,'nobody'),(339,39,39,39,39,'2011-10-27 17:40:07','2019-08-16 14:29:36',0,'friends'),(340,40,40,40,40,'2011-07-14 11:24:56','2016-09-21 09:05:09',0,'nobody'),(341,41,41,41,41,'2014-06-13 15:35:45','2021-03-18 23:01:31',0,'nobody'),(342,42,42,42,42,'2015-11-30 11:07:08','2019-03-04 05:49:24',0,'friends'),(343,43,43,43,43,'2018-03-01 12:24:09','2021-03-18 23:01:31',0,'nobody'),(344,44,44,44,44,'2012-11-02 16:50:18','2017-10-04 08:12:23',0,'nobody'),(345,45,45,45,45,'2014-05-27 03:49:48','2015-03-12 01:04:33',0,'nobody'),(346,46,46,46,46,'2015-03-30 14:34:49','2021-03-18 23:01:31',0,'friends'),(347,47,47,47,47,'2017-05-18 21:41:53','2021-03-18 23:01:31',0,'all'),(348,48,48,48,48,'2015-08-06 13:15:32','2021-03-18 23:01:31',0,'all'),(349,49,49,49,49,'2011-05-19 15:03:46','2015-12-11 09:47:12',0,'nobody'),(350,50,50,50,50,'2018-04-11 07:19:27','2021-03-18 23:01:31',0,'nobody'),(351,51,1,1,1,'2019-04-20 16:11:02','2020-12-08 22:27:27',0,'nobody'),(352,52,2,2,2,'2013-03-12 19:36:55','2017-11-18 08:15:45',0,'all'),(353,53,3,3,3,'2012-12-18 17:00:13','2016-05-14 22:43:47',0,'nobody'),(354,54,4,4,4,'2017-07-27 22:46:22','2021-03-18 23:01:31',0,'friends'),(355,55,5,5,5,'2016-09-24 23:57:44','2021-03-18 23:01:31',0,'friends'),(356,56,6,6,6,'2020-11-01 21:13:24','2021-03-18 23:01:31',0,'friends'),(357,57,7,7,7,'2019-12-16 05:47:53','2021-03-18 23:01:31',0,'friends'),(358,58,8,8,8,'2014-06-22 08:53:52','2016-10-27 22:21:04',0,'nobody'),(359,59,9,9,9,'2013-12-03 20:52:45','2017-04-21 14:11:36',0,'friends'),(360,60,10,10,10,'2013-06-23 05:16:18','2017-11-04 21:46:35',0,'all'),(361,61,11,11,11,'2015-02-22 06:09:39','2020-07-17 04:27:35',0,'friends'),(362,62,12,12,12,'2019-03-09 19:47:27','2021-03-18 23:01:31',0,'all'),(363,63,13,13,13,'2015-08-02 15:12:46','2020-06-29 17:46:28',0,'nobody'),(364,64,14,14,14,'2015-07-06 05:28:27','2021-03-18 23:01:31',0,'friends'),(365,65,15,15,15,'2011-11-19 06:11:12','2015-01-19 15:33:48',0,'friends'),(366,66,16,16,16,'2019-11-16 05:16:24','2021-03-18 23:01:31',0,'all'),(367,67,17,17,17,'2016-09-19 21:49:50','2021-03-18 23:01:31',0,'friends'),(368,68,18,18,18,'2012-02-02 06:54:26','2016-05-29 21:40:57',0,'all'),(369,69,19,19,19,'2014-07-25 10:51:30','2020-05-29 11:45:24',0,'all'),(370,70,20,20,20,'2020-01-11 10:22:04','2021-03-18 23:01:31',0,'all'),(371,71,21,21,21,'2012-08-03 12:16:29','2018-04-27 11:18:11',0,'friends'),(372,72,22,22,22,'2020-08-21 19:25:28','2021-03-18 23:01:31',0,'all'),(373,73,23,23,23,'2013-10-24 17:17:54','2021-03-18 23:01:31',0,'nobody'),(374,74,24,24,24,'2017-12-08 06:56:40','2018-01-19 12:11:37',0,'all'),(375,75,25,25,25,'2014-02-01 12:35:49','2014-07-08 05:19:44',0,'all'),(376,76,26,26,26,'2015-11-28 20:27:09','2017-06-06 03:59:41',0,'friends'),(377,77,27,27,27,'2019-01-24 20:03:15','2021-03-18 23:01:31',0,'friends'),(378,78,28,28,28,'2016-09-01 11:20:05','2021-03-18 23:01:31',0,'friends'),(379,79,29,29,29,'2012-12-29 06:36:28','2021-03-18 23:01:31',0,'nobody'),(380,80,30,30,30,'2017-11-16 21:59:50','2019-03-31 20:27:09',0,'friends'),(381,81,31,31,31,'2016-06-04 00:56:45','2021-03-18 23:01:31',0,'all'),(382,82,32,32,32,'2021-02-05 07:27:27','2021-03-18 23:01:31',0,'friends'),(383,83,33,33,33,'2014-06-06 09:15:32','2017-06-15 21:34:46',0,'nobody'),(384,84,34,34,34,'2014-07-10 07:25:17','2015-08-21 20:48:05',0,'all'),(385,85,35,35,35,'2021-02-09 23:18:25','2021-03-18 23:01:31',0,'nobody'),(386,86,36,36,36,'2014-04-11 08:01:24','2021-03-18 23:01:31',0,'friends'),(387,87,37,37,37,'2019-01-28 21:24:44','2021-03-18 23:01:31',0,'friends'),(388,88,38,38,38,'2018-05-09 06:52:09','2021-03-18 23:01:31',0,'nobody'),(389,89,39,39,39,'2011-05-01 08:23:57','2020-06-14 18:40:27',0,'friends'),(390,90,40,40,40,'2018-09-28 04:19:42','2021-03-18 23:01:31',0,'all'),(391,91,41,41,41,'2012-12-22 02:32:11','2021-03-18 23:01:31',0,'all'),(392,92,42,42,42,'2013-02-16 01:34:14','2015-04-16 07:14:39',0,'friends'),(393,93,43,43,43,'2019-04-11 05:31:44','2021-03-18 23:01:31',0,'nobody'),(394,94,44,44,44,'2014-07-06 13:42:03','2019-08-04 17:02:02',0,'friends'),(395,95,45,45,45,'2011-09-27 09:24:12','2020-08-01 07:09:03',0,'friends'),(396,96,46,46,46,'2019-03-03 17:16:27','2021-03-18 23:01:31',0,'all'),(397,97,47,47,47,'2012-11-28 00:11:06','2013-10-21 22:51:24',0,'nobody'),(398,98,48,48,48,'2021-02-28 18:14:03','2021-03-18 23:01:31',0,'nobody'),(399,99,49,49,49,'2015-12-16 05:05:36','2021-03-18 23:01:31',0,'nobody'),(400,100,50,50,50,'2013-07-18 13:26:25','2021-03-18 23:01:31',0,'nobody'),(401,1,1,1,1,'2013-04-01 09:35:40','2021-03-18 23:01:31',1,'friends'),(402,2,2,2,2,'2019-03-12 14:08:31','2021-03-18 23:01:31',1,'nobody'),(403,3,3,3,3,'2012-05-04 06:16:12','2016-08-18 07:35:50',1,'all'),(404,4,4,4,4,'2013-09-18 14:18:48','2020-07-14 18:36:11',1,'nobody'),(405,5,5,5,5,'2013-05-06 15:54:09','2013-09-15 13:08:20',1,'nobody'),(406,6,6,6,6,'2019-01-13 06:42:02','2021-03-18 23:01:31',1,'all'),(407,7,7,7,7,'2014-01-23 23:07:30','2021-03-18 23:01:31',1,'nobody'),(408,8,8,8,8,'2020-05-12 18:09:11','2021-03-18 23:01:31',1,'all'),(409,9,9,9,9,'2019-11-04 11:25:10','2021-03-18 23:01:31',1,'friends'),(410,10,10,10,10,'2019-03-10 09:04:50','2021-03-18 23:01:31',1,'friends'),(411,11,11,11,11,'2017-09-17 20:41:35','2021-03-18 23:01:31',1,'friends'),(412,12,12,12,12,'2017-10-17 07:56:04','2021-03-18 23:01:31',1,'friends'),(413,13,13,13,13,'2013-08-06 01:08:18','2015-10-15 10:03:23',1,'friends'),(414,14,14,14,14,'2018-10-05 01:51:56','2021-03-18 23:01:31',1,'nobody'),(415,15,15,15,15,'2013-05-24 09:39:31','2013-06-24 03:40:11',1,'all'),(416,16,16,16,16,'2014-09-14 02:42:46','2020-03-13 20:39:59',1,'nobody'),(417,17,17,17,17,'2018-01-13 11:13:13','2019-02-01 13:55:53',1,'friends'),(418,18,18,18,18,'2012-06-11 01:14:41','2018-06-12 09:34:08',1,'all'),(419,19,19,19,19,'2017-07-05 03:55:36','2021-03-18 23:01:31',1,'nobody'),(420,20,20,20,20,'2018-11-22 12:21:56','2021-03-18 23:01:31',1,'friends'),(421,21,21,21,21,'2013-12-11 16:23:39','2014-12-30 09:42:48',1,'friends'),(422,22,22,22,22,'2020-12-08 02:44:22','2021-03-18 23:01:31',1,'all'),(423,23,23,23,23,'2019-04-09 11:51:00','2021-02-03 15:59:42',1,'nobody'),(424,24,24,24,24,'2013-01-09 03:31:49','2014-08-10 13:12:16',1,'all'),(425,25,25,25,25,'2020-02-20 06:06:43','2021-03-18 23:01:31',1,'nobody'),(426,26,26,26,26,'2013-10-16 19:44:39','2016-09-17 15:08:22',1,'nobody'),(427,27,27,27,27,'2018-08-23 10:38:59','2019-02-09 23:41:04',1,'nobody'),(428,28,28,28,28,'2016-09-02 18:56:17','2019-07-26 14:11:32',1,'nobody'),(429,29,29,29,29,'2016-11-02 03:48:38','2019-05-25 22:21:52',1,'friends'),(430,30,30,30,30,'2012-05-29 13:25:24','2017-07-04 02:25:01',1,'friends'),(431,31,31,31,31,'2015-09-27 00:47:36','2019-05-25 09:57:55',1,'friends'),(432,32,32,32,32,'2019-04-28 12:53:34','2021-03-18 23:01:31',1,'friends'),(433,33,33,33,33,'2012-11-21 06:08:47','2015-10-01 06:11:18',1,'friends'),(434,34,34,34,34,'2013-09-28 06:13:31','2021-03-18 23:01:31',1,'friends'),(435,35,35,35,35,'2016-03-05 15:14:45','2019-08-24 09:46:17',1,'all'),(436,36,36,36,36,'2020-10-10 01:22:08','2021-03-18 23:01:31',1,'all'),(437,37,37,37,37,'2016-05-04 16:13:04','2021-03-18 23:01:31',1,'friends'),(438,38,38,38,38,'2018-03-10 04:41:44','2019-03-08 07:17:17',1,'nobody'),(439,39,39,39,39,'2018-09-19 05:24:12','2021-03-18 23:01:31',1,'all'),(440,40,40,40,40,'2015-05-21 20:30:47','2021-01-06 08:58:45',1,'nobody'),(441,41,41,41,41,'2017-07-15 18:01:17','2018-02-04 08:27:28',1,'friends'),(442,42,42,42,42,'2011-04-22 14:15:32','2012-04-07 12:57:45',1,'nobody'),(443,43,43,43,43,'2018-02-05 10:02:56','2021-03-18 23:01:31',1,'nobody'),(444,44,44,44,44,'2015-01-05 13:09:50','2020-08-06 22:30:55',1,'all'),(445,45,45,45,45,'2018-01-23 19:45:21','2021-03-18 23:01:31',1,'all'),(446,46,46,46,46,'2020-04-01 04:55:39','2021-03-18 23:01:31',1,'nobody'),(447,47,47,47,47,'2020-11-12 10:00:06','2021-03-18 23:01:31',1,'all'),(448,48,48,48,48,'2021-01-21 17:26:04','2021-03-18 23:01:31',1,'all'),(449,49,49,49,49,'2011-08-11 12:28:56','2021-03-18 23:01:31',1,'friends'),(450,50,50,50,50,'2016-10-28 07:21:59','2020-07-20 19:00:28',1,'nobody'),(451,51,1,1,1,'2012-08-16 15:13:11','2020-04-17 19:13:00',1,'all'),(452,52,2,2,2,'2016-12-16 20:47:05','2018-06-03 15:40:48',1,'nobody'),(453,53,3,3,3,'2019-09-02 21:38:35','2021-03-18 23:01:31',1,'nobody'),(454,54,4,4,4,'2016-12-05 21:08:00','2021-03-18 23:01:31',1,'friends'),(455,55,5,5,5,'2018-09-02 12:39:12','2021-03-18 23:01:31',1,'all'),(456,56,6,6,6,'2014-02-28 20:35:03','2021-03-18 23:01:31',1,'all'),(457,57,7,7,7,'2014-04-14 02:38:40','2021-03-18 23:01:31',1,'nobody'),(458,58,8,8,8,'2018-04-22 01:30:00','2021-03-18 23:01:31',1,'nobody'),(459,59,9,9,9,'2012-02-23 08:05:53','2017-11-07 07:57:07',1,'all'),(460,60,10,10,10,'2016-06-09 19:52:53','2020-12-04 21:53:50',1,'all'),(461,61,11,11,11,'2020-10-18 13:55:00','2021-03-18 23:01:31',1,'nobody'),(462,62,12,12,12,'2018-09-13 18:21:41','2021-03-18 23:01:31',1,'friends'),(463,63,13,13,13,'2021-02-14 17:41:26','2021-03-18 23:01:31',1,'nobody'),(464,64,14,14,14,'2018-08-01 16:15:17','2021-03-18 23:01:31',1,'nobody'),(465,65,15,15,15,'2018-04-07 12:31:08','2021-03-18 23:01:31',1,'nobody'),(466,66,16,16,16,'2013-01-13 23:30:42','2020-11-11 07:54:06',1,'friends'),(467,67,17,17,17,'2015-09-30 03:20:35','2020-10-25 11:35:54',1,'friends'),(468,68,18,18,18,'2018-05-27 11:40:13','2020-02-10 21:10:49',1,'nobody'),(469,69,19,19,19,'2017-10-25 10:09:32','2020-06-11 14:57:03',1,'friends'),(470,70,20,20,20,'2012-07-24 07:36:54','2019-04-18 02:53:30',1,'friends'),(471,71,21,21,21,'2014-06-21 05:10:27','2020-04-16 20:51:37',1,'all'),(472,72,22,22,22,'2011-04-29 03:47:23','2019-11-10 21:30:36',1,'nobody'),(473,73,23,23,23,'2016-11-01 09:08:34','2021-03-18 23:01:31',1,'friends'),(474,74,24,24,24,'2013-08-11 08:43:59','2021-03-18 23:01:31',1,'friends'),(475,75,25,25,25,'2018-07-19 08:05:19','2021-03-18 23:01:31',1,'nobody'),(476,76,26,26,26,'2017-05-29 03:33:45','2021-03-18 23:01:31',1,'friends'),(477,77,27,27,27,'2015-04-08 09:39:47','2016-08-14 22:46:26',1,'nobody'),(478,78,28,28,28,'2018-05-28 03:23:05','2021-03-18 23:01:31',1,'nobody'),(479,79,29,29,29,'2012-07-09 20:33:07','2014-06-03 22:01:54',1,'friends'),(480,80,30,30,30,'2019-08-05 04:05:51','2021-03-18 23:01:31',1,'friends'),(481,81,31,31,31,'2012-10-18 15:58:45','2017-06-12 10:48:59',1,'friends'),(482,82,32,32,32,'2018-02-05 22:09:38','2020-12-04 05:03:49',1,'all'),(483,83,33,33,33,'2012-07-04 17:03:47','2017-10-28 04:26:58',1,'all'),(484,84,34,34,34,'2019-09-10 22:01:25','2021-03-18 23:01:31',1,'all'),(485,85,35,35,35,'2015-12-15 03:59:18','2017-08-15 13:29:08',1,'all'),(486,86,36,36,36,'2020-08-05 14:06:22','2021-03-18 23:01:31',1,'nobody'),(487,87,37,37,37,'2011-10-15 21:33:45','2012-09-30 02:51:54',1,'all'),(488,88,38,38,38,'2020-09-25 09:12:45','2021-03-18 23:01:31',1,'all'),(489,89,39,39,39,'2017-01-06 14:27:46','2021-03-18 23:01:31',1,'nobody'),(490,90,40,40,40,'2015-04-25 11:23:19','2017-09-21 20:16:17',1,'friends'),(491,91,41,41,41,'2015-03-22 04:47:57','2021-03-18 23:01:31',1,'nobody'),(492,92,42,42,42,'2012-06-02 00:19:09','2019-02-16 12:38:48',1,'friends'),(493,93,43,43,43,'2011-05-14 18:28:17','2012-11-15 05:39:51',1,'all'),(494,94,44,44,44,'2019-11-26 19:05:42','2021-03-18 23:01:31',1,'nobody'),(495,95,45,45,45,'2013-04-21 12:42:32','2014-05-04 16:24:02',1,'nobody'),(496,96,46,46,46,'2015-09-19 16:48:16','2021-03-18 23:01:31',1,'nobody'),(497,97,47,47,47,'2018-05-29 22:07:00','2021-03-18 23:01:31',1,'all'),(498,98,48,48,48,'2013-12-19 21:18:07','2014-12-18 07:35:31',1,'all'),(499,99,49,49,49,'2013-12-02 03:10:54','2020-12-22 13:04:17',1,'nobody'),(500,100,50,50,50,'2015-12-05 18:05:07','2019-10-01 21:18:37',1,'friends');
/*!40000 ALTER TABLE `users_works` ENABLE KEYS */;
UNLOCK TABLES;

--
-- Dumping routines for database 'facebook'
--
/*!50003 DROP FUNCTION IF EXISTS `is_row_exists` */;
/*!50003 SET @saved_cs_client      = @@character_set_client */ ;
/*!50003 SET @saved_cs_results     = @@character_set_results */ ;
/*!50003 SET @saved_col_connection = @@collation_connection */ ;
/*!50003 SET character_set_client  = utf8mb4 */ ;
/*!50003 SET character_set_results = utf8mb4 */ ;
/*!50003 SET collation_connection  = utf8mb4_0900_ai_ci */ ;
/*!50003 SET @saved_sql_mode       = @@sql_mode */ ;
/*!50003 SET sql_mode              = 'STRICT_TRANS_TABLES,NO_ENGINE_SUBSTITUTION' */ ;
DELIMITER ;;
CREATE DEFINER=`root`@`localhost` FUNCTION `is_row_exists`(row_id INT, table_name VARCHAR(40)) RETURNS tinyint(1)
    READS SQL DATA
BEGIN
  CASE table_name
    WHEN 'messages' THEN
      RETURN EXISTS(SELECT 1 FROM messages WHERE id = row_id);
    WHEN 'users' THEN 
      RETURN EXISTS(SELECT 1 FROM users WHERE id = row_id);
    WHEN 'media' THEN
      RETURN EXISTS(SELECT 1 FROM media WHERE id = row_id);
    WHEN 'posts' THEN
      RETURN EXISTS(SELECT 1 FROM posts WHERE id = row_id);
    ELSE 
      RETURN FALSE;
  END CASE;
END ;;
DELIMITER ;
/*!50003 SET sql_mode              = @saved_sql_mode */ ;
/*!50003 SET character_set_client  = @saved_cs_client */ ;
/*!50003 SET character_set_results = @saved_cs_results */ ;
/*!50003 SET collation_connection  = @saved_col_connection */ ;
/*!50003 DROP PROCEDURE IF EXISTS `fill_ratings_all` */;
/*!50003 SET @saved_cs_client      = @@character_set_client */ ;
/*!50003 SET @saved_cs_results     = @@character_set_results */ ;
/*!50003 SET @saved_col_connection = @@collation_connection */ ;
/*!50003 SET character_set_client  = utf8mb4 */ ;
/*!50003 SET character_set_results = utf8mb4 */ ;
/*!50003 SET collation_connection  = utf8mb4_0900_ai_ci */ ;
/*!50003 SET @saved_sql_mode       = @@sql_mode */ ;
/*!50003 SET sql_mode              = 'STRICT_TRANS_TABLES,NO_ENGINE_SUBSTITUTION' */ ;
DELIMITER ;;
CREATE DEFINER=`root`@`localhost` PROCEDURE `fill_ratings_all`()
    COMMENT 'Процедура заполнения временной таблицы рейтингов пользователей'
BEGIN
	DECLARE user_id, done INT DEFAULT 0;
	DECLARE users_cursor CURSOR FOR SELECT id FROM users;
	DECLARE CONTINUE HANDLER FOR SQLSTATE '02000' SET done = 1;

 	DROP TABLE IF EXISTS  ratings_tmp;
	CREATE TEMPORARY TABLE ratings_tmp (user_id int, rating float);
	
	OPEN users_cursor;
REPEAT 
	FETCH users_cursor INTO user_id;
	IF NOT done THEN
		CALL get_rating_user(user_id, @rating);
		INSERT INTO ratings_tmp values (user_id, @rating);
	END IF;
UNTIL done END REPEAT;
	CLOSE users_cursor;
END ;;
DELIMITER ;
/*!50003 SET sql_mode              = @saved_sql_mode */ ;
/*!50003 SET character_set_client  = @saved_cs_client */ ;
/*!50003 SET character_set_results = @saved_cs_results */ ;
/*!50003 SET collation_connection  = @saved_col_connection */ ;
/*!50003 DROP PROCEDURE IF EXISTS `get_rating_user` */;
/*!50003 SET @saved_cs_client      = @@character_set_client */ ;
/*!50003 SET @saved_cs_results     = @@character_set_results */ ;
/*!50003 SET @saved_col_connection = @@collation_connection */ ;
/*!50003 SET character_set_client  = utf8mb4 */ ;
/*!50003 SET character_set_results = utf8mb4 */ ;
/*!50003 SET collation_connection  = utf8mb4_0900_ai_ci */ ;
/*!50003 SET @saved_sql_mode       = @@sql_mode */ ;
/*!50003 SET sql_mode              = 'STRICT_TRANS_TABLES,NO_ENGINE_SUBSTITUTION' */ ;
DELIMITER ;;
CREATE DEFINER=`root`@`localhost` PROCEDURE `get_rating_user`(IN user_id INT, OUT user_rating_out FLOAT)
    COMMENT 'Процедура вычисления рейтинга пользователя'
BEGIN
	DECLARE tab_ratio FLOAT;
	DECLARE tab_name, tab_col_name VARCHAR(130);
	DECLARE done INT DEFAULT 0;
	DECLARE ratings_cursor CURSOR FOR SELECT table_name, table_col_name, ratio FROM ratings;
	DECLARE CONTINUE HANDLER FOR SQLSTATE '02000' SET done = 1;

	OPEN ratings_cursor;
	SET user_rating_out = 0;
REPEAT 
	FETCH ratings_cursor INTO tab_name, tab_col_name, tab_ratio;
	IF NOT done THEN
	   	SET @sql = CONCAT('SELECT count(*) into @amount FROM ', tab_name, ' WHERE ', tab_col_name, ' = ', user_id, ';');
	   	PREPARE getTableSql FROM @sql;
   		EXECUTE getTableSql;
		DEALLOCATE PREPARE getTableSql;
		SET user_rating_out = user_rating_out + tab_ratio * @amount;
	END IF;
UNTIL done END REPEAT;
	CLOSE ratings_cursor;
END ;;
DELIMITER ;
/*!50003 SET sql_mode              = @saved_sql_mode */ ;
/*!50003 SET character_set_client  = @saved_cs_client */ ;
/*!50003 SET character_set_results = @saved_cs_results */ ;
/*!50003 SET collation_connection  = @saved_col_connection */ ;
/*!50003 DROP PROCEDURE IF EXISTS `insert_friendship` */;
/*!50003 SET @saved_cs_client      = @@character_set_client */ ;
/*!50003 SET @saved_cs_results     = @@character_set_results */ ;
/*!50003 SET @saved_col_connection = @@collation_connection */ ;
/*!50003 SET character_set_client  = utf8mb4 */ ;
/*!50003 SET character_set_results = utf8mb4 */ ;
/*!50003 SET collation_connection  = utf8mb4_0900_ai_ci */ ;
/*!50003 SET @saved_sql_mode       = @@sql_mode */ ;
/*!50003 SET sql_mode              = 'STRICT_TRANS_TABLES,NO_ENGINE_SUBSTITUTION' */ ;
DELIMITER ;;
CREATE DEFINER=`root`@`localhost` PROCEDURE `insert_friendship`(IN num_str INT)
BEGIN
  DECLARE v1 INT DEFAULT 1;
  DECLARE CONTINUE HANDLER FOR 1062		-- обработчик ошибки дублирования ключа, выдается ошибка MySQL 1062
  	SELECT 'duplicate keys' AS msg;
  
  WHILE v1 <= num_str DO
  	INSERT INTO friendship (user_id, friend_id, friendship_status_id) 
  	VALUES ( 
  		floor(1+rand()*100),
  		floor(1+rand()*100),
		(SELECT id FROM friendship_statuses ORDER by rand() LIMIT 1));
    SET v1 = v1 + 1;
  END WHILE;
  DELETE FROM friendship WHERE	user_id = friend_id;	-- Уберем варианты, когда user_id = friend_id
END ;;
DELIMITER ;
/*!50003 SET sql_mode              = @saved_sql_mode */ ;
/*!50003 SET character_set_client  = @saved_cs_client */ ;
/*!50003 SET character_set_results = @saved_cs_results */ ;
/*!50003 SET collation_connection  = @saved_col_connection */ ;
/*!50003 DROP PROCEDURE IF EXISTS `log_insert` */;
/*!50003 SET @saved_cs_client      = @@character_set_client */ ;
/*!50003 SET @saved_cs_results     = @@character_set_results */ ;
/*!50003 SET @saved_col_connection = @@collation_connection */ ;
/*!50003 SET character_set_client  = utf8mb4 */ ;
/*!50003 SET character_set_results = utf8mb4 */ ;
/*!50003 SET collation_connection  = utf8mb4_0900_ai_ci */ ;
/*!50003 SET @saved_sql_mode       = @@sql_mode */ ;
/*!50003 SET sql_mode              = 'STRICT_TRANS_TABLES,NO_ENGINE_SUBSTITUTION' */ ;
DELIMITER ;;
CREATE DEFINER=`root`@`localhost` PROCEDURE `log_insert`(IN name_table VARCHAR(20), IN type_operation VARCHAR(10), IN row_id BIGINT, IN description VARCHAR(255))
BEGIN
	SET @cur_user:=CURRENT_USER();
	INSERT INTO logs(`user`, type_operation, name_table, row_id, description) VALUES (@cur_user, type_operation, name_table, row_id,description);		
END ;;
DELIMITER ;
/*!50003 SET sql_mode              = @saved_sql_mode */ ;
/*!50003 SET character_set_client  = @saved_cs_client */ ;
/*!50003 SET character_set_results = @saved_cs_results */ ;
/*!50003 SET collation_connection  = @saved_col_connection */ ;
/*!50003 DROP PROCEDURE IF EXISTS `messages_move_in_arh` */;
/*!50003 SET @saved_cs_client      = @@character_set_client */ ;
/*!50003 SET @saved_cs_results     = @@character_set_results */ ;
/*!50003 SET @saved_col_connection = @@collation_connection */ ;
/*!50003 SET character_set_client  = utf8mb4 */ ;
/*!50003 SET character_set_results = utf8mb4 */ ;
/*!50003 SET collation_connection  = utf8mb4_0900_ai_ci */ ;
/*!50003 SET @saved_sql_mode       = @@sql_mode */ ;
/*!50003 SET sql_mode              = 'STRICT_TRANS_TABLES,NO_ENGINE_SUBSTITUTION' */ ;
DELIMITER ;;
CREATE DEFINER=`root`@`localhost` PROCEDURE `messages_move_in_arh`()
BEGIN
  DECLARE EXIT HANDLER FOR SQLEXCEPTION
  BEGIN
    ROLLBACK;
  END;
  START TRANSACTION;	-- старт транзакции
-- вставим в messages_arh "старые" строки из messages
	INSERT INTO messages_arh
		SELECT * FROM messages 
		WHERE id NOT IN (SELECT * FROM (SELECT id FROM messages ORDER BY created_at DESC LIMIT 100) t);
-- удалим все строки из messages, которые уже перенесли в messages_arh
	DELETE FROM messages 
		WHERE id NOT IN (SELECT * FROM (SELECT id FROM messages ORDER BY created_at DESC LIMIT 100) t);
  COMMIT;				-- закроем транзакцию
END ;;
DELIMITER ;
/*!50003 SET sql_mode              = @saved_sql_mode */ ;
/*!50003 SET character_set_client  = @saved_cs_client */ ;
/*!50003 SET character_set_results = @saved_cs_results */ ;
/*!50003 SET collation_connection  = @saved_col_connection */ ;

--
-- Final view structure for view `users_now_view`
--

/*!50001 DROP VIEW IF EXISTS `users_now_view`*/;
/*!50001 SET @saved_cs_client          = @@character_set_client */;
/*!50001 SET @saved_cs_results         = @@character_set_results */;
/*!50001 SET @saved_col_connection     = @@collation_connection */;
/*!50001 SET character_set_client      = utf8mb4 */;
/*!50001 SET character_set_results     = utf8mb4 */;
/*!50001 SET collation_connection      = utf8mb4_0900_ai_ci */;
/*!50001 CREATE ALGORITHM=UNDEFINED */
/*!50013 DEFINER=`root`@`localhost` SQL SECURITY DEFINER */
/*!50001 VIEW `users_now_view` AS select `u`.`id` AS `id`,concat(`u`.`first_name`,' ',`u`.`last_name`) AS `fio`,`p`.`birthday` AS `birthday`,`cities`.`name` AS `live_now`,`companies`.`name` AS `company_work_now`,`jp`.`name` AS `job_positions_now` from ((((((`users` `u` join `profiles` `p` on((`p`.`user_id` = `u`.`id`))) left join `cities_live` `c` on(((`c`.`user_id` = `u`.`id`) and (`c`.`type_place` = 'live_now')))) left join `cities` on((`cities`.`id` = `c`.`city_id`))) left join `users_works` `uw` on(((`uw`.`user_id` = `u`.`id`) and (`uw`.`is_work_now` = true)))) left join `companies` on((`companies`.`id` = `uw`.`company_id`))) left join `job_positions` `jp` on((`jp`.`id` = `uw`.`job_position_id`))) */;
/*!50001 SET character_set_client      = @saved_cs_client */;
/*!50001 SET character_set_results     = @saved_cs_results */;
/*!50001 SET collation_connection      = @saved_col_connection */;

--
-- Final view structure for view `users_passwords_view`
--

/*!50001 DROP VIEW IF EXISTS `users_passwords_view`*/;
/*!50001 SET @saved_cs_client          = @@character_set_client */;
/*!50001 SET @saved_cs_results         = @@character_set_results */;
/*!50001 SET @saved_col_connection     = @@collation_connection */;
/*!50001 SET character_set_client      = utf8mb4 */;
/*!50001 SET character_set_results     = utf8mb4 */;
/*!50001 SET collation_connection      = utf8mb4_0900_ai_ci */;
/*!50001 CREATE ALGORITHM=UNDEFINED */
/*!50013 DEFINER=`root`@`localhost` SQL SECURITY DEFINER */
/*!50001 VIEW `users_passwords_view` AS select concat(`u`.`first_name`,' ',`u`.`last_name`) AS `fio`,rpad(left(`p`.`password`,3),10,'*') AS `passw_mask` from (`users` `u` join `passwords` `p` on(((`u`.`id` = `p`.`user_id`) and (`p`.`is_active` = true)))) */;
/*!50001 SET character_set_client      = @saved_cs_client */;
/*!50001 SET character_set_results     = @saved_cs_results */;
/*!50001 SET collation_connection      = @saved_col_connection */;
/*!40103 SET TIME_ZONE=@OLD_TIME_ZONE */;

/*!40101 SET SQL_MODE=@OLD_SQL_MODE */;
/*!40014 SET FOREIGN_KEY_CHECKS=@OLD_FOREIGN_KEY_CHECKS */;
/*!40014 SET UNIQUE_CHECKS=@OLD_UNIQUE_CHECKS */;
/*!40101 SET CHARACTER_SET_CLIENT=@OLD_CHARACTER_SET_CLIENT */;
/*!40101 SET CHARACTER_SET_RESULTS=@OLD_CHARACTER_SET_RESULTS */;
/*!40101 SET COLLATION_CONNECTION=@OLD_COLLATION_CONNECTION */;
/*!40111 SET SQL_NOTES=@OLD_SQL_NOTES */;

-- Dump completed on 2021-03-18 23:08:31
